run,N,optimizer_seed,step,action_velocity_training_mse
N016_A_seed0,16,0,1,1.2677961587905884
N016_A_seed0,16,0,2,1.27256178855896
N016_A_seed0,16,0,3,1.2302365899085999
N016_A_seed0,16,0,4,1.107008934020996
N016_A_seed0,16,0,5,1.1902020573616028
N016_A_seed0,16,0,6,1.2065548300743103
N016_A_seed0,16,0,7,0.984215259552002
N016_A_seed0,16,0,8,1.0841176509857178
N016_A_seed0,16,0,9,1.4463609457015991
N016_A_seed0,16,0,10,1.2849665880203247
N016_A_seed0,16,0,11,1.2308093905448914
N016_A_seed0,16,0,12,1.2822184562683105
N016_A_seed0,16,0,13,1.1903863549232483
N016_A_seed0,16,0,14,1.226753294467926
N016_A_seed0,16,0,15,1.1481791138648987
N016_A_seed0,16,0,16,1.2419363260269165
N016_A_seed0,16,0,17,1.2630045413970947
N016_A_seed0,16,0,18,1.2594546675682068
N016_A_seed0,16,0,19,1.3367960453033447
N016_A_seed0,16,0,20,1.0507969856262207
N016_A_seed0,16,0,21,1.157362937927246
N016_A_seed0,16,0,22,1.2019988894462585
N016_A_seed0,16,0,23,1.0743738412857056
N016_A_seed0,16,0,24,1.1831716299057007
N016_A_seed0,16,0,25,1.1054452061653137
N016_A_seed0,16,0,26,1.234545350074768
N016_A_seed0,16,0,27,1.1833175420761108
N016_A_seed0,16,0,28,0.9885849058628082
N016_A_seed0,16,0,29,1.2086247205734253
N016_A_seed0,16,0,30,1.061403512954712
N016_A_seed0,16,0,31,1.3158434629440308
N016_A_seed0,16,0,32,1.2063791751861572
N016_A_seed0,16,0,33,1.2804389595985413
N016_A_seed0,16,0,34,1.1878693103790283
N016_A_seed0,16,0,35,1.0827507972717285
N016_A_seed0,16,0,36,1.0440240502357483
N016_A_seed0,16,0,37,1.1700018644332886
N016_A_seed0,16,0,38,1.162483811378479
N016_A_seed0,16,0,39,1.1264888644218445
N016_A_seed0,16,0,40,1.058406949043274
N016_A_seed0,16,0,41,1.1079065799713135
N016_A_seed0,16,0,42,1.159976065158844
N016_A_seed0,16,0,43,1.011432021856308
N016_A_seed0,16,0,44,1.2914255261421204
N016_A_seed0,16,0,45,1.1351549625396729
N016_A_seed0,16,0,46,1.0666300058364868
N016_A_seed0,16,0,47,1.1184422373771667
N016_A_seed0,16,0,48,1.1006147861480713
N016_A_seed0,16,0,49,1.0707864165306091
N016_A_seed0,16,0,50,1.0885734558105469
N016_A_seed0,16,0,51,1.0359669029712677
N016_A_seed0,16,0,52,1.081525444984436
N016_A_seed0,16,0,53,1.0937860012054443
N016_A_seed0,16,0,54,1.206141173839569
N016_A_seed0,16,0,55,1.0917545557022095
N016_A_seed0,16,0,56,1.1107471585273743
N016_A_seed0,16,0,57,1.1656549572944641
N016_A_seed0,16,0,58,0.995538204908371
N016_A_seed0,16,0,59,1.0136027932167053
N016_A_seed0,16,0,60,1.1289350390434265
N016_A_seed0,16,0,61,0.9926430583000183
N016_A_seed0,16,0,62,1.0421276688575745
N016_A_seed0,16,0,63,0.9037871658802032
N016_A_seed0,16,0,64,1.081371396780014
N016_A_seed0,16,0,65,1.0314531922340393
N016_A_seed0,16,0,66,0.929999977350235
N016_A_seed0,16,0,67,0.8529115319252014
N016_A_seed0,16,0,68,1.0222552120685577
N016_A_seed0,16,0,69,1.062654972076416
N016_A_seed0,16,0,70,0.9942205548286438
N016_A_seed0,16,0,71,0.9705766439437866
N016_A_seed0,16,0,72,0.8631948828697205
N016_A_seed0,16,0,73,0.8319456279277802
N016_A_seed0,16,0,74,0.8853118419647217
N016_A_seed0,16,0,75,1.066851556301117
N016_A_seed0,16,0,76,0.7307734191417694
N016_A_seed0,16,0,77,0.959855318069458
N016_A_seed0,16,0,78,0.8541155457496643
N016_A_seed0,16,0,79,0.8416465222835541
N016_A_seed0,16,0,80,0.9581663608551025
N016_A_seed0,16,0,81,0.7939207851886749
N016_A_seed0,16,0,82,0.9813715815544128
N016_A_seed0,16,0,83,0.9016839265823364
N016_A_seed0,16,0,84,0.9421616792678833
N016_A_seed0,16,0,85,0.8656337559223175
N016_A_seed0,16,0,86,0.9441693127155304
N016_A_seed0,16,0,87,0.951449990272522
N016_A_seed0,16,0,88,1.011809080839157
N016_A_seed0,16,0,89,0.6973666250705719
N016_A_seed0,16,0,90,1.085113376379013
N016_A_seed0,16,0,91,0.8559669256210327
N016_A_seed0,16,0,92,0.719985693693161
N016_A_seed0,16,0,93,0.7978382110595703
N016_A_seed0,16,0,94,0.8803786039352417
N016_A_seed0,16,0,95,0.7365764379501343
N016_A_seed0,16,0,96,0.7459535002708435
N016_A_seed0,16,0,97,0.9465726613998413
N016_A_seed0,16,0,98,0.7371185719966888
N016_A_seed0,16,0,99,1.0176141858100891
N016_A_seed0,16,0,100,0.8370060920715332
N016_A_seed0,16,0,101,0.7347322106361389
N016_A_seed0,16,0,102,0.8219133019447327
N016_A_seed0,16,0,103,0.8473947048187256
N016_A_seed0,16,0,104,0.5485881865024567
N016_A_seed0,16,0,105,0.7991095781326294
N016_A_seed0,16,0,106,0.8508881032466888
N016_A_seed0,16,0,107,0.763735294342041
N016_A_seed0,16,0,108,0.7083054482936859
N016_A_seed0,16,0,109,0.7556001245975494
N016_A_seed0,16,0,110,0.679235965013504
N016_A_seed0,16,0,111,0.685184508562088
N016_A_seed0,16,0,112,0.7962431907653809
N016_A_seed0,16,0,113,0.8179701268672943
N016_A_seed0,16,0,114,0.8114315867424011
N016_A_seed0,16,0,115,0.7999213933944702
N016_A_seed0,16,0,116,0.8307249844074249
N016_A_seed0,16,0,117,0.6418080031871796
N016_A_seed0,16,0,118,0.6345369219779968
N016_A_seed0,16,0,119,0.7452671527862549
N016_A_seed0,16,0,120,0.7612364888191223
N016_A_seed0,16,0,121,0.7301045358181
N016_A_seed0,16,0,122,0.626739114522934
N016_A_seed0,16,0,123,0.7136823832988739
N016_A_seed0,16,0,124,0.6676645874977112
N016_A_seed0,16,0,125,0.6678139865398407
N016_A_seed0,16,0,126,0.6093849241733551
N016_A_seed0,16,0,127,0.588453620672226
N016_A_seed0,16,0,128,0.49855417013168335
N016_A_seed0,16,0,129,0.772271603345871
N016_A_seed0,16,0,130,0.6974179446697235
N016_A_seed0,16,0,131,0.8305201828479767
N016_A_seed0,16,0,132,0.7320696115493774
N016_A_seed0,16,0,133,0.6030765175819397
N016_A_seed0,16,0,134,0.7233022451400757
N016_A_seed0,16,0,135,0.44435635209083557
N016_A_seed0,16,0,136,0.6417320966720581
N016_A_seed0,16,0,137,0.5410054326057434
N016_A_seed0,16,0,138,0.45315229892730713
N016_A_seed0,16,0,139,0.7474978268146515
N016_A_seed0,16,0,140,0.6673641204833984
N016_A_seed0,16,0,141,0.5175121128559113
N016_A_seed0,16,0,142,0.6182416081428528
N016_A_seed0,16,0,143,0.5908795893192291
N016_A_seed0,16,0,144,0.46162833273410797
N016_A_seed0,16,0,145,0.6641306579113007
N016_A_seed0,16,0,146,0.5737844109535217
N016_A_seed0,16,0,147,0.6875991225242615
N016_A_seed0,16,0,148,0.43107983469963074
N016_A_seed0,16,0,149,0.7608044147491455
N016_A_seed0,16,0,150,0.5670726895332336
N016_A_seed0,16,0,151,0.6664477586746216
N016_A_seed0,16,0,152,0.378024086356163
N016_A_seed0,16,0,153,0.6310392320156097
N016_A_seed0,16,0,154,0.5310524553060532
N016_A_seed0,16,0,155,0.6508755683898926
N016_A_seed0,16,0,156,0.7416015565395355
N016_A_seed0,16,0,157,0.4574839621782303
N016_A_seed0,16,0,158,0.5136701613664627
N016_A_seed0,16,0,159,0.6030440032482147
N016_A_seed0,16,0,160,0.5341006219387054
N016_A_seed0,16,0,161,0.41369009017944336
N016_A_seed0,16,0,162,0.6380538642406464
N016_A_seed0,16,0,163,0.7071624100208282
N016_A_seed0,16,0,164,0.48981961607933044
N016_A_seed0,16,0,165,0.49457941949367523
N016_A_seed0,16,0,166,0.38925445079803467
N016_A_seed0,16,0,167,0.4425690621137619
N016_A_seed0,16,0,168,0.5416311770677567
N016_A_seed0,16,0,169,0.5564765483140945
N016_A_seed0,16,0,170,0.4661013185977936
N016_A_seed0,16,0,171,0.7335184216499329
N016_A_seed0,16,0,172,0.5906730145215988
N016_A_seed0,16,0,173,0.4745091199874878
N016_A_seed0,16,0,174,0.45912881195545197
N016_A_seed0,16,0,175,0.5036281943321228
N016_A_seed0,16,0,176,0.43952521681785583
N016_A_seed0,16,0,177,0.46525685489177704
N016_A_seed0,16,0,178,0.4726375937461853
N016_A_seed0,16,0,179,0.36900897324085236
N016_A_seed0,16,0,180,0.5569575875997543
N016_A_seed0,16,0,181,0.48284776508808136
N016_A_seed0,16,0,182,0.42568813264369965
N016_A_seed0,16,0,183,0.4761170744895935
N016_A_seed0,16,0,184,0.5587704330682755
N016_A_seed0,16,0,185,0.5568891018629074
N016_A_seed0,16,0,186,0.5523693263530731
N016_A_seed0,16,0,187,0.5496257096529007
N016_A_seed0,16,0,188,0.515259400010109
N016_A_seed0,16,0,189,0.4806918501853943
N016_A_seed0,16,0,190,0.41902007162570953
N016_A_seed0,16,0,191,0.41496437788009644
N016_A_seed0,16,0,192,0.376125693321228
N016_A_seed0,16,0,193,0.45784521102905273
N016_A_seed0,16,0,194,0.545578345656395
N016_A_seed0,16,0,195,0.4767958074808121
N016_A_seed0,16,0,196,0.5736573934555054
N016_A_seed0,16,0,197,0.5009762942790985
N016_A_seed0,16,0,198,0.5335300266742706
N016_A_seed0,16,0,199,0.499586746096611
N016_A_seed0,16,0,200,0.3014758974313736
N016_A_seed0,16,0,201,0.2519797831773758
N016_A_seed0,16,0,202,0.5353746712207794
N016_A_seed0,16,0,203,0.3434080183506012
N016_A_seed0,16,0,204,0.31776319444179535
N016_A_seed0,16,0,205,0.5273846685886383
N016_A_seed0,16,0,206,0.4185134023427963
N016_A_seed0,16,0,207,0.3090941309928894
N016_A_seed0,16,0,208,0.5369468033313751
N016_A_seed0,16,0,209,0.35616861283779144
N016_A_seed0,16,0,210,0.2917529195547104
N016_A_seed0,16,0,211,0.29859090596437454
N016_A_seed0,16,0,212,0.2514105811715126
N016_A_seed0,16,0,213,0.32771067321300507
N016_A_seed0,16,0,214,0.4367772340774536
N016_A_seed0,16,0,215,0.18706845492124557
N016_A_seed0,16,0,216,0.4207685738801956
N016_A_seed0,16,0,217,0.3472396433353424
N016_A_seed0,16,0,218,0.3038695380091667
N016_A_seed0,16,0,219,0.5704334825277328
N016_A_seed0,16,0,220,0.4080746918916702
N016_A_seed0,16,0,221,0.22972317785024643
N016_A_seed0,16,0,222,0.32256530225276947
N016_A_seed0,16,0,223,0.4345172047615051
N016_A_seed0,16,0,224,0.30689962208271027
N016_A_seed0,16,0,225,0.6468872725963593
N016_A_seed0,16,0,226,0.375256285071373
N016_A_seed0,16,0,227,0.26369838416576385
N016_A_seed0,16,0,228,0.45869746804237366
N016_A_seed0,16,0,229,0.24952920526266098
N016_A_seed0,16,0,230,0.230413980782032
N016_A_seed0,16,0,231,0.1714768186211586
N016_A_seed0,16,0,232,0.37594735622406006
N016_A_seed0,16,0,233,0.44653521478176117
N016_A_seed0,16,0,234,0.304558664560318
N016_A_seed0,16,0,235,0.5121928602457047
N016_A_seed0,16,0,236,0.2610682398080826
N016_A_seed0,16,0,237,0.4350226819515228
N016_A_seed0,16,0,238,0.3479069769382477
N016_A_seed0,16,0,239,0.3939071521162987
N016_A_seed0,16,0,240,0.2939510941505432
N016_A_seed0,16,0,241,0.42727041244506836
N016_A_seed0,16,0,242,0.31965453922748566
N016_A_seed0,16,0,243,0.29941482096910477
N016_A_seed0,16,0,244,0.333920419216156
N016_A_seed0,16,0,245,0.3380618691444397
N016_A_seed0,16,0,246,0.2091062068939209
N016_A_seed0,16,0,247,0.2463325932621956
N016_A_seed0,16,0,248,0.20308518409729004
N016_A_seed0,16,0,249,0.4533887654542923
N016_A_seed0,16,0,250,0.2690627872943878
N016_A_seed0,16,0,251,0.46629074215888977
N016_A_seed0,16,0,252,0.554007351398468
N016_A_seed0,16,0,253,0.4354565739631653
N016_A_seed0,16,0,254,0.2346971556544304
N016_A_seed0,16,0,255,0.591555580496788
N016_A_seed0,16,0,256,0.42252472043037415
N016_A_seed0,16,0,257,0.26596977561712265
N016_A_seed0,16,0,258,0.3518962264060974
N016_A_seed0,16,0,259,0.2618788629770279
N016_A_seed0,16,0,260,0.259357213973999
N016_A_seed0,16,0,261,0.2658638507127762
N016_A_seed0,16,0,262,0.38593389093875885
N016_A_seed0,16,0,263,0.28307025134563446
N016_A_seed0,16,0,264,0.22319036722183228
N016_A_seed0,16,0,265,0.3294963091611862
N016_A_seed0,16,0,266,0.4342927485704422
N016_A_seed0,16,0,267,0.24785925447940826
N016_A_seed0,16,0,268,0.45766473561525345
N016_A_seed0,16,0,269,0.17150183022022247
N016_A_seed0,16,0,270,0.19087602943181992
N016_A_seed0,16,0,271,0.3695252984762192
N016_A_seed0,16,0,272,0.26309536397457123
N016_A_seed0,16,0,273,0.3085642158985138
N016_A_seed0,16,0,274,0.351134218275547
N016_A_seed0,16,0,275,0.4562760889530182
N016_A_seed0,16,0,276,0.220267154276371
N016_A_seed0,16,0,277,0.29866665601730347
N016_A_seed0,16,0,278,0.2976503074169159
N016_A_seed0,16,0,279,0.2187075987458229
N016_A_seed0,16,0,280,0.4140163064002991
N016_A_seed0,16,0,281,0.22017789632081985
N016_A_seed0,16,0,282,0.1733049899339676
N016_A_seed0,16,0,283,0.25420907139778137
N016_A_seed0,16,0,284,0.20804143697023392
N016_A_seed0,16,0,285,0.32094572484493256
N016_A_seed0,16,0,286,0.3049696832895279
N016_A_seed0,16,0,287,0.4723730832338333
N016_A_seed0,16,0,288,0.27474743127822876
N016_A_seed0,16,0,289,0.29319752752780914
N016_A_seed0,16,0,290,0.17727283388376236
N016_A_seed0,16,0,291,0.38486766070127487
N016_A_seed0,16,0,292,0.4567137658596039
N016_A_seed0,16,0,293,0.41998958587646484
N016_A_seed0,16,0,294,0.49849263578653336
N016_A_seed0,16,0,295,0.405123695731163
N016_A_seed0,16,0,296,0.23150621354579926
N016_A_seed0,16,0,297,0.4933004677295685
N016_A_seed0,16,0,298,0.1772870495915413
N016_A_seed0,16,0,299,0.48187385499477386
N016_A_seed0,16,0,300,0.6240920275449753
N016_A_seed0,16,0,301,0.19086391478776932
N016_A_seed0,16,0,302,0.26181769371032715
N016_A_seed0,16,0,303,0.2917397916316986
N016_A_seed0,16,0,304,0.39725416898727417
N016_A_seed0,16,0,305,0.2769770622253418
N016_A_seed0,16,0,306,0.4026773273944855
N016_A_seed0,16,0,307,0.5208862721920013
N016_A_seed0,16,0,308,0.30288228392601013
N016_A_seed0,16,0,309,0.22713728994131088
N016_A_seed0,16,0,310,0.5101735293865204
N016_A_seed0,16,0,311,0.3485228270292282
N016_A_seed0,16,0,312,0.2531864047050476
N016_A_seed0,16,0,313,0.5535989552736282
N016_A_seed0,16,0,314,0.3380131870508194
N016_A_seed0,16,0,315,0.14805425703525543
N016_A_seed0,16,0,316,0.3415908068418503
N016_A_seed0,16,0,317,0.2496889904141426
N016_A_seed0,16,0,318,0.3792322725057602
N016_A_seed0,16,0,319,0.41070690751075745
N016_A_seed0,16,0,320,0.28260304033756256
N016_A_seed0,16,0,321,0.4118865728378296
N016_A_seed0,16,0,322,0.2750208377838135
N016_A_seed0,16,0,323,0.3206624984741211
N016_A_seed0,16,0,324,0.36812199652194977
N016_A_seed0,16,0,325,0.29797549545764923
N016_A_seed0,16,0,326,0.4180392548441887
N016_A_seed0,16,0,327,0.29671598225831985
N016_A_seed0,16,0,328,0.20510438829660416
N016_A_seed0,16,0,329,0.18098238855600357
N016_A_seed0,16,0,330,0.38079485297203064
N016_A_seed0,16,0,331,0.24534152448177338
N016_A_seed0,16,0,332,0.2367883399128914
N016_A_seed0,16,0,333,0.2967613637447357
N016_A_seed0,16,0,334,0.22555171698331833
N016_A_seed0,16,0,335,0.2277669981122017
N016_A_seed0,16,0,336,0.31075693666934967
N016_A_seed0,16,0,337,0.3328876793384552
N016_A_seed0,16,0,338,0.3433524966239929
N016_A_seed0,16,0,339,0.2738659679889679
N016_A_seed0,16,0,340,0.14756445586681366
N016_A_seed0,16,0,341,0.4256075620651245
N016_A_seed0,16,0,342,0.25638655573129654
N016_A_seed0,16,0,343,0.1755552589893341
N016_A_seed0,16,0,344,0.4423239380121231
N016_A_seed0,16,0,345,0.22389741241931915
N016_A_seed0,16,0,346,0.2641381323337555
N016_A_seed0,16,0,347,0.1468661203980446
N016_A_seed0,16,0,348,0.26434899866580963
N016_A_seed0,16,0,349,0.18238654732704163
N016_A_seed0,16,0,350,0.35684527456760406
N016_A_seed0,16,0,351,0.2203907072544098
N016_A_seed0,16,0,352,0.4291255474090576
N016_A_seed0,16,0,353,0.21928656846284866
N016_A_seed0,16,0,354,0.1881456896662712
N016_A_seed0,16,0,355,0.21385865658521652
N016_A_seed0,16,0,356,0.36227233707904816
N016_A_seed0,16,0,357,0.24539056420326233
N016_A_seed0,16,0,358,0.4183463454246521
N016_A_seed0,16,0,359,0.2599814236164093
N016_A_seed0,16,0,360,0.1716718077659607
N016_A_seed0,16,0,361,0.3949388116598129
N016_A_seed0,16,0,362,0.21975590288639069
N016_A_seed0,16,0,363,0.17341240867972374
N016_A_seed0,16,0,364,0.16155187040567398
N016_A_seed0,16,0,365,0.4644778370857239
N016_A_seed0,16,0,366,0.3292037397623062
N016_A_seed0,16,0,367,0.2292921468615532
N016_A_seed0,16,0,368,0.28534162044525146
N016_A_seed0,16,0,369,0.4181782305240631
N016_A_seed0,16,0,370,0.29768724739551544
N016_A_seed0,16,0,371,0.2801201641559601
N016_A_seed0,16,0,372,0.21656721830368042
N016_A_seed0,16,0,373,0.22101834416389465
N016_A_seed0,16,0,374,0.22818831354379654
N016_A_seed0,16,0,375,0.12059319019317627
N016_A_seed0,16,0,376,0.29171955585479736
N016_A_seed0,16,0,377,0.46685200184583664
N016_A_seed0,16,0,378,0.2633175477385521
N016_A_seed0,16,0,379,0.24249020218849182
N016_A_seed0,16,0,380,0.343202568590641
N016_A_seed0,16,0,381,0.2598397135734558
N016_A_seed0,16,0,382,0.4108683839440346
N016_A_seed0,16,0,383,0.493835911154747
N016_A_seed0,16,0,384,0.2708355486392975
N016_A_seed0,16,0,385,0.31993964314460754
N016_A_seed0,16,0,386,0.23409035801887512
N016_A_seed0,16,0,387,0.35439181327819824
N016_A_seed0,16,0,388,0.3036186397075653
N016_A_seed0,16,0,389,0.25297190248966217
N016_A_seed0,16,0,390,0.313698947429657
N016_A_seed0,16,0,391,0.2206450030207634
N016_A_seed0,16,0,392,0.16450029611587524
N016_A_seed0,16,0,393,0.2377461940050125
N016_A_seed0,16,0,394,0.1998893767595291
N016_A_seed0,16,0,395,0.14875833690166473
N016_A_seed0,16,0,396,0.2480998933315277
N016_A_seed0,16,0,397,0.2678057551383972
N016_A_seed0,16,0,398,0.20819871872663498
N016_A_seed0,16,0,399,0.22137515246868134
N016_A_seed0,16,0,400,0.454778254032135
N016_A_seed0,16,0,401,0.14409912377595901
N016_A_seed0,16,0,402,0.18055331707000732
N016_A_seed0,16,0,403,0.20980781316757202
N016_A_seed0,16,0,404,0.5562148690223694
N016_A_seed0,16,0,405,0.2676357328891754
N016_A_seed0,16,0,406,0.2206902951002121
N016_A_seed0,16,0,407,0.27056463062763214
N016_A_seed0,16,0,408,0.24162056297063828
N016_A_seed0,16,0,409,0.26326505094766617
N016_A_seed0,16,0,410,0.28920768201351166
N016_A_seed0,16,0,411,0.2400721237063408
N016_A_seed0,16,0,412,0.3604043498635292
N016_A_seed0,16,0,413,0.19487254694104195
N016_A_seed0,16,0,414,0.35850338637828827
N016_A_seed0,16,0,415,0.2197846919298172
N016_A_seed0,16,0,416,0.2293497398495674
N016_A_seed0,16,0,417,0.22254728525877
N016_A_seed0,16,0,418,0.23549196124076843
N016_A_seed0,16,0,419,0.18416354060173035
N016_A_seed0,16,0,420,0.1977555826306343
N016_A_seed0,16,0,421,0.1697034165263176
N016_A_seed0,16,0,422,0.2706074044108391
N016_A_seed0,16,0,423,0.23127946257591248
N016_A_seed0,16,0,424,0.1856934055685997
N016_A_seed0,16,0,425,0.17909137904644012
N016_A_seed0,16,0,426,0.3391288071870804
N016_A_seed0,16,0,427,0.23559390008449554
N016_A_seed0,16,0,428,0.11202199757099152
N016_A_seed0,16,0,429,0.41486310958862305
N016_A_seed0,16,0,430,0.38353897631168365
N016_A_seed0,16,0,431,0.18405544012784958
N016_A_seed0,16,0,432,0.22843556851148605
N016_A_seed0,16,0,433,0.34429727494716644
N016_A_seed0,16,0,434,0.15465712547302246
N016_A_seed0,16,0,435,0.4355606883764267
N016_A_seed0,16,0,436,0.1630638800561428
N016_A_seed0,16,0,437,0.19857050105929375
N016_A_seed0,16,0,438,0.20057951658964157
N016_A_seed0,16,0,439,0.1800641566514969
N016_A_seed0,16,0,440,0.25913356244564056
N016_A_seed0,16,0,441,0.1240672692656517
N016_A_seed0,16,0,442,0.4093836098909378
N016_A_seed0,16,0,443,0.28587741404771805
N016_A_seed0,16,0,444,0.1894666701555252
N016_A_seed0,16,0,445,0.21313080191612244
N016_A_seed0,16,0,446,0.4545425772666931
N016_A_seed0,16,0,447,0.23541656136512756
N016_A_seed0,16,0,448,0.14978286623954773
N016_A_seed0,16,0,449,0.22303417325019836
N016_A_seed0,16,0,450,0.1751013621687889
N016_A_seed0,16,0,451,0.24978316575288773
N016_A_seed0,16,0,452,0.2844216600060463
N016_A_seed0,16,0,453,0.18206818401813507
N016_A_seed0,16,0,454,0.3358568698167801
N016_A_seed0,16,0,455,0.5115064531564713
N016_A_seed0,16,0,456,0.3311645835638046
N016_A_seed0,16,0,457,0.3267856687307358
N016_A_seed0,16,0,458,0.22539176046848297
N016_A_seed0,16,0,459,0.3301299512386322
N016_A_seed0,16,0,460,0.1936078667640686
N016_A_seed0,16,0,461,0.2543441951274872
N016_A_seed0,16,0,462,0.20130695402622223
N016_A_seed0,16,0,463,0.5389897674322128
N016_A_seed0,16,0,464,0.1703505665063858
N016_A_seed0,16,0,465,0.23894082009792328
N016_A_seed0,16,0,466,0.16407688707113266
N016_A_seed0,16,0,467,0.26869844645261765
N016_A_seed0,16,0,468,0.507402777671814
N016_A_seed0,16,0,469,0.22431080788373947
N016_A_seed0,16,0,470,0.38672935962677
N016_A_seed0,16,0,471,0.23167940229177475
N016_A_seed0,16,0,472,0.3436265289783478
N016_A_seed0,16,0,473,0.18293269723653793
N016_A_seed0,16,0,474,0.23712781071662903
N016_A_seed0,16,0,475,0.6697906851768494
N016_A_seed0,16,0,476,0.18958044797182083
N016_A_seed0,16,0,477,0.20276175439357758
N016_A_seed0,16,0,478,0.17494988441467285
N016_A_seed0,16,0,479,0.30889179557561874
N016_A_seed0,16,0,480,0.2097705528140068
N016_A_seed0,16,0,481,0.19755496829748154
N016_A_seed0,16,0,482,0.23148994147777557
N016_A_seed0,16,0,483,0.15544237941503525
N016_A_seed0,16,0,484,0.4873788058757782
N016_A_seed0,16,0,485,0.32702210545539856
N016_A_seed0,16,0,486,0.17181598395109177
N016_A_seed0,16,0,487,0.23420709371566772
N016_A_seed0,16,0,488,0.29813148081302643
N016_A_seed0,16,0,489,0.215093232691288
N016_A_seed0,16,0,490,0.559988796710968
N016_A_seed0,16,0,491,0.24386660009622574
N016_A_seed0,16,0,492,0.30671849846839905
N016_A_seed0,16,0,493,0.3190934360027313
N016_A_seed0,16,0,494,0.2839343398809433
N016_A_seed0,16,0,495,0.15795529633760452
N016_A_seed0,16,0,496,0.3159295693039894
N016_A_seed0,16,0,497,0.26128949224948883
N016_A_seed0,16,0,498,0.3087518811225891
N016_A_seed0,16,0,499,0.2803427502512932
N016_A_seed0,16,0,500,0.5105865001678467
N016_A_seed0,16,0,501,0.3841824382543564
N016_A_seed0,16,0,502,0.2187630757689476
N016_A_seed0,16,0,503,0.22134194523096085
N016_A_seed0,16,0,504,0.21255101263523102
N016_A_seed0,16,0,505,0.2580058425664902
N016_A_seed0,16,0,506,0.1314946562051773
N016_A_seed0,16,0,507,0.14243882149457932
N016_A_seed0,16,0,508,0.35387324541807175
N016_A_seed0,16,0,509,0.2149321809411049
N016_A_seed0,16,0,510,0.22840414196252823
N016_A_seed0,16,0,511,0.2644495293498039
N016_A_seed0,16,0,512,0.16008657217025757
N016_A_seed0,16,0,513,0.21077385544776917
N016_A_seed0,16,0,514,0.2900588661432266
N016_A_seed0,16,0,515,0.12391137331724167
N016_A_seed0,16,0,516,0.1828392893075943
N016_A_seed0,16,0,517,0.14347845688462257
N016_A_seed0,16,0,518,0.2285548821091652
N016_A_seed0,16,0,519,0.16551829874515533
N016_A_seed0,16,0,520,0.18874838948249817
N016_A_seed0,16,0,521,0.1849401816725731
N016_A_seed0,16,0,522,0.2808379828929901
N016_A_seed0,16,0,523,0.1967434138059616
N016_A_seed0,16,0,524,0.2732621729373932
N016_A_seed0,16,0,525,0.2962860129773617
N016_A_seed0,16,0,526,0.15440454334020615
N016_A_seed0,16,0,527,0.12312696129083633
N016_A_seed0,16,0,528,0.1503162458539009
N016_A_seed0,16,0,529,0.11381056904792786
N016_A_seed0,16,0,530,0.25907400995492935
N016_A_seed0,16,0,531,0.31255166232585907
N016_A_seed0,16,0,532,0.20215433090925217
N016_A_seed0,16,0,533,0.31039418280124664
N016_A_seed0,16,0,534,0.3136213794350624
N016_A_seed0,16,0,535,0.23020292073488235
N016_A_seed0,16,0,536,0.183528870344162
N016_A_seed0,16,0,537,0.3785945326089859
N016_A_seed0,16,0,538,0.2925415635108948
N016_A_seed0,16,0,539,0.18868422508239746
N016_A_seed0,16,0,540,0.5626205652952194
N016_A_seed0,16,0,541,0.1811232566833496
N016_A_seed0,16,0,542,0.19090279936790466
N016_A_seed0,16,0,543,0.34351059049367905
N016_A_seed0,16,0,544,0.24077577143907547
N016_A_seed0,16,0,545,0.15056590735912323
N016_A_seed0,16,0,546,0.29971668124198914
N016_A_seed0,16,0,547,0.3169635459780693
N016_A_seed0,16,0,548,0.12250546738505363
N016_A_seed0,16,0,549,0.2189924195408821
N016_A_seed0,16,0,550,0.32011157274246216
N016_A_seed0,16,0,551,0.34419411420822144
N016_A_seed0,16,0,552,0.24078819900751114
N016_A_seed0,16,0,553,0.20813143253326416
N016_A_seed0,16,0,554,0.18450072407722473
N016_A_seed0,16,0,555,0.2536219358444214
N016_A_seed0,16,0,556,0.3170444816350937
N016_A_seed0,16,0,557,0.3361184298992157
N016_A_seed0,16,0,558,0.43389059603214264
N016_A_seed0,16,0,559,0.27233728021383286
N016_A_seed0,16,0,560,0.147931519895792
N016_A_seed0,16,0,561,0.24007463455200195
N016_A_seed0,16,0,562,0.19153393059968948
N016_A_seed0,16,0,563,0.171331524848938
N016_A_seed0,16,0,564,0.13336853682994843
N016_A_seed0,16,0,565,0.15005911886692047
N016_A_seed0,16,0,566,0.2862675115466118
N016_A_seed0,16,0,567,0.16045039892196655
N016_A_seed0,16,0,568,0.28399742394685745
N016_A_seed0,16,0,569,0.1335955336689949
N016_A_seed0,16,0,570,0.15981153398752213
N016_A_seed0,16,0,571,0.27625104784965515
N016_A_seed0,16,0,572,0.27328579872846603
N016_A_seed0,16,0,573,0.1615947037935257
N016_A_seed0,16,0,574,0.1110134869813919
N016_A_seed0,16,0,575,0.292305089533329
N016_A_seed0,16,0,576,0.18283560127019882
N016_A_seed0,16,0,577,0.1417221575975418
N016_A_seed0,16,0,578,0.14298437535762787
N016_A_seed0,16,0,579,0.1828467845916748
N016_A_seed0,16,0,580,0.20970796793699265
N016_A_seed0,16,0,581,0.17461613565683365
N016_A_seed0,16,0,582,0.1221855878829956
N016_A_seed0,16,0,583,0.27859435975551605
N016_A_seed0,16,0,584,0.114055585116148
N016_A_seed0,16,0,585,0.1373017206788063
N016_A_seed0,16,0,586,0.18582536280155182
N016_A_seed0,16,0,587,0.49704794958233833
N016_A_seed0,16,0,588,0.10846192389726639
N016_A_seed0,16,0,589,0.2317398488521576
N016_A_seed0,16,0,590,0.31644967198371887
N016_A_seed0,16,0,591,0.19909392297267914
N016_A_seed0,16,0,592,0.2395043522119522
N016_A_seed0,16,0,593,0.42155903577804565
N016_A_seed0,16,0,594,0.14447636529803276
N016_A_seed0,16,0,595,0.30912088230252266
N016_A_seed0,16,0,596,0.12304696068167686
N016_A_seed0,16,0,597,0.1337328776717186
N016_A_seed0,16,0,598,0.16931065917015076
N016_A_seed0,16,0,599,0.136335089802742
N016_A_seed0,16,0,600,0.17583879083395004
N016_A_seed0,16,0,601,0.3189968019723892
N016_A_seed0,16,0,602,0.16517963260412216
N016_A_seed0,16,0,603,0.1182747483253479
N016_A_seed0,16,0,604,0.24548763036727905
N016_A_seed0,16,0,605,0.2641061171889305
N016_A_seed0,16,0,606,0.22343651950359344
N016_A_seed0,16,0,607,0.18466180562973022
N016_A_seed0,16,0,608,0.20203686505556107
N016_A_seed0,16,0,609,0.18870346993207932
N016_A_seed0,16,0,610,0.24256392568349838
N016_A_seed0,16,0,611,0.251221165060997
N016_A_seed0,16,0,612,0.1780199557542801
N016_A_seed0,16,0,613,0.15450019389390945
N016_A_seed0,16,0,614,0.18446757644414902
N016_A_seed0,16,0,615,0.2753566801548004
N016_A_seed0,16,0,616,0.19181213527917862
N016_A_seed0,16,0,617,0.22311600297689438
N016_A_seed0,16,0,618,0.14098035544157028
N016_A_seed0,16,0,619,0.47671812772750854
N016_A_seed0,16,0,620,0.1530170515179634
N016_A_seed0,16,0,621,0.2919110506772995
N016_A_seed0,16,0,622,0.3584829457104206
N016_A_seed0,16,0,623,0.21990668773651123
N016_A_seed0,16,0,624,0.28459344804286957
N016_A_seed0,16,0,625,0.3097061887383461
N016_A_seed0,16,0,626,0.23401690274477005
N016_A_seed0,16,0,627,0.2497798204421997
N016_A_seed0,16,0,628,0.15060469135642052
N016_A_seed0,16,0,629,0.32929573953151703
N016_A_seed0,16,0,630,0.16463321447372437
N016_A_seed0,16,0,631,0.32425985485315323
N016_A_seed0,16,0,632,0.3237577900290489
N016_A_seed0,16,0,633,0.11268564313650131
N016_A_seed0,16,0,634,0.15505480766296387
N016_A_seed0,16,0,635,0.10175220668315887
N016_A_seed0,16,0,636,0.12147863954305649
N016_A_seed0,16,0,637,0.16650427877902985
N016_A_seed0,16,0,638,0.1440868005156517
N016_A_seed0,16,0,639,0.20122409611940384
N016_A_seed0,16,0,640,0.3710174411535263
N016_A_seed0,16,0,641,0.21101581305265427
N016_A_seed0,16,0,642,0.5393256843090057
N016_A_seed0,16,0,643,0.12026435881853104
N016_A_seed0,16,0,644,0.33044934272766113
N016_A_seed0,16,0,645,0.1978544443845749
N016_A_seed0,16,0,646,0.2045518457889557
N016_A_seed0,16,0,647,0.1838596910238266
N016_A_seed0,16,0,648,0.194394800812006
N016_A_seed0,16,0,649,0.19415679574012756
N016_A_seed0,16,0,650,0.33794979751110077
N016_A_seed0,16,0,651,0.36979544162750244
N016_A_seed0,16,0,652,0.25262345373630524
N016_A_seed0,16,0,653,0.147732175886631
N016_A_seed0,16,0,654,0.1102285273373127
N016_A_seed0,16,0,655,0.25879622995853424
N016_A_seed0,16,0,656,0.24698980152606964
N016_A_seed0,16,0,657,0.15596284344792366
N016_A_seed0,16,0,658,0.19853682816028595
N016_A_seed0,16,0,659,0.14712295681238174
N016_A_seed0,16,0,660,0.18617237359285355
N016_A_seed0,16,0,661,0.14930930733680725
N016_A_seed0,16,0,662,0.15509957820177078
N016_A_seed0,16,0,663,0.201475627720356
N016_A_seed0,16,0,664,0.1833205670118332
N016_A_seed0,16,0,665,0.3256659060716629
N016_A_seed0,16,0,666,0.11825206130743027
N016_A_seed0,16,0,667,0.21660369634628296
N016_A_seed0,16,0,668,0.2636468783020973
N016_A_seed0,16,0,669,0.18696483969688416
N016_A_seed0,16,0,670,0.192844919860363
N016_A_seed0,16,0,671,0.21872107684612274
N016_A_seed0,16,0,672,0.1412547081708908
N016_A_seed0,16,0,673,0.18197963014245033
N016_A_seed0,16,0,674,0.16998650878667831
N016_A_seed0,16,0,675,0.5172585397958755
N016_A_seed0,16,0,676,0.14700845628976822
N016_A_seed0,16,0,677,0.27170923352241516
N016_A_seed0,16,0,678,0.18344341963529587
N016_A_seed0,16,0,679,0.424664668738842
N016_A_seed0,16,0,680,0.16092676669359207
N016_A_seed0,16,0,681,0.16824648529291153
N016_A_seed0,16,0,682,0.18956218659877777
N016_A_seed0,16,0,683,0.16576563194394112
N016_A_seed0,16,0,684,0.14613264054059982
N016_A_seed0,16,0,685,0.12544897943735123
N016_A_seed0,16,0,686,0.25803128629922867
N016_A_seed0,16,0,687,0.34360334277153015
N016_A_seed0,16,0,688,0.19068680703639984
N016_A_seed0,16,0,689,0.22819310426712036
N016_A_seed0,16,0,690,0.20204920321702957
N016_A_seed0,16,0,691,0.5659489631652832
N016_A_seed0,16,0,692,0.3317281976342201
N016_A_seed0,16,0,693,0.21554454416036606
N016_A_seed0,16,0,694,0.21269917488098145
N016_A_seed0,16,0,695,0.15554694086313248
N016_A_seed0,16,0,696,0.18274714052677155
N016_A_seed0,16,0,697,0.15842603892087936
N016_A_seed0,16,0,698,0.1616004854440689
N016_A_seed0,16,0,699,0.3254086449742317
N016_A_seed0,16,0,700,0.12093064934015274
N016_A_seed0,16,0,701,0.11504007130861282
N016_A_seed0,16,0,702,0.2278912216424942
N016_A_seed0,16,0,703,0.1833854243159294
N016_A_seed0,16,0,704,0.2571088522672653
N016_A_seed0,16,0,705,0.21899762749671936
N016_A_seed0,16,0,706,0.1775226593017578
N016_A_seed0,16,0,707,0.09740138798952103
N016_A_seed0,16,0,708,0.131312508136034
N016_A_seed0,16,0,709,0.13541900366544724
N016_A_seed0,16,0,710,0.2558775469660759
N016_A_seed0,16,0,711,0.16650060564279556
N016_A_seed0,16,0,712,0.20560456812381744
N016_A_seed0,16,0,713,0.17024007439613342
N016_A_seed0,16,0,714,0.19897055625915527
N016_A_seed0,16,0,715,0.1617196649312973
N016_A_seed0,16,0,716,0.17709410935640335
N016_A_seed0,16,0,717,0.12335491552948952
N016_A_seed0,16,0,718,0.1490183025598526
N016_A_seed0,16,0,719,0.20842592418193817
N016_A_seed0,16,0,720,0.16810553520917892
N016_A_seed0,16,0,721,0.1924142837524414
N016_A_seed0,16,0,722,0.26096397638320923
N016_A_seed0,16,0,723,0.16352059692144394
N016_A_seed0,16,0,724,0.1467660889029503
N016_A_seed0,16,0,725,0.15617312490940094
N016_A_seed0,16,0,726,0.13586381822824478
N016_A_seed0,16,0,727,0.1793082356452942
N016_A_seed0,16,0,728,0.10393951088190079
N016_A_seed0,16,0,729,0.15514646470546722
N016_A_seed0,16,0,730,0.18367768824100494
N016_A_seed0,16,0,731,0.18656489253044128
N016_A_seed0,16,0,732,0.22315577417612076
N016_A_seed0,16,0,733,0.342096745967865
N016_A_seed0,16,0,734,0.1250605247914791
N016_A_seed0,16,0,735,0.1802031546831131
N016_A_seed0,16,0,736,0.18137189000844955
N016_A_seed0,16,0,737,0.15847871080040932
N016_A_seed0,16,0,738,0.4442467987537384
N016_A_seed0,16,0,739,0.35123757272958755
N016_A_seed0,16,0,740,0.18527226895093918
N016_A_seed0,16,0,741,0.1684834510087967
N016_A_seed0,16,0,742,0.11441384628415108
N016_A_seed0,16,0,743,0.1477716751396656
N016_A_seed0,16,0,744,0.1552853137254715
N016_A_seed0,16,0,745,0.22248322516679764
N016_A_seed0,16,0,746,0.10834760963916779
N016_A_seed0,16,0,747,0.26496999710798264
N016_A_seed0,16,0,748,0.14270420372486115
N016_A_seed0,16,0,749,0.21697796881198883
N016_A_seed0,16,0,750,0.10952885076403618
N016_A_seed0,16,0,751,0.16050169616937637
N016_A_seed0,16,0,752,0.15628698468208313
N016_A_seed0,16,0,753,0.3567361980676651
N016_A_seed0,16,0,754,0.09747312217950821
N016_A_seed0,16,0,755,0.15602287650108337
N016_A_seed0,16,0,756,0.3273152559995651
N016_A_seed0,16,0,757,0.141710814088583
N016_A_seed0,16,0,758,0.19246511533856392
N016_A_seed0,16,0,759,0.12341893836855888
N016_A_seed0,16,0,760,0.12565059214830399
N016_A_seed0,16,0,761,0.19057784974575043
N016_A_seed0,16,0,762,0.15002481639385223
N016_A_seed0,16,0,763,0.18453916162252426
N016_A_seed0,16,0,764,0.14206164330244064
N016_A_seed0,16,0,765,0.18216419219970703
N016_A_seed0,16,0,766,0.24100975692272186
N016_A_seed0,16,0,767,0.15872041136026382
N016_A_seed0,16,0,768,0.17007197439670563
N016_A_seed0,16,0,769,0.1362982615828514
N016_A_seed0,16,0,770,0.14080217480659485
N016_A_seed0,16,0,771,0.3265983462333679
N016_A_seed0,16,0,772,0.10960880666971207
N016_A_seed0,16,0,773,0.10808821395039558
N016_A_seed0,16,0,774,0.15407885611057281
N016_A_seed0,16,0,775,0.13782353699207306
N016_A_seed0,16,0,776,0.21607811748981476
N016_A_seed0,16,0,777,0.1791156530380249
N016_A_seed0,16,0,778,0.14107276499271393
N016_A_seed0,16,0,779,0.18300484865903854
N016_A_seed0,16,0,780,0.11327385902404785
N016_A_seed0,16,0,781,0.14230310916900635
N016_A_seed0,16,0,782,0.13483750075101852
N016_A_seed0,16,0,783,0.13947555422782898
N016_A_seed0,16,0,784,0.18329981714487076
N016_A_seed0,16,0,785,0.12606379762291908
N016_A_seed0,16,0,786,0.22808663547039032
N016_A_seed0,16,0,787,0.13879866898059845
N016_A_seed0,16,0,788,0.17859751731157303
N016_A_seed0,16,0,789,0.15458032116293907
N016_A_seed0,16,0,790,0.20619790256023407
N016_A_seed0,16,0,791,0.2417573556303978
N016_A_seed0,16,0,792,0.15330547094345093
N016_A_seed0,16,0,793,0.12060752883553505
N016_A_seed0,16,0,794,0.10168066620826721
N016_A_seed0,16,0,795,0.34247708320617676
N016_A_seed0,16,0,796,0.17280568927526474
N016_A_seed0,16,0,797,0.15025603026151657
N016_A_seed0,16,0,798,0.13023962080478668
N016_A_seed0,16,0,799,0.13510259240865707
N016_A_seed0,16,0,800,0.09935189038515091
N016_A_seed0,16,0,801,0.15246868878602982
N016_A_seed0,16,0,802,0.19621501863002777
N016_A_seed0,16,0,803,0.08145887404680252
N016_A_seed0,16,0,804,0.12631458789110184
N016_A_seed0,16,0,805,0.16871608793735504
N016_A_seed0,16,0,806,0.14713949710130692
N016_A_seed0,16,0,807,0.0953797735273838
N016_A_seed0,16,0,808,0.18707773461937904
N016_A_seed0,16,0,809,0.25149744004011154
N016_A_seed0,16,0,810,0.14620357006788254
N016_A_seed0,16,0,811,0.1441534087061882
N016_A_seed0,16,0,812,0.16502323001623154
N016_A_seed0,16,0,813,0.17091474682092667
N016_A_seed0,16,0,814,0.13973814994096756
N016_A_seed0,16,0,815,0.08875832334160805
N016_A_seed0,16,0,816,0.11469310522079468
N016_A_seed0,16,0,817,0.07760498486459255
N016_A_seed0,16,0,818,0.10029340162873268
N016_A_seed0,16,0,819,0.12460579350590706
N016_A_seed0,16,0,820,0.13698651269078255
N016_A_seed0,16,0,821,0.10461613163352013
N016_A_seed0,16,0,822,0.19132573902606964
N016_A_seed0,16,0,823,0.1668953374028206
N016_A_seed0,16,0,824,0.1662682145833969
N016_A_seed0,16,0,825,0.07377416454255581
N016_A_seed0,16,0,826,0.1543392427265644
N016_A_seed0,16,0,827,0.13466988503932953
N016_A_seed0,16,0,828,0.09219611808657646
N016_A_seed0,16,0,829,0.2543063089251518
N016_A_seed0,16,0,830,0.08807434886693954
N016_A_seed0,16,0,831,0.1842447742819786
N016_A_seed0,16,0,832,0.2026558294892311
N016_A_seed0,16,0,833,0.1520795375108719
N016_A_seed0,16,0,834,0.11743996292352676
N016_A_seed0,16,0,835,0.1252240687608719
N016_A_seed0,16,0,836,0.12240468710660934
N016_A_seed0,16,0,837,0.09677023068070412
N016_A_seed0,16,0,838,0.1737981140613556
N016_A_seed0,16,0,839,0.10152662172913551
N016_A_seed0,16,0,840,0.20719683170318604
N016_A_seed0,16,0,841,0.11894332617521286
N016_A_seed0,16,0,842,0.10241741687059402
N016_A_seed0,16,0,843,0.21702636778354645
N016_A_seed0,16,0,844,0.20563459396362305
N016_A_seed0,16,0,845,0.15232907235622406
N016_A_seed0,16,0,846,0.12487402558326721
N016_A_seed0,16,0,847,0.11956960707902908
N016_A_seed0,16,0,848,0.10858705267310143
N016_A_seed0,16,0,849,0.11687063425779343
N016_A_seed0,16,0,850,0.12162065505981445
N016_A_seed0,16,0,851,0.12704523652791977
N016_A_seed0,16,0,852,0.19091421365737915
N016_A_seed0,16,0,853,0.16167781502008438
N016_A_seed0,16,0,854,0.27823395282030106
N016_A_seed0,16,0,855,0.144753135740757
N016_A_seed0,16,0,856,0.14066508412361145
N016_A_seed0,16,0,857,0.20558098517358303
N016_A_seed0,16,0,858,0.09321049600839615
N016_A_seed0,16,0,859,0.3094941973686218
N016_A_seed0,16,0,860,0.25538844615221024
N016_A_seed0,16,0,861,0.1751960813999176
N016_A_seed0,16,0,862,0.18378892540931702
N016_A_seed0,16,0,863,0.1844208762049675
N016_A_seed0,16,0,864,0.11119859293103218
N016_A_seed0,16,0,865,0.17880016565322876
N016_A_seed0,16,0,866,0.157295573502779
N016_A_seed0,16,0,867,0.5558297038078308
N016_A_seed0,16,0,868,0.33291110396385193
N016_A_seed0,16,0,869,0.15752510726451874
N016_A_seed0,16,0,870,0.18597539514303207
N016_A_seed0,16,0,871,0.19320004433393478
N016_A_seed0,16,0,872,0.10849438980221748
N016_A_seed0,16,0,873,0.09805051982402802
N016_A_seed0,16,0,874,0.23286300897598267
N016_A_seed0,16,0,875,0.12743859365582466
N016_A_seed0,16,0,876,0.15046856552362442
N016_A_seed0,16,0,877,0.23816826939582825
N016_A_seed0,16,0,878,0.13404306769371033
N016_A_seed0,16,0,879,0.12918448075652122
N016_A_seed0,16,0,880,0.11720409989356995
N016_A_seed0,16,0,881,0.13120906427502632
N016_A_seed0,16,0,882,0.22020404785871506
N016_A_seed0,16,0,883,0.13470253348350525
N016_A_seed0,16,0,884,0.24893487244844437
N016_A_seed0,16,0,885,0.09583289921283722
N016_A_seed0,16,0,886,0.08027589693665504
N016_A_seed0,16,0,887,0.1128898337483406
N016_A_seed0,16,0,888,0.09276202693581581
N016_A_seed0,16,0,889,0.1831919625401497
N016_A_seed0,16,0,890,0.11002178490161896
N016_A_seed0,16,0,891,0.1746438443660736
N016_A_seed0,16,0,892,0.10522979311645031
N016_A_seed0,16,0,893,0.08596798032522202
N016_A_seed0,16,0,894,0.11654382571578026
N016_A_seed0,16,0,895,0.11912000179290771
N016_A_seed0,16,0,896,0.12901241332292557
N016_A_seed0,16,0,897,0.12911654636263847
N016_A_seed0,16,0,898,0.12182379700243473
N016_A_seed0,16,0,899,0.14175353944301605
N016_A_seed0,16,0,900,0.10132136940956116
N016_A_seed0,16,0,901,0.13576622307300568
N016_A_seed0,16,0,902,0.1224527359008789
N016_A_seed0,16,0,903,0.1310463547706604
N016_A_seed0,16,0,904,0.2310296669602394
N016_A_seed0,16,0,905,0.1097179725766182
N016_A_seed0,16,0,906,0.11589117348194122
N016_A_seed0,16,0,907,0.11990415677428246
N016_A_seed0,16,0,908,0.09284905716776848
N016_A_seed0,16,0,909,0.17599718272686005
N016_A_seed0,16,0,910,0.0868336521089077
N016_A_seed0,16,0,911,0.08894514292478561
N016_A_seed0,16,0,912,0.2228398136794567
N016_A_seed0,16,0,913,0.1421743556857109
N016_A_seed0,16,0,914,0.11140498891472816
N016_A_seed0,16,0,915,0.11593952775001526
N016_A_seed0,16,0,916,0.10095289349555969
N016_A_seed0,16,0,917,0.08614527061581612
N016_A_seed0,16,0,918,0.10719062387943268
N016_A_seed0,16,0,919,0.1355615183711052
N016_A_seed0,16,0,920,0.08268165960907936
N016_A_seed0,16,0,921,0.09882359206676483
N016_A_seed0,16,0,922,0.16951154172420502
N016_A_seed0,16,0,923,0.11650717258453369
N016_A_seed0,16,0,924,0.11172663792967796
N016_A_seed0,16,0,925,0.1398797743022442
N016_A_seed0,16,0,926,0.10501250252127647
N016_A_seed0,16,0,927,0.2824975475668907
N016_A_seed0,16,0,928,0.10843821614980698
N016_A_seed0,16,0,929,0.12382439523935318
N016_A_seed0,16,0,930,0.09978331252932549
N016_A_seed0,16,0,931,0.11724907159805298
N016_A_seed0,16,0,932,0.30119071155786514
N016_A_seed0,16,0,933,0.14459063857793808
N016_A_seed0,16,0,934,0.11392178386449814
N016_A_seed0,16,0,935,0.10079321637749672
N016_A_seed0,16,0,936,0.09019234403967857
N016_A_seed0,16,0,937,0.11036800965666771
N016_A_seed0,16,0,938,0.11735188588500023
N016_A_seed0,16,0,939,0.1420038379728794
N016_A_seed0,16,0,940,0.2205728329718113
N016_A_seed0,16,0,941,0.1151466853916645
N016_A_seed0,16,0,942,0.115177221596241
N016_A_seed0,16,0,943,0.10867124423384666
N016_A_seed0,16,0,944,0.15099398791790009
N016_A_seed0,16,0,945,0.09751656651496887
N016_A_seed0,16,0,946,0.0783778540790081
N016_A_seed0,16,0,947,0.1435728669166565
N016_A_seed0,16,0,948,0.11812227219343185
N016_A_seed0,16,0,949,0.07623903267085552
N016_A_seed0,16,0,950,0.2024221047759056
N016_A_seed0,16,0,951,0.10962456837296486
N016_A_seed0,16,0,952,0.17050042003393173
N016_A_seed0,16,0,953,0.13149037212133408
N016_A_seed0,16,0,954,0.11277883499860764
N016_A_seed0,16,0,955,0.1845361664891243
N016_A_seed0,16,0,956,0.1011749617755413
N016_A_seed0,16,0,957,0.1080118678510189
N016_A_seed0,16,0,958,0.12167563289403915
N016_A_seed0,16,0,959,0.12475120276212692
N016_A_seed0,16,0,960,0.10247426852583885
N016_A_seed0,16,0,961,0.13482040166854858
N016_A_seed0,16,0,962,0.08995809778571129
N016_A_seed0,16,0,963,0.08092011511325836
N016_A_seed0,16,0,964,0.10616408288478851
N016_A_seed0,16,0,965,0.08184603415429592
N016_A_seed0,16,0,966,0.1285592019557953
N016_A_seed0,16,0,967,0.07669389620423317
N016_A_seed0,16,0,968,0.17443246394395828
N016_A_seed0,16,0,969,0.1870684251189232
N016_A_seed0,16,0,970,0.14404897764325142
N016_A_seed0,16,0,971,0.07044152170419693
N016_A_seed0,16,0,972,0.11437477916479111
N016_A_seed0,16,0,973,0.3635077103972435
N016_A_seed0,16,0,974,0.28380605950951576
N016_A_seed0,16,0,975,0.5178697109222412
N016_A_seed0,16,0,976,0.17678266018629074
N016_A_seed0,16,0,977,0.1471172794699669
N016_A_seed0,16,0,978,0.16974890232086182
N016_A_seed0,16,0,979,0.12734676897525787
N016_A_seed0,16,0,980,0.12762516736984253
N016_A_seed0,16,0,981,0.18254780769348145
N016_A_seed0,16,0,982,0.0760003998875618
N016_A_seed0,16,0,983,0.16051070019602776
N016_A_seed0,16,0,984,0.157061655074358
N016_A_seed0,16,0,985,0.12096261605620384
N016_A_seed0,16,0,986,0.15820720046758652
N016_A_seed0,16,0,987,0.13946755230426788
N016_A_seed0,16,0,988,0.13495835289359093
N016_A_seed0,16,0,989,0.11658978275954723
N016_A_seed0,16,0,990,0.07297126017510891
N016_A_seed0,16,0,991,0.07509119808673859
N016_A_seed0,16,0,992,0.13961266726255417
N016_A_seed0,16,0,993,0.08900126814842224
N016_A_seed0,16,0,994,0.3506636247038841
N016_A_seed0,16,0,995,0.09211641550064087
N016_A_seed0,16,0,996,0.1934403907507658
N016_A_seed0,16,0,997,0.1697833091020584
N016_A_seed0,16,0,998,0.09931378811597824
N016_A_seed0,16,0,999,0.08267948031425476
N016_A_seed0,16,0,1000,0.11430061608552933
N016_A_seed1,16,1,1,1.163235366344452
N016_A_seed1,16,1,2,1.3861193656921387
N016_A_seed1,16,1,3,1.0642900466918945
N016_A_seed1,16,1,4,1.3250766396522522
N016_A_seed1,16,1,5,1.1363279819488525
N016_A_seed1,16,1,6,1.4479175209999084
N016_A_seed1,16,1,7,1.3368299007415771
N016_A_seed1,16,1,8,1.2976018190383911
N016_A_seed1,16,1,9,1.1469963788986206
N016_A_seed1,16,1,10,1.3627889156341553
N016_A_seed1,16,1,11,1.1319299936294556
N016_A_seed1,16,1,12,1.1153935194015503
N016_A_seed1,16,1,13,1.1061776280403137
N016_A_seed1,16,1,14,1.1975990533828735
N016_A_seed1,16,1,15,1.2228130102157593
N016_A_seed1,16,1,16,1.1801791787147522
N016_A_seed1,16,1,17,1.0866751074790955
N016_A_seed1,16,1,18,1.2252949476242065
N016_A_seed1,16,1,19,1.1946740746498108
N016_A_seed1,16,1,20,1.2196159362792969
N016_A_seed1,16,1,21,1.1202473640441895
N016_A_seed1,16,1,22,1.46969735622406
N016_A_seed1,16,1,23,1.1071613430976868
N016_A_seed1,16,1,24,1.2519124746322632
N016_A_seed1,16,1,25,1.295119285583496
N016_A_seed1,16,1,26,0.9443745017051697
N016_A_seed1,16,1,27,1.0478294789791107
N016_A_seed1,16,1,28,1.1942930817604065
N016_A_seed1,16,1,29,1.2110488414764404
N016_A_seed1,16,1,30,1.0372830629348755
N016_A_seed1,16,1,31,1.2979100346565247
N016_A_seed1,16,1,32,1.098848819732666
N016_A_seed1,16,1,33,1.1734918355941772
N016_A_seed1,16,1,34,1.1470661759376526
N016_A_seed1,16,1,35,1.133201241493225
N016_A_seed1,16,1,36,1.0452885031700134
N016_A_seed1,16,1,37,1.1456812024116516
N016_A_seed1,16,1,38,1.2287756204605103
N016_A_seed1,16,1,39,1.244658350944519
N016_A_seed1,16,1,40,0.8870609998703003
N016_A_seed1,16,1,41,1.2186248302459717
N016_A_seed1,16,1,42,1.3558222651481628
N016_A_seed1,16,1,43,1.1722512245178223
N016_A_seed1,16,1,44,1.0704990029335022
N016_A_seed1,16,1,45,1.2923901081085205
N016_A_seed1,16,1,46,1.2798001170158386
N016_A_seed1,16,1,47,1.0708560943603516
N016_A_seed1,16,1,48,1.07949560880661
N016_A_seed1,16,1,49,1.0659036040306091
N016_A_seed1,16,1,50,1.1106151938438416
N016_A_seed1,16,1,51,1.0234301686286926
N016_A_seed1,16,1,52,1.1774113774299622
N016_A_seed1,16,1,53,1.0840506553649902
N016_A_seed1,16,1,54,1.0667974948883057
N016_A_seed1,16,1,55,1.081619918346405
N016_A_seed1,16,1,56,1.3446888327598572
N016_A_seed1,16,1,57,1.1989200115203857
N016_A_seed1,16,1,58,1.0275079607963562
N016_A_seed1,16,1,59,1.1978267431259155
N016_A_seed1,16,1,60,1.1361263990402222
N016_A_seed1,16,1,61,1.2244101762771606
N016_A_seed1,16,1,62,1.0816263854503632
N016_A_seed1,16,1,63,1.0318151116371155
N016_A_seed1,16,1,64,1.1042960286140442
N016_A_seed1,16,1,65,1.0275825262069702
N016_A_seed1,16,1,66,1.2024497389793396
N016_A_seed1,16,1,67,1.1406651735305786
N016_A_seed1,16,1,68,1.0242895781993866
N016_A_seed1,16,1,69,1.0283266603946686
N016_A_seed1,16,1,70,0.9862365126609802
N016_A_seed1,16,1,71,1.1699541807174683
N016_A_seed1,16,1,72,1.098770558834076
N016_A_seed1,16,1,73,1.1661338806152344
N016_A_seed1,16,1,74,1.1631613373756409
N016_A_seed1,16,1,75,1.1189323663711548
N016_A_seed1,16,1,76,0.9828321933746338
N016_A_seed1,16,1,77,1.172667145729065
N016_A_seed1,16,1,78,0.9319652915000916
N016_A_seed1,16,1,79,1.053968071937561
N016_A_seed1,16,1,80,1.1729849576950073
N016_A_seed1,16,1,81,1.0425207018852234
N016_A_seed1,16,1,82,0.9703239798545837
N016_A_seed1,16,1,83,0.9918065071105957
N016_A_seed1,16,1,84,1.0073604583740234
N016_A_seed1,16,1,85,1.1380805969238281
N016_A_seed1,16,1,86,1.0095528960227966
N016_A_seed1,16,1,87,0.8890812993049622
N016_A_seed1,16,1,88,1.2488062977790833
N016_A_seed1,16,1,89,0.9853686392307281
N016_A_seed1,16,1,90,1.0835098028182983
N016_A_seed1,16,1,91,0.9912192225456238
N016_A_seed1,16,1,92,0.9693130552768707
N016_A_seed1,16,1,93,0.8736101686954498
N016_A_seed1,16,1,94,0.9708480834960938
N016_A_seed1,16,1,95,1.0386967360973358
N016_A_seed1,16,1,96,1.0123791694641113
N016_A_seed1,16,1,97,0.9898279309272766
N016_A_seed1,16,1,98,0.7627559006214142
N016_A_seed1,16,1,99,0.8452449142932892
N016_A_seed1,16,1,100,0.918084055185318
N016_A_seed1,16,1,101,0.9986716508865356
N016_A_seed1,16,1,102,0.8563076555728912
N016_A_seed1,16,1,103,0.9540389478206635
N016_A_seed1,16,1,104,0.8455350697040558
N016_A_seed1,16,1,105,0.9144422113895416
N016_A_seed1,16,1,106,0.8756125569343567
N016_A_seed1,16,1,107,0.9312949180603027
N016_A_seed1,16,1,108,0.9370160102844238
N016_A_seed1,16,1,109,0.7627903819084167
N016_A_seed1,16,1,110,0.9667376279830933
N016_A_seed1,16,1,111,0.7406210005283356
N016_A_seed1,16,1,112,0.8741900324821472
N016_A_seed1,16,1,113,0.8440481424331665
N016_A_seed1,16,1,114,0.9766355752944946
N016_A_seed1,16,1,115,0.9408044517040253
N016_A_seed1,16,1,116,0.7748507857322693
N016_A_seed1,16,1,117,0.8937360644340515
N016_A_seed1,16,1,118,0.7120547294616699
N016_A_seed1,16,1,119,0.8261917531490326
N016_A_seed1,16,1,120,0.6563118398189545
N016_A_seed1,16,1,121,0.8150895833969116
N016_A_seed1,16,1,122,0.9180676341056824
N016_A_seed1,16,1,123,0.7506183981895447
N016_A_seed1,16,1,124,0.8726189732551575
N016_A_seed1,16,1,125,0.813234806060791
N016_A_seed1,16,1,126,0.697002649307251
N016_A_seed1,16,1,127,0.712406724691391
N016_A_seed1,16,1,128,0.5997061133384705
N016_A_seed1,16,1,129,0.5423354208469391
N016_A_seed1,16,1,130,0.7023687660694122
N016_A_seed1,16,1,131,0.6884261071681976
N016_A_seed1,16,1,132,0.8073910176753998
N016_A_seed1,16,1,133,0.8115901947021484
N016_A_seed1,16,1,134,0.8463311195373535
N016_A_seed1,16,1,135,0.7286979556083679
N016_A_seed1,16,1,136,0.8752269744873047
N016_A_seed1,16,1,137,0.6988715529441833
N016_A_seed1,16,1,138,0.7999912798404694
N016_A_seed1,16,1,139,0.7054470479488373
N016_A_seed1,16,1,140,0.5159082263708115
N016_A_seed1,16,1,141,0.604079395532608
N016_A_seed1,16,1,142,0.6790423691272736
N016_A_seed1,16,1,143,0.5609652549028397
N016_A_seed1,16,1,144,0.7608808279037476
N016_A_seed1,16,1,145,0.49912817776203156
N016_A_seed1,16,1,146,0.6922708749771118
N016_A_seed1,16,1,147,0.5660010576248169
N016_A_seed1,16,1,148,0.5795791894197464
N016_A_seed1,16,1,149,0.5502698421478271
N016_A_seed1,16,1,150,0.5964229106903076
N016_A_seed1,16,1,151,0.4773533195257187
N016_A_seed1,16,1,152,0.5763249397277832
N016_A_seed1,16,1,153,0.5836040377616882
N016_A_seed1,16,1,154,0.7878274321556091
N016_A_seed1,16,1,155,0.7175488173961639
N016_A_seed1,16,1,156,0.5028122216463089
N016_A_seed1,16,1,157,0.6261381208896637
N016_A_seed1,16,1,158,0.4881170839071274
N016_A_seed1,16,1,159,0.5044368952512741
N016_A_seed1,16,1,160,0.4765653610229492
N016_A_seed1,16,1,161,0.55266273021698
N016_A_seed1,16,1,162,0.6791982054710388
N016_A_seed1,16,1,163,0.6812386512756348
N016_A_seed1,16,1,164,0.5693494379520416
N016_A_seed1,16,1,165,0.5511123538017273
N016_A_seed1,16,1,166,0.4226042330265045
N016_A_seed1,16,1,167,0.6101731359958649
N016_A_seed1,16,1,168,0.34886398911476135
N016_A_seed1,16,1,169,0.6045934855937958
N016_A_seed1,16,1,170,0.5359037965536118
N016_A_seed1,16,1,171,0.5867347866296768
N016_A_seed1,16,1,172,0.5295634865760803
N016_A_seed1,16,1,173,0.7102304250001907
N016_A_seed1,16,1,174,0.6751463115215302
N016_A_seed1,16,1,175,0.3958057314157486
N016_A_seed1,16,1,176,0.7795343399047852
N016_A_seed1,16,1,177,0.46191029250621796
N016_A_seed1,16,1,178,0.5812172293663025
N016_A_seed1,16,1,179,0.40521077811717987
N016_A_seed1,16,1,180,0.7637400925159454
N016_A_seed1,16,1,181,0.3558212071657181
N016_A_seed1,16,1,182,0.48057425022125244
N016_A_seed1,16,1,183,0.6309755742549896
N016_A_seed1,16,1,184,0.4894424378871918
N016_A_seed1,16,1,185,0.4856393337249756
N016_A_seed1,16,1,186,0.4465351998806
N016_A_seed1,16,1,187,0.5199336409568787
N016_A_seed1,16,1,188,0.5544134974479675
N016_A_seed1,16,1,189,0.4896312355995178
N016_A_seed1,16,1,190,0.2649851590394974
N016_A_seed1,16,1,191,0.4171609431505203
N016_A_seed1,16,1,192,0.42500296235084534
N016_A_seed1,16,1,193,0.616090252995491
N016_A_seed1,16,1,194,0.6406643390655518
N016_A_seed1,16,1,195,0.42894743382930756
N016_A_seed1,16,1,196,0.5797383487224579
N016_A_seed1,16,1,197,0.48878213763237
N016_A_seed1,16,1,198,0.4377218335866928
N016_A_seed1,16,1,199,0.3277282118797302
N016_A_seed1,16,1,200,0.5656754374504089
N016_A_seed1,16,1,201,0.4692413806915283
N016_A_seed1,16,1,202,0.31509770452976227
N016_A_seed1,16,1,203,0.42350994050502777
N016_A_seed1,16,1,204,0.5122517347335815
N016_A_seed1,16,1,205,0.380796879529953
N016_A_seed1,16,1,206,0.42358121275901794
N016_A_seed1,16,1,207,0.30738747864961624
N016_A_seed1,16,1,208,0.3415750563144684
N016_A_seed1,16,1,209,0.41519949585199356
N016_A_seed1,16,1,210,0.6867159903049469
N016_A_seed1,16,1,211,0.3910968005657196
N016_A_seed1,16,1,212,0.6465352475643158
N016_A_seed1,16,1,213,0.4684656858444214
N016_A_seed1,16,1,214,0.6696492433547974
N016_A_seed1,16,1,215,0.5704790651798248
N016_A_seed1,16,1,216,0.3634496331214905
N016_A_seed1,16,1,217,0.3446814566850662
N016_A_seed1,16,1,218,0.5779372155666351
N016_A_seed1,16,1,219,0.43709248304367065
N016_A_seed1,16,1,220,0.44560928642749786
N016_A_seed1,16,1,221,0.41473832726478577
N016_A_seed1,16,1,222,0.33586838841438293
N016_A_seed1,16,1,223,0.3834293931722641
N016_A_seed1,16,1,224,0.3524922728538513
N016_A_seed1,16,1,225,0.3381868302822113
N016_A_seed1,16,1,226,0.3908446729183197
N016_A_seed1,16,1,227,0.4421849101781845
N016_A_seed1,16,1,228,0.26838232576847076
N016_A_seed1,16,1,229,0.33551719784736633
N016_A_seed1,16,1,230,0.3647778779268265
N016_A_seed1,16,1,231,0.35546039044857025
N016_A_seed1,16,1,232,0.4079839885234833
N016_A_seed1,16,1,233,0.28188076615333557
N016_A_seed1,16,1,234,0.26671070605516434
N016_A_seed1,16,1,235,0.38643404841423035
N016_A_seed1,16,1,236,0.41935470700263977
N016_A_seed1,16,1,237,0.48662643134593964
N016_A_seed1,16,1,238,0.39058974385261536
N016_A_seed1,16,1,239,0.5297067761421204
N016_A_seed1,16,1,240,0.36723142862319946
N016_A_seed1,16,1,241,0.47572019696235657
N016_A_seed1,16,1,242,0.6075584292411804
N016_A_seed1,16,1,243,0.4934538006782532
N016_A_seed1,16,1,244,0.4460703879594803
N016_A_seed1,16,1,245,0.30798352509737015
N016_A_seed1,16,1,246,0.3462097644805908
N016_A_seed1,16,1,247,0.3838965743780136
N016_A_seed1,16,1,248,0.2816423401236534
N016_A_seed1,16,1,249,0.29697251319885254
N016_A_seed1,16,1,250,0.2117781788110733
N016_A_seed1,16,1,251,0.4480155259370804
N016_A_seed1,16,1,252,0.30109235644340515
N016_A_seed1,16,1,253,0.41261228919029236
N016_A_seed1,16,1,254,0.434745192527771
N016_A_seed1,16,1,255,0.22663532197475433
N016_A_seed1,16,1,256,0.5170288681983948
N016_A_seed1,16,1,257,0.6792065054178238
N016_A_seed1,16,1,258,0.2697233557701111
N016_A_seed1,16,1,259,0.35619865357875824
N016_A_seed1,16,1,260,0.34853704273700714
N016_A_seed1,16,1,261,0.38444580137729645
N016_A_seed1,16,1,262,0.22375693917274475
N016_A_seed1,16,1,263,0.22715270519256592
N016_A_seed1,16,1,264,0.36459577083587646
N016_A_seed1,16,1,265,0.2887777090072632
N016_A_seed1,16,1,266,0.28713545948266983
N016_A_seed1,16,1,267,0.2048850655555725
N016_A_seed1,16,1,268,0.5100021660327911
N016_A_seed1,16,1,269,0.2915821224451065
N016_A_seed1,16,1,270,0.47652459144592285
N016_A_seed1,16,1,271,0.3099391311407089
N016_A_seed1,16,1,272,0.5929707288742065
N016_A_seed1,16,1,273,0.20442335307598114
N016_A_seed1,16,1,274,0.37667813897132874
N016_A_seed1,16,1,275,0.20764480531215668
N016_A_seed1,16,1,276,0.3073370009660721
N016_A_seed1,16,1,277,0.29541851580142975
N016_A_seed1,16,1,278,0.21449020504951477
N016_A_seed1,16,1,279,0.3355512171983719
N016_A_seed1,16,1,280,0.2823541760444641
N016_A_seed1,16,1,281,0.514069676399231
N016_A_seed1,16,1,282,0.18918785452842712
N016_A_seed1,16,1,283,0.3188329488039017
N016_A_seed1,16,1,284,0.34276682138442993
N016_A_seed1,16,1,285,0.3414754644036293
N016_A_seed1,16,1,286,0.19814364612102509
N016_A_seed1,16,1,287,0.3010701537132263
N016_A_seed1,16,1,288,0.1893063560128212
N016_A_seed1,16,1,289,0.2984372675418854
N016_A_seed1,16,1,290,0.3258502930402756
N016_A_seed1,16,1,291,0.29298489540815353
N016_A_seed1,16,1,292,0.269980251789093
N016_A_seed1,16,1,293,0.5204798728227615
N016_A_seed1,16,1,294,0.4712556004524231
N016_A_seed1,16,1,295,0.2326551005244255
N016_A_seed1,16,1,296,0.17353685200214386
N016_A_seed1,16,1,297,0.45624813437461853
N016_A_seed1,16,1,298,0.47071100771427155
N016_A_seed1,16,1,299,0.37902846932411194
N016_A_seed1,16,1,300,0.3571196347475052
N016_A_seed1,16,1,301,0.30905527621507645
N016_A_seed1,16,1,302,0.20679889619350433
N016_A_seed1,16,1,303,0.30812646448612213
N016_A_seed1,16,1,304,0.24594704806804657
N016_A_seed1,16,1,305,0.3396068811416626
N016_A_seed1,16,1,306,0.3295944929122925
N016_A_seed1,16,1,307,0.39060430228710175
N016_A_seed1,16,1,308,0.193231038749218
N016_A_seed1,16,1,309,0.31418704986572266
N016_A_seed1,16,1,310,0.27236300706863403
N016_A_seed1,16,1,311,0.3944094255566597
N016_A_seed1,16,1,312,0.2984645217657089
N016_A_seed1,16,1,313,0.31070809811353683
N016_A_seed1,16,1,314,0.3047967106103897
N016_A_seed1,16,1,315,0.42283597588539124
N016_A_seed1,16,1,316,0.18338395282626152
N016_A_seed1,16,1,317,0.17998795211315155
N016_A_seed1,16,1,318,0.38244759291410446
N016_A_seed1,16,1,319,0.2856557071208954
N016_A_seed1,16,1,320,0.29407839477062225
N016_A_seed1,16,1,321,0.4353897422552109
N016_A_seed1,16,1,322,0.46122191846370697
N016_A_seed1,16,1,323,0.2785673141479492
N016_A_seed1,16,1,324,0.3830975890159607
N016_A_seed1,16,1,325,0.22675543278455734
N016_A_seed1,16,1,326,0.2625963091850281
N016_A_seed1,16,1,327,0.18969078361988068
N016_A_seed1,16,1,328,0.2587819844484329
N016_A_seed1,16,1,329,0.23348399996757507
N016_A_seed1,16,1,330,0.29822172224521637
N016_A_seed1,16,1,331,0.27257829904556274
N016_A_seed1,16,1,332,0.612724781036377
N016_A_seed1,16,1,333,0.2738672122359276
N016_A_seed1,16,1,334,0.20120014250278473
N016_A_seed1,16,1,335,0.3743952661752701
N016_A_seed1,16,1,336,0.3673398494720459
N016_A_seed1,16,1,337,0.35403721779584885
N016_A_seed1,16,1,338,0.24171163141727448
N016_A_seed1,16,1,339,0.4178480952978134
N016_A_seed1,16,1,340,0.35241463780403137
N016_A_seed1,16,1,341,0.22940002381801605
N016_A_seed1,16,1,342,0.45700977742671967
N016_A_seed1,16,1,343,0.31632111966609955
N016_A_seed1,16,1,344,0.20118658244609833
N016_A_seed1,16,1,345,0.25348223000764847
N016_A_seed1,16,1,346,0.3675139248371124
N016_A_seed1,16,1,347,0.5520486235618591
N016_A_seed1,16,1,348,0.3741510808467865
N016_A_seed1,16,1,349,0.45252053439617157
N016_A_seed1,16,1,350,0.326672300696373
N016_A_seed1,16,1,351,0.36729753017425537
N016_A_seed1,16,1,352,0.24578464031219482
N016_A_seed1,16,1,353,0.21701648831367493
N016_A_seed1,16,1,354,0.3473619520664215
N016_A_seed1,16,1,355,0.247386634349823
N016_A_seed1,16,1,356,0.210881058126688
N016_A_seed1,16,1,357,0.4617769867181778
N016_A_seed1,16,1,358,0.21778042614459991
N016_A_seed1,16,1,359,0.380313903093338
N016_A_seed1,16,1,360,0.2451997846364975
N016_A_seed1,16,1,361,0.25496111810207367
N016_A_seed1,16,1,362,0.32812434434890747
N016_A_seed1,16,1,363,0.1941727101802826
N016_A_seed1,16,1,364,0.17165939509868622
N016_A_seed1,16,1,365,0.3223682940006256
N016_A_seed1,16,1,366,0.5969637781381607
N016_A_seed1,16,1,367,0.11852648854255676
N016_A_seed1,16,1,368,0.5806394815444946
N016_A_seed1,16,1,369,0.2836964875459671
N016_A_seed1,16,1,370,0.18966230750083923
N016_A_seed1,16,1,371,0.3253600597381592
N016_A_seed1,16,1,372,0.2298877313733101
N016_A_seed1,16,1,373,0.13214123994112015
N016_A_seed1,16,1,374,0.1967659592628479
N016_A_seed1,16,1,375,0.3945203572511673
N016_A_seed1,16,1,376,0.25533348321914673
N016_A_seed1,16,1,377,0.2333936169743538
N016_A_seed1,16,1,378,0.36125385016202927
N016_A_seed1,16,1,379,0.16475827991962433
N016_A_seed1,16,1,380,0.23450233787298203
N016_A_seed1,16,1,381,0.39294539391994476
N016_A_seed1,16,1,382,0.18732258677482605
N016_A_seed1,16,1,383,0.4498326778411865
N016_A_seed1,16,1,384,0.24468518793582916
N016_A_seed1,16,1,385,0.30588945746421814
N016_A_seed1,16,1,386,0.1796339675784111
N016_A_seed1,16,1,387,0.2361198514699936
N016_A_seed1,16,1,388,0.21827131509780884
N016_A_seed1,16,1,389,0.21198967099189758
N016_A_seed1,16,1,390,0.22445864975452423
N016_A_seed1,16,1,391,0.27537791430950165
N016_A_seed1,16,1,392,0.35099391639232635
N016_A_seed1,16,1,393,0.25248856097459793
N016_A_seed1,16,1,394,0.2224092334508896
N016_A_seed1,16,1,395,0.25866906344890594
N016_A_seed1,16,1,396,0.16210900992155075
N016_A_seed1,16,1,397,0.2725531831383705
N016_A_seed1,16,1,398,0.16999312490224838
N016_A_seed1,16,1,399,0.19701102375984192
N016_A_seed1,16,1,400,0.415230467915535
N016_A_seed1,16,1,401,0.17245285958051682
N016_A_seed1,16,1,402,0.19348067045211792
N016_A_seed1,16,1,403,0.33646466583013535
N016_A_seed1,16,1,404,0.17628099769353867
N016_A_seed1,16,1,405,0.22241203486919403
N016_A_seed1,16,1,406,0.2629706934094429
N016_A_seed1,16,1,407,0.1722165122628212
N016_A_seed1,16,1,408,0.34145940840244293
N016_A_seed1,16,1,409,0.24573329836130142
N016_A_seed1,16,1,410,0.289019837975502
N016_A_seed1,16,1,411,0.28418678790330887
N016_A_seed1,16,1,412,0.3991360068321228
N016_A_seed1,16,1,413,0.3349139243364334
N016_A_seed1,16,1,414,0.44507337361574173
N016_A_seed1,16,1,415,0.23022525012493134
N016_A_seed1,16,1,416,0.24292513728141785
N016_A_seed1,16,1,417,0.25175391137599945
N016_A_seed1,16,1,418,0.26225093752145767
N016_A_seed1,16,1,419,0.33201684057712555
N016_A_seed1,16,1,420,0.27458805590867996
N016_A_seed1,16,1,421,0.20131542533636093
N016_A_seed1,16,1,422,0.17507430911064148
N016_A_seed1,16,1,423,0.15793345123529434
N016_A_seed1,16,1,424,0.26535651087760925
N016_A_seed1,16,1,425,0.1868373602628708
N016_A_seed1,16,1,426,0.2244836762547493
N016_A_seed1,16,1,427,0.2292017936706543
N016_A_seed1,16,1,428,0.258534774184227
N016_A_seed1,16,1,429,0.2487211972475052
N016_A_seed1,16,1,430,0.3040918931365013
N016_A_seed1,16,1,431,0.27147382497787476
N016_A_seed1,16,1,432,0.3253816217184067
N016_A_seed1,16,1,433,0.46942223608493805
N016_A_seed1,16,1,434,0.3742079548537731
N016_A_seed1,16,1,435,0.2487378865480423
N016_A_seed1,16,1,436,0.2052132561802864
N016_A_seed1,16,1,437,0.22049354016780853
N016_A_seed1,16,1,438,0.2638584300875664
N016_A_seed1,16,1,439,0.3377921134233475
N016_A_seed1,16,1,440,0.2791648507118225
N016_A_seed1,16,1,441,0.3598640710115433
N016_A_seed1,16,1,442,0.49912506341934204
N016_A_seed1,16,1,443,0.30194005370140076
N016_A_seed1,16,1,444,0.33126111328601837
N016_A_seed1,16,1,445,0.2540188282728195
N016_A_seed1,16,1,446,0.381753608584404
N016_A_seed1,16,1,447,0.4926217198371887
N016_A_seed1,16,1,448,0.30082129687070847
N016_A_seed1,16,1,449,0.27968810498714447
N016_A_seed1,16,1,450,0.28576210886240005
N016_A_seed1,16,1,451,0.403460368514061
N016_A_seed1,16,1,452,0.20010381937026978
N016_A_seed1,16,1,453,0.4061209559440613
N016_A_seed1,16,1,454,0.303425595164299
N016_A_seed1,16,1,455,0.1657545045018196
N016_A_seed1,16,1,456,0.35888196527957916
N016_A_seed1,16,1,457,0.31637337803840637
N016_A_seed1,16,1,458,0.3065892904996872
N016_A_seed1,16,1,459,0.34515413641929626
N016_A_seed1,16,1,460,0.19224639236927032
N016_A_seed1,16,1,461,0.3065863102674484
N016_A_seed1,16,1,462,0.24161019921302795
N016_A_seed1,16,1,463,0.4375895857810974
N016_A_seed1,16,1,464,0.23077598214149475
N016_A_seed1,16,1,465,0.1676665097475052
N016_A_seed1,16,1,466,0.17573083192110062
N016_A_seed1,16,1,467,0.13822448253631592
N016_A_seed1,16,1,468,0.38729290664196014
N016_A_seed1,16,1,469,0.2585204392671585
N016_A_seed1,16,1,470,0.13231346011161804
N016_A_seed1,16,1,471,0.25691261887550354
N016_A_seed1,16,1,472,0.30815349519252777
N016_A_seed1,16,1,473,0.36342205107212067
N016_A_seed1,16,1,474,0.20001117885112762
N016_A_seed1,16,1,475,0.3497733026742935
N016_A_seed1,16,1,476,0.20260632783174515
N016_A_seed1,16,1,477,0.35762061923742294
N016_A_seed1,16,1,478,0.20787567645311356
N016_A_seed1,16,1,479,0.27720876038074493
N016_A_seed1,16,1,480,0.25544870644807816
N016_A_seed1,16,1,481,0.2696361467242241
N016_A_seed1,16,1,482,0.30367250740528107
N016_A_seed1,16,1,483,0.3029673472046852
N016_A_seed1,16,1,484,0.3751460909843445
N016_A_seed1,16,1,485,0.2830795496702194
N016_A_seed1,16,1,486,0.45481783896684647
N016_A_seed1,16,1,487,0.26698343455791473
N016_A_seed1,16,1,488,0.3328937739133835
N016_A_seed1,16,1,489,0.36716823279857635
N016_A_seed1,16,1,490,0.140468530356884
N016_A_seed1,16,1,491,0.20002342760562897
N016_A_seed1,16,1,492,0.2951904311776161
N016_A_seed1,16,1,493,0.1839509680867195
N016_A_seed1,16,1,494,0.274310901761055
N016_A_seed1,16,1,495,0.4841463342308998
N016_A_seed1,16,1,496,0.24397914111614227
N016_A_seed1,16,1,497,0.20233018696308136
N016_A_seed1,16,1,498,0.3942798674106598
N016_A_seed1,16,1,499,0.24079377949237823
N016_A_seed1,16,1,500,0.21244727075099945
N016_A_seed1,16,1,501,0.20811107009649277
N016_A_seed1,16,1,502,0.2592599391937256
N016_A_seed1,16,1,503,0.3647353798151016
N016_A_seed1,16,1,504,0.36947186291217804
N016_A_seed1,16,1,505,0.1942778080701828
N016_A_seed1,16,1,506,0.23110632598400116
N016_A_seed1,16,1,507,0.26810595393180847
N016_A_seed1,16,1,508,0.21134045720100403
N016_A_seed1,16,1,509,0.3435567170381546
N016_A_seed1,16,1,510,0.22607187181711197
N016_A_seed1,16,1,511,0.15936972945928574
N016_A_seed1,16,1,512,0.1726345270872116
N016_A_seed1,16,1,513,0.1450796276330948
N016_A_seed1,16,1,514,0.24781757593154907
N016_A_seed1,16,1,515,0.25316812843084335
N016_A_seed1,16,1,516,0.44539371132850647
N016_A_seed1,16,1,517,0.23956192284822464
N016_A_seed1,16,1,518,0.1517932005226612
N016_A_seed1,16,1,519,0.3840782195329666
N016_A_seed1,16,1,520,0.3489415943622589
N016_A_seed1,16,1,521,0.26505137979984283
N016_A_seed1,16,1,522,0.2370935156941414
N016_A_seed1,16,1,523,0.21146822720766068
N016_A_seed1,16,1,524,0.12408518046140671
N016_A_seed1,16,1,525,0.18712536245584488
N016_A_seed1,16,1,526,0.2045668065547943
N016_A_seed1,16,1,527,0.19082492589950562
N016_A_seed1,16,1,528,0.19976523518562317
N016_A_seed1,16,1,529,0.4386189132928848
N016_A_seed1,16,1,530,0.40507015585899353
N016_A_seed1,16,1,531,0.39043503999710083
N016_A_seed1,16,1,532,0.1723242923617363
N016_A_seed1,16,1,533,0.18380585312843323
N016_A_seed1,16,1,534,0.35945357382297516
N016_A_seed1,16,1,535,0.215279221534729
N016_A_seed1,16,1,536,0.22257787734270096
N016_A_seed1,16,1,537,0.18488886952400208
N016_A_seed1,16,1,538,0.2785663455724716
N016_A_seed1,16,1,539,0.2864716574549675
N016_A_seed1,16,1,540,0.3584729731082916
N016_A_seed1,16,1,541,0.28875337541103363
N016_A_seed1,16,1,542,0.17154615372419357
N016_A_seed1,16,1,543,0.15355072915554047
N016_A_seed1,16,1,544,0.38456517457962036
N016_A_seed1,16,1,545,0.25411127507686615
N016_A_seed1,16,1,546,0.3242267519235611
N016_A_seed1,16,1,547,0.18087875097990036
N016_A_seed1,16,1,548,0.446800172328949
N016_A_seed1,16,1,549,0.1702222004532814
N016_A_seed1,16,1,550,0.15532251447439194
N016_A_seed1,16,1,551,0.161940336227417
N016_A_seed1,16,1,552,0.27539412677288055
N016_A_seed1,16,1,553,0.24317273497581482
N016_A_seed1,16,1,554,0.15730859711766243
N016_A_seed1,16,1,555,0.24047242105007172
N016_A_seed1,16,1,556,0.2775731682777405
N016_A_seed1,16,1,557,0.23126445710659027
N016_A_seed1,16,1,558,0.2596997618675232
N016_A_seed1,16,1,559,0.28708332777023315
N016_A_seed1,16,1,560,0.20406311750411987
N016_A_seed1,16,1,561,0.24501513689756393
N016_A_seed1,16,1,562,0.3104151710867882
N016_A_seed1,16,1,563,0.37776821851730347
N016_A_seed1,16,1,564,0.12914899736642838
N016_A_seed1,16,1,565,0.15177980437874794
N016_A_seed1,16,1,566,0.17692452669143677
N016_A_seed1,16,1,567,0.1463489755988121
N016_A_seed1,16,1,568,0.2825584411621094
N016_A_seed1,16,1,569,0.3020566925406456
N016_A_seed1,16,1,570,0.14489052444696426
N016_A_seed1,16,1,571,0.2380877286195755
N016_A_seed1,16,1,572,0.09180177003145218
N016_A_seed1,16,1,573,0.22005781531333923
N016_A_seed1,16,1,574,0.23524519056081772
N016_A_seed1,16,1,575,0.11567313969135284
N016_A_seed1,16,1,576,0.22343861311674118
N016_A_seed1,16,1,577,0.18294163048267365
N016_A_seed1,16,1,578,0.2671467438340187
N016_A_seed1,16,1,579,0.19582901895046234
N016_A_seed1,16,1,580,0.3419947177171707
N016_A_seed1,16,1,581,0.4611707106232643
N016_A_seed1,16,1,582,0.22064155340194702
N016_A_seed1,16,1,583,0.19123103842139244
N016_A_seed1,16,1,584,0.2415034994482994
N016_A_seed1,16,1,585,0.22935989499092102
N016_A_seed1,16,1,586,0.22040711343288422
N016_A_seed1,16,1,587,0.21203898638486862
N016_A_seed1,16,1,588,0.33556151390075684
N016_A_seed1,16,1,589,0.22235877811908722
N016_A_seed1,16,1,590,0.30370786786079407
N016_A_seed1,16,1,591,0.19832463562488556
N016_A_seed1,16,1,592,0.2682240903377533
N016_A_seed1,16,1,593,0.14762676507234573
N016_A_seed1,16,1,594,0.3399782180786133
N016_A_seed1,16,1,595,0.15297754108905792
N016_A_seed1,16,1,596,0.37383364140987396
N016_A_seed1,16,1,597,0.2713059112429619
N016_A_seed1,16,1,598,0.18542636185884476
N016_A_seed1,16,1,599,0.2152433544397354
N016_A_seed1,16,1,600,0.4037400260567665
N016_A_seed1,16,1,601,0.20947566628456116
N016_A_seed1,16,1,602,0.1894066035747528
N016_A_seed1,16,1,603,0.14684497565031052
N016_A_seed1,16,1,604,0.20558740198612213
N016_A_seed1,16,1,605,0.15804196149110794
N016_A_seed1,16,1,606,0.13569968193769455
N016_A_seed1,16,1,607,0.11804688721895218
N016_A_seed1,16,1,608,0.4351865351200104
N016_A_seed1,16,1,609,0.20169276744127274
N016_A_seed1,16,1,610,0.2778656408190727
N016_A_seed1,16,1,611,0.16743087768554688
N016_A_seed1,16,1,612,0.15532737225294113
N016_A_seed1,16,1,613,0.3267381265759468
N016_A_seed1,16,1,614,0.3015172928571701
N016_A_seed1,16,1,615,0.15309815108776093
N016_A_seed1,16,1,616,0.17959249019622803
N016_A_seed1,16,1,617,0.14066167175769806
N016_A_seed1,16,1,618,0.24819344282150269
N016_A_seed1,16,1,619,0.16910552978515625
N016_A_seed1,16,1,620,0.29834792017936707
N016_A_seed1,16,1,621,0.1658780872821808
N016_A_seed1,16,1,622,0.14357731491327286
N016_A_seed1,16,1,623,0.18830633163452148
N016_A_seed1,16,1,624,0.13737773522734642
N016_A_seed1,16,1,625,0.20192933082580566
N016_A_seed1,16,1,626,0.25102899968624115
N016_A_seed1,16,1,627,0.1627112179994583
N016_A_seed1,16,1,628,0.19278183579444885
N016_A_seed1,16,1,629,0.12755367904901505
N016_A_seed1,16,1,630,0.27541887760162354
N016_A_seed1,16,1,631,0.40505795180797577
N016_A_seed1,16,1,632,0.16148633509874344
N016_A_seed1,16,1,633,0.20326516777276993
N016_A_seed1,16,1,634,0.49477551877498627
N016_A_seed1,16,1,635,0.3014294505119324
N016_A_seed1,16,1,636,0.2383767068386078
N016_A_seed1,16,1,637,0.21497449278831482
N016_A_seed1,16,1,638,0.18271546810865402
N016_A_seed1,16,1,639,0.14652344584465027
N016_A_seed1,16,1,640,0.5853707641363144
N016_A_seed1,16,1,641,0.14185678958892822
N016_A_seed1,16,1,642,0.189507395029068
N016_A_seed1,16,1,643,0.2533191293478012
N016_A_seed1,16,1,644,0.18745627999305725
N016_A_seed1,16,1,645,0.1117715835571289
N016_A_seed1,16,1,646,0.20230023562908173
N016_A_seed1,16,1,647,0.2070000320672989
N016_A_seed1,16,1,648,0.1756451055407524
N016_A_seed1,16,1,649,0.13119161874055862
N016_A_seed1,16,1,650,0.14339251071214676
N016_A_seed1,16,1,651,0.22643747180700302
N016_A_seed1,16,1,652,0.24843864142894745
N016_A_seed1,16,1,653,0.15166115015745163
N016_A_seed1,16,1,654,0.31392404437065125
N016_A_seed1,16,1,655,0.1914462298154831
N016_A_seed1,16,1,656,0.22949574887752533
N016_A_seed1,16,1,657,0.2852155566215515
N016_A_seed1,16,1,658,0.22995392978191376
N016_A_seed1,16,1,659,0.31669773161411285
N016_A_seed1,16,1,660,0.14925308525562286
N016_A_seed1,16,1,661,0.14223649352788925
N016_A_seed1,16,1,662,0.1320689246058464
N016_A_seed1,16,1,663,0.40010032057762146
N016_A_seed1,16,1,664,0.132630817592144
N016_A_seed1,16,1,665,0.17172156274318695
N016_A_seed1,16,1,666,0.13604110851883888
N016_A_seed1,16,1,667,0.22214528918266296
N016_A_seed1,16,1,668,0.16141394525766373
N016_A_seed1,16,1,669,0.150710329413414
N016_A_seed1,16,1,670,0.4407070651650429
N016_A_seed1,16,1,671,0.09238321334123611
N016_A_seed1,16,1,672,0.14689093083143234
N016_A_seed1,16,1,673,0.19687484949827194
N016_A_seed1,16,1,674,0.29089218378067017
N016_A_seed1,16,1,675,0.10337379574775696
N016_A_seed1,16,1,676,0.2715793177485466
N016_A_seed1,16,1,677,0.2737359553575516
N016_A_seed1,16,1,678,0.26477479189634323
N016_A_seed1,16,1,679,0.19962212443351746
N016_A_seed1,16,1,680,0.17531538754701614
N016_A_seed1,16,1,681,0.13832632079720497
N016_A_seed1,16,1,682,0.2099228799343109
N016_A_seed1,16,1,683,0.20492051541805267
N016_A_seed1,16,1,684,0.14025742560625076
N016_A_seed1,16,1,685,0.11751512810587883
N016_A_seed1,16,1,686,0.2011541724205017
N016_A_seed1,16,1,687,0.15999344736337662
N016_A_seed1,16,1,688,0.2198490872979164
N016_A_seed1,16,1,689,0.5081821531057358
N016_A_seed1,16,1,690,0.3947659879922867
N016_A_seed1,16,1,691,0.2714512348175049
N016_A_seed1,16,1,692,0.22202211618423462
N016_A_seed1,16,1,693,0.21283584460616112
N016_A_seed1,16,1,694,0.10450147837400436
N016_A_seed1,16,1,695,0.26306121051311493
N016_A_seed1,16,1,696,0.27686817198991776
N016_A_seed1,16,1,697,0.3409833461046219
N016_A_seed1,16,1,698,0.2528872862458229
N016_A_seed1,16,1,699,0.20929738879203796
N016_A_seed1,16,1,700,0.13316220045089722
N016_A_seed1,16,1,701,0.12203117460012436
N016_A_seed1,16,1,702,0.11371827498078346
N016_A_seed1,16,1,703,0.2260906845331192
N016_A_seed1,16,1,704,0.2573706656694412
N016_A_seed1,16,1,705,0.2992360591888428
N016_A_seed1,16,1,706,0.20362594723701477
N016_A_seed1,16,1,707,0.18154924362897873
N016_A_seed1,16,1,708,0.22791863977909088
N016_A_seed1,16,1,709,0.38687126338481903
N016_A_seed1,16,1,710,0.1741585060954094
N016_A_seed1,16,1,711,0.16027400642633438
N016_A_seed1,16,1,712,0.18765227496623993
N016_A_seed1,16,1,713,0.14327047765254974
N016_A_seed1,16,1,714,0.17338871955871582
N016_A_seed1,16,1,715,0.1796276494860649
N016_A_seed1,16,1,716,0.3762955367565155
N016_A_seed1,16,1,717,0.13443833962082863
N016_A_seed1,16,1,718,0.3165586143732071
N016_A_seed1,16,1,719,0.36411336064338684
N016_A_seed1,16,1,720,0.20320061221718788
N016_A_seed1,16,1,721,0.21328917145729065
N016_A_seed1,16,1,722,0.20997753739356995
N016_A_seed1,16,1,723,0.2017054706811905
N016_A_seed1,16,1,724,0.3108525723218918
N016_A_seed1,16,1,725,0.27503394335508347
N016_A_seed1,16,1,726,0.2850835770368576
N016_A_seed1,16,1,727,0.25133393704891205
N016_A_seed1,16,1,728,0.1834837645292282
N016_A_seed1,16,1,729,0.13803905993700027
N016_A_seed1,16,1,730,0.11956603825092316
N016_A_seed1,16,1,731,0.14131908118724823
N016_A_seed1,16,1,732,0.24905642867088318
N016_A_seed1,16,1,733,0.1560429334640503
N016_A_seed1,16,1,734,0.27814219146966934
N016_A_seed1,16,1,735,0.20715392380952835
N016_A_seed1,16,1,736,0.2295290231704712
N016_A_seed1,16,1,737,0.31138262897729874
N016_A_seed1,16,1,738,0.15126315131783485
N016_A_seed1,16,1,739,0.21408197283744812
N016_A_seed1,16,1,740,0.18440470099449158
N016_A_seed1,16,1,741,0.12115686386823654
N016_A_seed1,16,1,742,0.17108771950006485
N016_A_seed1,16,1,743,0.21763888001441956
N016_A_seed1,16,1,744,0.14344102144241333
N016_A_seed1,16,1,745,0.1431572288274765
N016_A_seed1,16,1,746,0.3440013974905014
N016_A_seed1,16,1,747,0.16849638521671295
N016_A_seed1,16,1,748,0.1280067041516304
N016_A_seed1,16,1,749,0.2006779909133911
N016_A_seed1,16,1,750,0.19325700402259827
N016_A_seed1,16,1,751,0.19644010812044144
N016_A_seed1,16,1,752,0.41375547647476196
N016_A_seed1,16,1,753,0.21035060286521912
N016_A_seed1,16,1,754,0.2582189366221428
N016_A_seed1,16,1,755,0.1818399578332901
N016_A_seed1,16,1,756,0.2120857536792755
N016_A_seed1,16,1,757,0.18005302548408508
N016_A_seed1,16,1,758,0.13964471220970154
N016_A_seed1,16,1,759,0.10304346680641174
N016_A_seed1,16,1,760,0.1574074998497963
N016_A_seed1,16,1,761,0.13122417777776718
N016_A_seed1,16,1,762,0.22597160935401917
N016_A_seed1,16,1,763,0.13309508562088013
N016_A_seed1,16,1,764,0.25276435911655426
N016_A_seed1,16,1,765,0.477465957403183
N016_A_seed1,16,1,766,0.20543839782476425
N016_A_seed1,16,1,767,0.17959600687026978
N016_A_seed1,16,1,768,0.1962278001010418
N016_A_seed1,16,1,769,0.15835654735565186
N016_A_seed1,16,1,770,0.16596950963139534
N016_A_seed1,16,1,771,0.1515502631664276
N016_A_seed1,16,1,772,0.13375944271683693
N016_A_seed1,16,1,773,0.26742061972618103
N016_A_seed1,16,1,774,0.19370023161172867
N016_A_seed1,16,1,775,0.24005399644374847
N016_A_seed1,16,1,776,0.1560160145163536
N016_A_seed1,16,1,777,0.2750503271818161
N016_A_seed1,16,1,778,0.24496714025735855
N016_A_seed1,16,1,779,0.2023559883236885
N016_A_seed1,16,1,780,0.29435717314481735
N016_A_seed1,16,1,781,0.16489271819591522
N016_A_seed1,16,1,782,0.22288233786821365
N016_A_seed1,16,1,783,0.2463207244873047
N016_A_seed1,16,1,784,0.15246900916099548
N016_A_seed1,16,1,785,0.3700731322169304
N016_A_seed1,16,1,786,0.18332837522029877
N016_A_seed1,16,1,787,0.15423966944217682
N016_A_seed1,16,1,788,0.15489733219146729
N016_A_seed1,16,1,789,0.40119610726833344
N016_A_seed1,16,1,790,0.1464126631617546
N016_A_seed1,16,1,791,0.16959283500909805
N016_A_seed1,16,1,792,0.1929905116558075
N016_A_seed1,16,1,793,0.2018323875963688
N016_A_seed1,16,1,794,0.16305355727672577
N016_A_seed1,16,1,795,0.3625407814979553
N016_A_seed1,16,1,796,0.17265059053897858
N016_A_seed1,16,1,797,0.09595562890172005
N016_A_seed1,16,1,798,0.14643362909555435
N016_A_seed1,16,1,799,0.3474125862121582
N016_A_seed1,16,1,800,0.17985447123646736
N016_A_seed1,16,1,801,0.2054433375597
N016_A_seed1,16,1,802,0.1158815249800682
N016_A_seed1,16,1,803,0.1877627894282341
N016_A_seed1,16,1,804,0.18126903474330902
N016_A_seed1,16,1,805,0.13734301179647446
N016_A_seed1,16,1,806,0.20411629229784012
N016_A_seed1,16,1,807,0.11192619428038597
N016_A_seed1,16,1,808,0.13224586471915245
N016_A_seed1,16,1,809,0.34562666714191437
N016_A_seed1,16,1,810,0.24372366070747375
N016_A_seed1,16,1,811,0.29538071155548096
N016_A_seed1,16,1,812,0.14005524665117264
N016_A_seed1,16,1,813,0.28916193544864655
N016_A_seed1,16,1,814,0.17122237384319305
N016_A_seed1,16,1,815,0.09197921305894852
N016_A_seed1,16,1,816,0.268666073679924
N016_A_seed1,16,1,817,0.19270826876163483
N016_A_seed1,16,1,818,0.216636560857296
N016_A_seed1,16,1,819,0.15369588881731033
N016_A_seed1,16,1,820,0.10503094643354416
N016_A_seed1,16,1,821,0.1167159229516983
N016_A_seed1,16,1,822,0.17781750112771988
N016_A_seed1,16,1,823,0.11842336505651474
N016_A_seed1,16,1,824,0.20124798268079758
N016_A_seed1,16,1,825,0.1601480171084404
N016_A_seed1,16,1,826,0.1726870909333229
N016_A_seed1,16,1,827,0.13221559673547745
N016_A_seed1,16,1,828,0.1764725297689438
N016_A_seed1,16,1,829,0.21408330649137497
N016_A_seed1,16,1,830,0.15902253240346909
N016_A_seed1,16,1,831,0.1543240174651146
N016_A_seed1,16,1,832,0.13779887557029724
N016_A_seed1,16,1,833,0.17242005467414856
N016_A_seed1,16,1,834,0.11939884722232819
N016_A_seed1,16,1,835,0.15083465725183487
N016_A_seed1,16,1,836,0.1571258157491684
N016_A_seed1,16,1,837,0.17962805926799774
N016_A_seed1,16,1,838,0.18219198286533356
N016_A_seed1,16,1,839,0.1393623072654009
N016_A_seed1,16,1,840,0.21814794093370438
N016_A_seed1,16,1,841,0.18412286788225174
N016_A_seed1,16,1,842,0.17070706188678741
N016_A_seed1,16,1,843,0.12104740738868713
N016_A_seed1,16,1,844,0.14652901142835617
N016_A_seed1,16,1,845,0.3280725032091141
N016_A_seed1,16,1,846,0.1491895392537117
N016_A_seed1,16,1,847,0.24339525401592255
N016_A_seed1,16,1,848,0.3224594295024872
N016_A_seed1,16,1,849,0.1159585528075695
N016_A_seed1,16,1,850,0.18114155530929565
N016_A_seed1,16,1,851,0.16771859675645828
N016_A_seed1,16,1,852,0.11081754416227341
N016_A_seed1,16,1,853,0.2931148037314415
N016_A_seed1,16,1,854,0.13581030070781708
N016_A_seed1,16,1,855,0.22893861681222916
N016_A_seed1,16,1,856,0.2666374146938324
N016_A_seed1,16,1,857,0.12694773077964783
N016_A_seed1,16,1,858,0.14554843306541443
N016_A_seed1,16,1,859,0.10533909499645233
N016_A_seed1,16,1,860,0.32019199803471565
N016_A_seed1,16,1,861,0.141306072473526
N016_A_seed1,16,1,862,0.180692158639431
N016_A_seed1,16,1,863,0.2086142674088478
N016_A_seed1,16,1,864,0.19200624525547028
N016_A_seed1,16,1,865,0.3196670860052109
N016_A_seed1,16,1,866,0.2138148844242096
N016_A_seed1,16,1,867,0.22033601999282837
N016_A_seed1,16,1,868,0.1847800612449646
N016_A_seed1,16,1,869,0.18025954067707062
N016_A_seed1,16,1,870,0.32715117186307907
N016_A_seed1,16,1,871,0.2511250898241997
N016_A_seed1,16,1,872,0.13824057206511497
N016_A_seed1,16,1,873,0.18070991337299347
N016_A_seed1,16,1,874,0.12920405343174934
N016_A_seed1,16,1,875,0.20974582433700562
N016_A_seed1,16,1,876,0.14916455000638962
N016_A_seed1,16,1,877,0.22203868627548218
N016_A_seed1,16,1,878,0.19859053939580917
N016_A_seed1,16,1,879,0.20550473779439926
N016_A_seed1,16,1,880,0.1281883865594864
N016_A_seed1,16,1,881,0.10380921885371208
N016_A_seed1,16,1,882,0.26534171402454376
N016_A_seed1,16,1,883,0.12567253410816193
N016_A_seed1,16,1,884,0.16869856417179108
N016_A_seed1,16,1,885,0.20185282826423645
N016_A_seed1,16,1,886,0.21186255663633347
N016_A_seed1,16,1,887,0.08999381959438324
N016_A_seed1,16,1,888,0.17555132508277893
N016_A_seed1,16,1,889,0.20693282037973404
N016_A_seed1,16,1,890,0.14244988933205605
N016_A_seed1,16,1,891,0.23674608767032623
N016_A_seed1,16,1,892,0.11716266721487045
N016_A_seed1,16,1,893,0.1689581200480461
N016_A_seed1,16,1,894,0.29424849152565
N016_A_seed1,16,1,895,0.1097499318420887
N016_A_seed1,16,1,896,0.1414325013756752
N016_A_seed1,16,1,897,0.1305684670805931
N016_A_seed1,16,1,898,0.15943776816129684
N016_A_seed1,16,1,899,0.12237029522657394
N016_A_seed1,16,1,900,0.22437888383865356
N016_A_seed1,16,1,901,0.15839556604623795
N016_A_seed1,16,1,902,0.24879790842533112
N016_A_seed1,16,1,903,0.18235915899276733
N016_A_seed1,16,1,904,0.17424174025654793
N016_A_seed1,16,1,905,0.13555166497826576
N016_A_seed1,16,1,906,0.2725604921579361
N016_A_seed1,16,1,907,0.1873234659433365
N016_A_seed1,16,1,908,0.20718754827976227
N016_A_seed1,16,1,909,0.10444631427526474
N016_A_seed1,16,1,910,0.14148857444524765
N016_A_seed1,16,1,911,0.1830025091767311
N016_A_seed1,16,1,912,0.1634950041770935
N016_A_seed1,16,1,913,0.2050754278898239
N016_A_seed1,16,1,914,0.21603849530220032
N016_A_seed1,16,1,915,0.08036836609244347
N016_A_seed1,16,1,916,0.17795513570308685
N016_A_seed1,16,1,917,0.12535972893238068
N016_A_seed1,16,1,918,0.23597560822963715
N016_A_seed1,16,1,919,0.2043529972434044
N016_A_seed1,16,1,920,0.19556520879268646
N016_A_seed1,16,1,921,0.18607910722494125
N016_A_seed1,16,1,922,0.23150809109210968
N016_A_seed1,16,1,923,0.11865559220314026
N016_A_seed1,16,1,924,0.11630723625421524
N016_A_seed1,16,1,925,0.10599105432629585
N016_A_seed1,16,1,926,0.34445057809352875
N016_A_seed1,16,1,927,0.2152244821190834
N016_A_seed1,16,1,928,0.14572646468877792
N016_A_seed1,16,1,929,0.19053325057029724
N016_A_seed1,16,1,930,0.36088016629219055
N016_A_seed1,16,1,931,0.16094959527254105
N016_A_seed1,16,1,932,0.23753292858600616
N016_A_seed1,16,1,933,0.20240042358636856
N016_A_seed1,16,1,934,0.19784310832619667
N016_A_seed1,16,1,935,0.2480432093143463
N016_A_seed1,16,1,936,0.10503159463405609
N016_A_seed1,16,1,937,0.25803375244140625
N016_A_seed1,16,1,938,0.2493256852030754
N016_A_seed1,16,1,939,0.21068502217531204
N016_A_seed1,16,1,940,0.22314037382602692
N016_A_seed1,16,1,941,0.15569328516721725
N016_A_seed1,16,1,942,0.2098761424422264
N016_A_seed1,16,1,943,0.16878631711006165
N016_A_seed1,16,1,944,0.19205574691295624
N016_A_seed1,16,1,945,0.14845259860157967
N016_A_seed1,16,1,946,0.12105810642242432
N016_A_seed1,16,1,947,0.1674899160861969
N016_A_seed1,16,1,948,0.2428268939256668
N016_A_seed1,16,1,949,0.13746150583028793
N016_A_seed1,16,1,950,0.1950536146759987
N016_A_seed1,16,1,951,0.22148534655570984
N016_A_seed1,16,1,952,0.106779295951128
N016_A_seed1,16,1,953,0.21547457575798035
N016_A_seed1,16,1,954,0.24100225418806076
N016_A_seed1,16,1,955,0.2284451574087143
N016_A_seed1,16,1,956,0.42839576303958893
N016_A_seed1,16,1,957,0.09171684831380844
N016_A_seed1,16,1,958,0.09234895184636116
N016_A_seed1,16,1,959,0.1313922442495823
N016_A_seed1,16,1,960,0.18306732177734375
N016_A_seed1,16,1,961,0.14207878336310387
N016_A_seed1,16,1,962,0.1894310638308525
N016_A_seed1,16,1,963,0.31284838914871216
N016_A_seed1,16,1,964,0.25543417036533356
N016_A_seed1,16,1,965,0.14490781724452972
N016_A_seed1,16,1,966,0.3488338440656662
N016_A_seed1,16,1,967,0.1082887165248394
N016_A_seed1,16,1,968,0.19605088233947754
N016_A_seed1,16,1,969,0.133869931101799
N016_A_seed1,16,1,970,0.11808356642723083
N016_A_seed1,16,1,971,0.3091459572315216
N016_A_seed1,16,1,972,0.20101305097341537
N016_A_seed1,16,1,973,0.1307048164308071
N016_A_seed1,16,1,974,0.0976802259683609
N016_A_seed1,16,1,975,0.2059621438384056
N016_A_seed1,16,1,976,0.13795245438814163
N016_A_seed1,16,1,977,0.12293507903814316
N016_A_seed1,16,1,978,0.1740386039018631
N016_A_seed1,16,1,979,0.15018606185913086
N016_A_seed1,16,1,980,0.14029761776328087
N016_A_seed1,16,1,981,0.1919434666633606
N016_A_seed1,16,1,982,0.17192380875349045
N016_A_seed1,16,1,983,0.07370421290397644
N016_A_seed1,16,1,984,0.22239235043525696
N016_A_seed1,16,1,985,0.42479419708251953
N016_A_seed1,16,1,986,0.3367275968194008
N016_A_seed1,16,1,987,0.23885583877563477
N016_A_seed1,16,1,988,0.1831003949046135
N016_A_seed1,16,1,989,0.10912520810961723
N016_A_seed1,16,1,990,0.1357300989329815
N016_A_seed1,16,1,991,0.1293344385921955
N016_A_seed1,16,1,992,0.139714777469635
N016_A_seed1,16,1,993,0.17049069702625275
N016_A_seed1,16,1,994,0.3320491537451744
N016_A_seed1,16,1,995,0.30406949669122696
N016_A_seed1,16,1,996,0.18757923692464828
N016_A_seed1,16,1,997,0.13385819643735886
N016_A_seed1,16,1,998,0.31633614003658295
N016_A_seed1,16,1,999,0.14285701513290405
N016_A_seed1,16,1,1000,0.4397827163338661
N016_F-GT_seed0,16,0,1,1.2534252405166626
N016_F-GT_seed0,16,0,2,1.266888976097107
N016_F-GT_seed0,16,0,3,1.2086435556411743
N016_F-GT_seed0,16,0,4,1.1277279257774353
N016_F-GT_seed0,16,0,5,1.1949307322502136
N016_F-GT_seed0,16,0,6,1.2158352136611938
N016_F-GT_seed0,16,0,7,0.9694440364837646
N016_F-GT_seed0,16,0,8,1.0880508422851562
N016_F-GT_seed0,16,0,9,1.4693945050239563
N016_F-GT_seed0,16,0,10,1.3082093596458435
N016_F-GT_seed0,16,0,11,1.222001075744629
N016_F-GT_seed0,16,0,12,1.2911279797554016
N016_F-GT_seed0,16,0,13,1.1863482594490051
N016_F-GT_seed0,16,0,14,1.2146762013435364
N016_F-GT_seed0,16,0,15,1.1656541228294373
N016_F-GT_seed0,16,0,16,1.264959454536438
N016_F-GT_seed0,16,0,17,1.2758147716522217
N016_F-GT_seed0,16,0,18,1.268444299697876
N016_F-GT_seed0,16,0,19,1.3414002656936646
N016_F-GT_seed0,16,0,20,1.0633900165557861
N016_F-GT_seed0,16,0,21,1.1612253189086914
N016_F-GT_seed0,16,0,22,1.2039604783058167
N016_F-GT_seed0,16,0,23,1.0888859033584595
N016_F-GT_seed0,16,0,24,1.1753703951835632
N016_F-GT_seed0,16,0,25,1.1162901520729065
N016_F-GT_seed0,16,0,26,1.225111722946167
N016_F-GT_seed0,16,0,27,1.2049288153648376
N016_F-GT_seed0,16,0,28,0.9873730540275574
N016_F-GT_seed0,16,0,29,1.2170853018760681
N016_F-GT_seed0,16,0,30,1.0809362530708313
N016_F-GT_seed0,16,0,31,1.3292648196220398
N016_F-GT_seed0,16,0,32,1.2194213271141052
N016_F-GT_seed0,16,0,33,1.252606987953186
N016_F-GT_seed0,16,0,34,1.1955651640892029
N016_F-GT_seed0,16,0,35,1.1105346083641052
N016_F-GT_seed0,16,0,36,1.0673097372055054
N016_F-GT_seed0,16,0,37,1.2152127027511597
N016_F-GT_seed0,16,0,38,1.1827237606048584
N016_F-GT_seed0,16,0,39,1.1481783390045166
N016_F-GT_seed0,16,0,40,1.1084264516830444
N016_F-GT_seed0,16,0,41,1.121799647808075
N016_F-GT_seed0,16,0,42,1.1931111812591553
N016_F-GT_seed0,16,0,43,1.033826470375061
N016_F-GT_seed0,16,0,44,1.3162626028060913
N016_F-GT_seed0,16,0,45,1.1631922721862793
N016_F-GT_seed0,16,0,46,1.1145828366279602
N016_F-GT_seed0,16,0,47,1.1761245131492615
N016_F-GT_seed0,16,0,48,1.156205654144287
N016_F-GT_seed0,16,0,49,1.097985327243805
N016_F-GT_seed0,16,0,50,1.140768587589264
N016_F-GT_seed0,16,0,51,1.0668207108974457
N016_F-GT_seed0,16,0,52,1.1642388701438904
N016_F-GT_seed0,16,0,53,1.1301596760749817
N016_F-GT_seed0,16,0,54,1.2583519220352173
N016_F-GT_seed0,16,0,55,1.1481810808181763
N016_F-GT_seed0,16,0,56,1.131933569908142
N016_F-GT_seed0,16,0,57,1.2646507620811462
N016_F-GT_seed0,16,0,58,1.0473076105117798
N016_F-GT_seed0,16,0,59,1.0838436484336853
N016_F-GT_seed0,16,0,60,1.1916922330856323
N016_F-GT_seed0,16,0,61,1.0796241760253906
N016_F-GT_seed0,16,0,62,1.1555420756340027
N016_F-GT_seed0,16,0,63,0.9870152771472931
N016_F-GT_seed0,16,0,64,1.2160744369029999
N016_F-GT_seed0,16,0,65,1.1841282844543457
N016_F-GT_seed0,16,0,66,1.0408291220664978
N016_F-GT_seed0,16,0,67,1.0503731966018677
N016_F-GT_seed0,16,0,68,1.2274008393287659
N016_F-GT_seed0,16,0,69,1.1522427201271057
N016_F-GT_seed0,16,0,70,1.1392956376075745
N016_F-GT_seed0,16,0,71,1.1086569428443909
N016_F-GT_seed0,16,0,72,1.0751370191574097
N016_F-GT_seed0,16,0,73,1.005986601114273
N016_F-GT_seed0,16,0,74,1.0309655964374542
N016_F-GT_seed0,16,0,75,1.221101701259613
N016_F-GT_seed0,16,0,76,0.96480792760849
N016_F-GT_seed0,16,0,77,1.1409339904785156
N016_F-GT_seed0,16,0,78,1.0552332997322083
N016_F-GT_seed0,16,0,79,1.0445421636104584
N016_F-GT_seed0,16,0,80,1.0702354907989502
N016_F-GT_seed0,16,0,81,1.0156345963478088
N016_F-GT_seed0,16,0,82,1.0840226411819458
N016_F-GT_seed0,16,0,83,1.167489469051361
N016_F-GT_seed0,16,0,84,1.0806005597114563
N016_F-GT_seed0,16,0,85,1.101445734500885
N016_F-GT_seed0,16,0,86,1.0655226707458496
N016_F-GT_seed0,16,0,87,1.2049306631088257
N016_F-GT_seed0,16,0,88,1.2218101620674133
N016_F-GT_seed0,16,0,89,0.9962605834007263
N016_F-GT_seed0,16,0,90,1.2129703760147095
N016_F-GT_seed0,16,0,91,1.0503047108650208
N016_F-GT_seed0,16,0,92,1.0141430497169495
N016_F-GT_seed0,16,0,93,1.0315566658973694
N016_F-GT_seed0,16,0,94,1.2049334645271301
N016_F-GT_seed0,16,0,95,1.0993173718452454
N016_F-GT_seed0,16,0,96,0.9201153814792633
N016_F-GT_seed0,16,0,97,1.1223857402801514
N016_F-GT_seed0,16,0,98,1.0345779061317444
N016_F-GT_seed0,16,0,99,1.097423017024994
N016_F-GT_seed0,16,0,100,1.0884895324707031
N016_F-GT_seed0,16,0,101,1.0045979619026184
N016_F-GT_seed0,16,0,102,1.0687410831451416
N016_F-GT_seed0,16,0,103,1.213929533958435
N016_F-GT_seed0,16,0,104,0.9469742476940155
N016_F-GT_seed0,16,0,105,1.1344821453094482
N016_F-GT_seed0,16,0,106,1.2490047216415405
N016_F-GT_seed0,16,0,107,1.0840169191360474
N016_F-GT_seed0,16,0,108,0.9865098893642426
N016_F-GT_seed0,16,0,109,1.1260918378829956
N016_F-GT_seed0,16,0,110,1.0720294117927551
N016_F-GT_seed0,16,0,111,1.0715738534927368
N016_F-GT_seed0,16,0,112,1.1567429304122925
N016_F-GT_seed0,16,0,113,1.0019475221633911
N016_F-GT_seed0,16,0,114,1.1252601146697998
N016_F-GT_seed0,16,0,115,1.1507585644721985
N016_F-GT_seed0,16,0,116,1.1259220242500305
N016_F-GT_seed0,16,0,117,1.0060118436813354
N016_F-GT_seed0,16,0,118,0.9776362776756287
N016_F-GT_seed0,16,0,119,1.0839656591415405
N016_F-GT_seed0,16,0,120,1.227526068687439
N016_F-GT_seed0,16,0,121,1.0107627511024475
N016_F-GT_seed0,16,0,122,1.0726454257965088
N016_F-GT_seed0,16,0,123,1.026540845632553
N016_F-GT_seed0,16,0,124,1.0825175046920776
N016_F-GT_seed0,16,0,125,1.045587420463562
N016_F-GT_seed0,16,0,126,0.9529305100440979
N016_F-GT_seed0,16,0,127,0.9251101613044739
N016_F-GT_seed0,16,0,128,0.9563651978969574
N016_F-GT_seed0,16,0,129,1.1945456266403198
N016_F-GT_seed0,16,0,130,1.1102660298347473
N016_F-GT_seed0,16,0,131,1.1604063510894775
N016_F-GT_seed0,16,0,132,1.0600689053535461
N016_F-GT_seed0,16,0,133,0.9707558751106262
N016_F-GT_seed0,16,0,134,1.0171944499015808
N016_F-GT_seed0,16,0,135,0.9289529025554657
N016_F-GT_seed0,16,0,136,0.9842376112937927
N016_F-GT_seed0,16,0,137,0.9605650901794434
N016_F-GT_seed0,16,0,138,0.888777494430542
N016_F-GT_seed0,16,0,139,1.1376013159751892
N016_F-GT_seed0,16,0,140,0.9090955257415771
N016_F-GT_seed0,16,0,141,1.0548553466796875
N016_F-GT_seed0,16,0,142,0.9307746887207031
N016_F-GT_seed0,16,0,143,0.9457235336303711
N016_F-GT_seed0,16,0,144,0.8986342251300812
N016_F-GT_seed0,16,0,145,0.9720971286296844
N016_F-GT_seed0,16,0,146,0.9555071592330933
N016_F-GT_seed0,16,0,147,1.0072353780269623
N016_F-GT_seed0,16,0,148,0.8560127317905426
N016_F-GT_seed0,16,0,149,1.115188181400299
N016_F-GT_seed0,16,0,150,0.9673511385917664
N016_F-GT_seed0,16,0,151,1.0718992352485657
N016_F-GT_seed0,16,0,152,0.7940395772457123
N016_F-GT_seed0,16,0,153,1.2434224486351013
N016_F-GT_seed0,16,0,154,0.8116791546344757
N016_F-GT_seed0,16,0,155,1.1277114152908325
N016_F-GT_seed0,16,0,156,0.941963791847229
N016_F-GT_seed0,16,0,157,0.7778319716453552
N016_F-GT_seed0,16,0,158,1.014621078968048
N016_F-GT_seed0,16,0,159,0.9020381569862366
N016_F-GT_seed0,16,0,160,0.956454873085022
N016_F-GT_seed0,16,0,161,0.8471371829509735
N016_F-GT_seed0,16,0,162,1.0372787714004517
N016_F-GT_seed0,16,0,163,0.9202761650085449
N016_F-GT_seed0,16,0,164,0.8795655369758606
N016_F-GT_seed0,16,0,165,0.895929217338562
N016_F-GT_seed0,16,0,166,0.8816136121749878
N016_F-GT_seed0,16,0,167,0.8441681861877441
N016_F-GT_seed0,16,0,168,0.8685877621173859
N016_F-GT_seed0,16,0,169,0.9831955134868622
N016_F-GT_seed0,16,0,170,0.8556445240974426
N016_F-GT_seed0,16,0,171,1.0252459347248077
N016_F-GT_seed0,16,0,172,0.901391327381134
N016_F-GT_seed0,16,0,173,0.8170182704925537
N016_F-GT_seed0,16,0,174,0.8589781820774078
N016_F-GT_seed0,16,0,175,0.9523282945156097
N016_F-GT_seed0,16,0,176,0.9368429481983185
N016_F-GT_seed0,16,0,177,0.9175678491592407
N016_F-GT_seed0,16,0,178,0.8702837824821472
N016_F-GT_seed0,16,0,179,0.9300040304660797
N016_F-GT_seed0,16,0,180,0.8834092319011688
N016_F-GT_seed0,16,0,181,0.9008856415748596
N016_F-GT_seed0,16,0,182,0.8054458498954773
N016_F-GT_seed0,16,0,183,0.9285009801387787
N016_F-GT_seed0,16,0,184,0.8730473518371582
N016_F-GT_seed0,16,0,185,0.9231233596801758
N016_F-GT_seed0,16,0,186,0.8999001085758209
N016_F-GT_seed0,16,0,187,0.8961643874645233
N016_F-GT_seed0,16,0,188,0.8220190703868866
N016_F-GT_seed0,16,0,189,1.0798527300357819
N016_F-GT_seed0,16,0,190,0.7531125247478485
N016_F-GT_seed0,16,0,191,0.8455942273139954
N016_F-GT_seed0,16,0,192,0.7894639372825623
N016_F-GT_seed0,16,0,193,0.9683849215507507
N016_F-GT_seed0,16,0,194,0.8897046744823456
N016_F-GT_seed0,16,0,195,1.0125234127044678
N016_F-GT_seed0,16,0,196,0.8038646578788757
N016_F-GT_seed0,16,0,197,0.8945383429527283
N016_F-GT_seed0,16,0,198,0.9364026486873627
N016_F-GT_seed0,16,0,199,0.7417927384376526
N016_F-GT_seed0,16,0,200,0.794357419013977
N016_F-GT_seed0,16,0,201,0.8203749060630798
N016_F-GT_seed0,16,0,202,1.0087735652923584
N016_F-GT_seed0,16,0,203,0.7568055391311646
N016_F-GT_seed0,16,0,204,0.6580573916435242
N016_F-GT_seed0,16,0,205,0.8613060116767883
N016_F-GT_seed0,16,0,206,0.7960435450077057
N016_F-GT_seed0,16,0,207,0.7277014851570129
N016_F-GT_seed0,16,0,208,0.9029420614242554
N016_F-GT_seed0,16,0,209,0.7642681002616882
N016_F-GT_seed0,16,0,210,0.702043890953064
N016_F-GT_seed0,16,0,211,0.9301126003265381
N016_F-GT_seed0,16,0,212,0.570997565984726
N016_F-GT_seed0,16,0,213,0.8901044130325317
N016_F-GT_seed0,16,0,214,0.7138171195983887
N016_F-GT_seed0,16,0,215,0.5459280014038086
N016_F-GT_seed0,16,0,216,0.8017621338367462
N016_F-GT_seed0,16,0,217,0.7192370891571045
N016_F-GT_seed0,16,0,218,0.7167951464653015
N016_F-GT_seed0,16,0,219,0.8643209934234619
N016_F-GT_seed0,16,0,220,0.6560134589672089
N016_F-GT_seed0,16,0,221,0.5214322805404663
N016_F-GT_seed0,16,0,222,0.7158770561218262
N016_F-GT_seed0,16,0,223,0.7728764414787292
N016_F-GT_seed0,16,0,224,0.699026882648468
N016_F-GT_seed0,16,0,225,0.8335181474685669
N016_F-GT_seed0,16,0,226,0.6025208532810211
N016_F-GT_seed0,16,0,227,0.5848000943660736
N016_F-GT_seed0,16,0,228,0.7128630876541138
N016_F-GT_seed0,16,0,229,0.5029140561819077
N016_F-GT_seed0,16,0,230,0.5225358605384827
N016_F-GT_seed0,16,0,231,0.4818064272403717
N016_F-GT_seed0,16,0,232,0.5904501229524612
N016_F-GT_seed0,16,0,233,0.7598973214626312
N016_F-GT_seed0,16,0,234,0.7775593996047974
N016_F-GT_seed0,16,0,235,0.6751968860626221
N016_F-GT_seed0,16,0,236,0.534983903169632
N016_F-GT_seed0,16,0,237,0.8381796479225159
N016_F-GT_seed0,16,0,238,0.5945855975151062
N016_F-GT_seed0,16,0,239,0.6113947629928589
N016_F-GT_seed0,16,0,240,0.5969940423965454
N016_F-GT_seed0,16,0,241,0.608452171087265
N016_F-GT_seed0,16,0,242,0.793493390083313
N016_F-GT_seed0,16,0,243,0.5627410709857941
N016_F-GT_seed0,16,0,244,0.5072783678770065
N016_F-GT_seed0,16,0,245,0.5844333171844482
N016_F-GT_seed0,16,0,246,0.4637809097766876
N016_F-GT_seed0,16,0,247,0.5189210474491119
N016_F-GT_seed0,16,0,248,0.4693555533885956
N016_F-GT_seed0,16,0,249,0.5366254150867462
N016_F-GT_seed0,16,0,250,0.5133227407932281
N016_F-GT_seed0,16,0,251,0.7105984687805176
N016_F-GT_seed0,16,0,252,0.7558871209621429
N016_F-GT_seed0,16,0,253,0.6932958960533142
N016_F-GT_seed0,16,0,254,0.47154393792152405
N016_F-GT_seed0,16,0,255,0.8178519010543823
N016_F-GT_seed0,16,0,256,0.6012665629386902
N016_F-GT_seed0,16,0,257,0.5589220970869064
N016_F-GT_seed0,16,0,258,0.6160830855369568
N016_F-GT_seed0,16,0,259,0.48263461887836456
N016_F-GT_seed0,16,0,260,0.5502881407737732
N016_F-GT_seed0,16,0,261,0.533586710691452
N016_F-GT_seed0,16,0,262,0.6085948646068573
N016_F-GT_seed0,16,0,263,0.44454604387283325
N016_F-GT_seed0,16,0,264,0.4335906654596329
N016_F-GT_seed0,16,0,265,0.4288391172885895
N016_F-GT_seed0,16,0,266,0.5811854302883148
N016_F-GT_seed0,16,0,267,0.3631848394870758
N016_F-GT_seed0,16,0,268,0.5533876121044159
N016_F-GT_seed0,16,0,269,0.5217071324586868
N016_F-GT_seed0,16,0,270,0.39421117305755615
N016_F-GT_seed0,16,0,271,0.6304085999727249
N016_F-GT_seed0,16,0,272,0.5299298763275146
N016_F-GT_seed0,16,0,273,0.43109503388404846
N016_F-GT_seed0,16,0,274,0.5381134450435638
N016_F-GT_seed0,16,0,275,0.6807945072650909
N016_F-GT_seed0,16,0,276,0.3330554664134979
N016_F-GT_seed0,16,0,277,0.4128173291683197
N016_F-GT_seed0,16,0,278,0.5630375295877457
N016_F-GT_seed0,16,0,279,0.3318079859018326
N016_F-GT_seed0,16,0,280,0.463050901889801
N016_F-GT_seed0,16,0,281,0.44614270329475403
N016_F-GT_seed0,16,0,282,0.25728970021009445
N016_F-GT_seed0,16,0,283,0.32788072526454926
N016_F-GT_seed0,16,0,284,0.37412406504154205
N016_F-GT_seed0,16,0,285,0.4565305858850479
N016_F-GT_seed0,16,0,286,0.36759211122989655
N016_F-GT_seed0,16,0,287,0.4914535954594612
N016_F-GT_seed0,16,0,288,0.3430080711841583
N016_F-GT_seed0,16,0,289,0.34761399030685425
N016_F-GT_seed0,16,0,290,0.2320411205291748
N016_F-GT_seed0,16,0,291,0.501228004693985
N016_F-GT_seed0,16,0,292,0.5683441758155823
N016_F-GT_seed0,16,0,293,0.5219228565692902
N016_F-GT_seed0,16,0,294,0.5785606354475021
N016_F-GT_seed0,16,0,295,0.4853511452674866
N016_F-GT_seed0,16,0,296,0.3669883608818054
N016_F-GT_seed0,16,0,297,0.543251246213913
N016_F-GT_seed0,16,0,298,0.30954253673553467
N016_F-GT_seed0,16,0,299,0.5498534440994263
N016_F-GT_seed0,16,0,300,0.6412803828716278
N016_F-GT_seed0,16,0,301,0.29521767795085907
N016_F-GT_seed0,16,0,302,0.42060036957263947
N016_F-GT_seed0,16,0,303,0.343225359916687
N016_F-GT_seed0,16,0,304,0.479390025138855
N016_F-GT_seed0,16,0,305,0.307254821062088
N016_F-GT_seed0,16,0,306,0.6360779702663422
N016_F-GT_seed0,16,0,307,0.6307324171066284
N016_F-GT_seed0,16,0,308,0.32771583646535873
N016_F-GT_seed0,16,0,309,0.23551511764526367
N016_F-GT_seed0,16,0,310,0.5527928918600082
N016_F-GT_seed0,16,0,311,0.4183104336261749
N016_F-GT_seed0,16,0,312,0.3136906698346138
N016_F-GT_seed0,16,0,313,0.6109117269515991
N016_F-GT_seed0,16,0,314,0.39630694687366486
N016_F-GT_seed0,16,0,315,0.3677986264228821
N016_F-GT_seed0,16,0,316,0.4646558165550232
N016_F-GT_seed0,16,0,317,0.3295929580926895
N016_F-GT_seed0,16,0,318,0.3972042351961136
N016_F-GT_seed0,16,0,319,0.4511258602142334
N016_F-GT_seed0,16,0,320,0.24177516251802444
N016_F-GT_seed0,16,0,321,0.3918979614973068
N016_F-GT_seed0,16,0,322,0.31184224784374237
N016_F-GT_seed0,16,0,323,0.38480044901371
N016_F-GT_seed0,16,0,324,0.3981171250343323
N016_F-GT_seed0,16,0,325,0.298989899456501
N016_F-GT_seed0,16,0,326,0.4664885923266411
N016_F-GT_seed0,16,0,327,0.3312810882925987
N016_F-GT_seed0,16,0,328,0.3281010165810585
N016_F-GT_seed0,16,0,329,0.22250204533338547
N016_F-GT_seed0,16,0,330,0.5165597498416901
N016_F-GT_seed0,16,0,331,0.25593769550323486
N016_F-GT_seed0,16,0,332,0.3019566535949707
N016_F-GT_seed0,16,0,333,0.4967986196279526
N016_F-GT_seed0,16,0,334,0.2536187246441841
N016_F-GT_seed0,16,0,335,0.23311526328325272
N016_F-GT_seed0,16,0,336,0.31473322957754135
N016_F-GT_seed0,16,0,337,0.3726034313440323
N016_F-GT_seed0,16,0,338,0.3476126343011856
N016_F-GT_seed0,16,0,339,0.34107545018196106
N016_F-GT_seed0,16,0,340,0.18562468886375427
N016_F-GT_seed0,16,0,341,0.4471662789583206
N016_F-GT_seed0,16,0,342,0.45656850934028625
N016_F-GT_seed0,16,0,343,0.19971780478954315
N016_F-GT_seed0,16,0,344,0.4481000378727913
N016_F-GT_seed0,16,0,345,0.230634443461895
N016_F-GT_seed0,16,0,346,0.2952716499567032
N016_F-GT_seed0,16,0,347,0.19540057331323624
N016_F-GT_seed0,16,0,348,0.27571386098861694
N016_F-GT_seed0,16,0,349,0.227389357984066
N016_F-GT_seed0,16,0,350,0.3686993271112442
N016_F-GT_seed0,16,0,351,0.28086361289024353
N016_F-GT_seed0,16,0,352,0.5564098209142685
N016_F-GT_seed0,16,0,353,0.23083080351352692
N016_F-GT_seed0,16,0,354,0.2789945676922798
N016_F-GT_seed0,16,0,355,0.22270233184099197
N016_F-GT_seed0,16,0,356,0.4497459828853607
N016_F-GT_seed0,16,0,357,0.30145323276519775
N016_F-GT_seed0,16,0,358,0.48388901352882385
N016_F-GT_seed0,16,0,359,0.27241235971450806
N016_F-GT_seed0,16,0,360,0.22796393930912018
N016_F-GT_seed0,16,0,361,0.5736513733863831
N016_F-GT_seed0,16,0,362,0.3130328804254532
N016_F-GT_seed0,16,0,363,0.24327921122312546
N016_F-GT_seed0,16,0,364,0.19874249398708344
N016_F-GT_seed0,16,0,365,0.49738091230392456
N016_F-GT_seed0,16,0,366,0.3692321181297302
N016_F-GT_seed0,16,0,367,0.2857324331998825
N016_F-GT_seed0,16,0,368,0.31004762649536133
N016_F-GT_seed0,16,0,369,0.4295603483915329
N016_F-GT_seed0,16,0,370,0.2942420244216919
N016_F-GT_seed0,16,0,371,0.29090477526187897
N016_F-GT_seed0,16,0,372,0.29216931760311127
N016_F-GT_seed0,16,0,373,0.28772252798080444
N016_F-GT_seed0,16,0,374,0.291333869099617
N016_F-GT_seed0,16,0,375,0.19811993837356567
N016_F-GT_seed0,16,0,376,0.36368557810783386
N016_F-GT_seed0,16,0,377,0.40062354505062103
N016_F-GT_seed0,16,0,378,0.2788786292076111
N016_F-GT_seed0,16,0,379,0.26363328099250793
N016_F-GT_seed0,16,0,380,0.3440299481153488
N016_F-GT_seed0,16,0,381,0.40784551203250885
N016_F-GT_seed0,16,0,382,0.44624368846416473
N016_F-GT_seed0,16,0,383,0.516791433095932
N016_F-GT_seed0,16,0,384,0.35259488224983215
N016_F-GT_seed0,16,0,385,0.34984755516052246
N016_F-GT_seed0,16,0,386,0.2644585743546486
N016_F-GT_seed0,16,0,387,0.3890165388584137
N016_F-GT_seed0,16,0,388,0.3105262964963913
N016_F-GT_seed0,16,0,389,0.28611578047275543
N016_F-GT_seed0,16,0,390,0.3214268684387207
N016_F-GT_seed0,16,0,391,0.2974732369184494
N016_F-GT_seed0,16,0,392,0.18867509067058563
N016_F-GT_seed0,16,0,393,0.26558642089366913
N016_F-GT_seed0,16,0,394,0.2386489361524582
N016_F-GT_seed0,16,0,395,0.15851952135562897
N016_F-GT_seed0,16,0,396,0.27498096972703934
N016_F-GT_seed0,16,0,397,0.2748531103134155
N016_F-GT_seed0,16,0,398,0.20899006724357605
N016_F-GT_seed0,16,0,399,0.2682287245988846
N016_F-GT_seed0,16,0,400,0.5098029226064682
N016_F-GT_seed0,16,0,401,0.18303797394037247
N016_F-GT_seed0,16,0,402,0.19621914625167847
N016_F-GT_seed0,16,0,403,0.3392809182405472
N016_F-GT_seed0,16,0,404,0.4878862798213959
N016_F-GT_seed0,16,0,405,0.25585049390792847
N016_F-GT_seed0,16,0,406,0.25211215764284134
N016_F-GT_seed0,16,0,407,0.29490677267313004
N016_F-GT_seed0,16,0,408,0.33438581973314285
N016_F-GT_seed0,16,0,409,0.23719774931669235
N016_F-GT_seed0,16,0,410,0.35542596876621246
N016_F-GT_seed0,16,0,411,0.2627256214618683
N016_F-GT_seed0,16,0,412,0.39673880487680435
N016_F-GT_seed0,16,0,413,0.24172186851501465
N016_F-GT_seed0,16,0,414,0.3594815135002136
N016_F-GT_seed0,16,0,415,0.24724037945270538
N016_F-GT_seed0,16,0,416,0.23663588613271713
N016_F-GT_seed0,16,0,417,0.24168659001588821
N016_F-GT_seed0,16,0,418,0.2644897997379303
N016_F-GT_seed0,16,0,419,0.20801901817321777
N016_F-GT_seed0,16,0,420,0.18979640305042267
N016_F-GT_seed0,16,0,421,0.1625196486711502
N016_F-GT_seed0,16,0,422,0.23735342919826508
N016_F-GT_seed0,16,0,423,0.2780364379286766
N016_F-GT_seed0,16,0,424,0.22613881528377533
N016_F-GT_seed0,16,0,425,0.20399997383356094
N016_F-GT_seed0,16,0,426,0.3525712341070175
N016_F-GT_seed0,16,0,427,0.29058603942394257
N016_F-GT_seed0,16,0,428,0.12271140515804291
N016_F-GT_seed0,16,0,429,0.40949104726314545
N016_F-GT_seed0,16,0,430,0.3813563287258148
N016_F-GT_seed0,16,0,431,0.20201630890369415
N016_F-GT_seed0,16,0,432,0.24382933229207993
N016_F-GT_seed0,16,0,433,0.3461480736732483
N016_F-GT_seed0,16,0,434,0.15223931148648262
N016_F-GT_seed0,16,0,435,0.5264018625020981
N016_F-GT_seed0,16,0,436,0.207281693816185
N016_F-GT_seed0,16,0,437,0.37852904200553894
N016_F-GT_seed0,16,0,438,0.2599823921918869
N016_F-GT_seed0,16,0,439,0.18126384913921356
N016_F-GT_seed0,16,0,440,0.5172168612480164
N016_F-GT_seed0,16,0,441,0.14482641220092773
N016_F-GT_seed0,16,0,442,0.6492669582366943
N016_F-GT_seed0,16,0,443,0.5040624663233757
N016_F-GT_seed0,16,0,444,0.21781660616397858
N016_F-GT_seed0,16,0,445,0.2292759120464325
N016_F-GT_seed0,16,0,446,0.4767402559518814
N016_F-GT_seed0,16,0,447,0.18706216663122177
N016_F-GT_seed0,16,0,448,0.16458798199892044
N016_F-GT_seed0,16,0,449,0.22414295375347137
N016_F-GT_seed0,16,0,450,0.2151854783296585
N016_F-GT_seed0,16,0,451,0.2224501520395279
N016_F-GT_seed0,16,0,452,0.34292542934417725
N016_F-GT_seed0,16,0,453,0.19275467097759247
N016_F-GT_seed0,16,0,454,0.377582348883152
N016_F-GT_seed0,16,0,455,0.47261838614940643
N016_F-GT_seed0,16,0,456,0.32913994789123535
N016_F-GT_seed0,16,0,457,0.31279876828193665
N016_F-GT_seed0,16,0,458,0.20865538716316223
N016_F-GT_seed0,16,0,459,0.36168184876441956
N016_F-GT_seed0,16,0,460,0.20390088111162186
N016_F-GT_seed0,16,0,461,0.4612238109111786
N016_F-GT_seed0,16,0,462,0.23681991547346115
N016_F-GT_seed0,16,0,463,0.5579357743263245
N016_F-GT_seed0,16,0,464,0.2071068286895752
N016_F-GT_seed0,16,0,465,0.26550041139125824
N016_F-GT_seed0,16,0,466,0.17842087149620056
N016_F-GT_seed0,16,0,467,0.307170856744051
N016_F-GT_seed0,16,0,468,0.4224959462881088
N016_F-GT_seed0,16,0,469,0.2195867821574211
N016_F-GT_seed0,16,0,470,0.3370561897754669
N016_F-GT_seed0,16,0,471,0.22999926656484604
N016_F-GT_seed0,16,0,472,0.3263440579175949
N016_F-GT_seed0,16,0,473,0.18720047920942307
N016_F-GT_seed0,16,0,474,0.2786247953772545
N016_F-GT_seed0,16,0,475,0.6249095499515533
N016_F-GT_seed0,16,0,476,0.18350472301244736
N016_F-GT_seed0,16,0,477,0.21687069535255432
N016_F-GT_seed0,16,0,478,0.1934502124786377
N016_F-GT_seed0,16,0,479,0.3127109259366989
N016_F-GT_seed0,16,0,480,0.2425767332315445
N016_F-GT_seed0,16,0,481,0.3585020825266838
N016_F-GT_seed0,16,0,482,0.277961328625679
N016_F-GT_seed0,16,0,483,0.1523856371641159
N016_F-GT_seed0,16,0,484,0.42786847054958344
N016_F-GT_seed0,16,0,485,0.37833406031131744
N016_F-GT_seed0,16,0,486,0.18840664625167847
N016_F-GT_seed0,16,0,487,0.2517489492893219
N016_F-GT_seed0,16,0,488,0.23773855715990067
N016_F-GT_seed0,16,0,489,0.22023051977157593
N016_F-GT_seed0,16,0,490,0.5682817697525024
N016_F-GT_seed0,16,0,491,0.24874062836170197
N016_F-GT_seed0,16,0,492,0.30650363117456436
N016_F-GT_seed0,16,0,493,0.3356800079345703
N016_F-GT_seed0,16,0,494,0.3428371995687485
N016_F-GT_seed0,16,0,495,0.1726086363196373
N016_F-GT_seed0,16,0,496,0.3261982649564743
N016_F-GT_seed0,16,0,497,0.4119280129671097
N016_F-GT_seed0,16,0,498,0.29060564935207367
N016_F-GT_seed0,16,0,499,0.2893291115760803
N016_F-GT_seed0,16,0,500,0.4977490156888962
N016_F-GT_seed0,16,0,501,0.38612040877342224
N016_F-GT_seed0,16,0,502,0.2571974843740463
N016_F-GT_seed0,16,0,503,0.22807644307613373
N016_F-GT_seed0,16,0,504,0.23701991140842438
N016_F-GT_seed0,16,0,505,0.3092924952507019
N016_F-GT_seed0,16,0,506,0.15210093930363655
N016_F-GT_seed0,16,0,507,0.14660074561834335
N016_F-GT_seed0,16,0,508,0.33037692308425903
N016_F-GT_seed0,16,0,509,0.23746135830879211
N016_F-GT_seed0,16,0,510,0.21171626448631287
N016_F-GT_seed0,16,0,511,0.26041167229413986
N016_F-GT_seed0,16,0,512,0.2556000351905823
N016_F-GT_seed0,16,0,513,0.2645478993654251
N016_F-GT_seed0,16,0,514,0.32843364775180817
N016_F-GT_seed0,16,0,515,0.16065039485692978
N016_F-GT_seed0,16,0,516,0.21942001581192017
N016_F-GT_seed0,16,0,517,0.15759574621915817
N016_F-GT_seed0,16,0,518,0.2221045047044754
N016_F-GT_seed0,16,0,519,0.19881342351436615
N016_F-GT_seed0,16,0,520,0.18455512821674347
N016_F-GT_seed0,16,0,521,0.14176319167017937
N016_F-GT_seed0,16,0,522,0.23583673685789108
N016_F-GT_seed0,16,0,523,0.18423378467559814
N016_F-GT_seed0,16,0,524,0.2416667342185974
N016_F-GT_seed0,16,0,525,0.27907034754753113
N016_F-GT_seed0,16,0,526,0.12586459144949913
N016_F-GT_seed0,16,0,527,0.14447767287492752
N016_F-GT_seed0,16,0,528,0.23371249437332153
N016_F-GT_seed0,16,0,529,0.1193954199552536
N016_F-GT_seed0,16,0,530,0.2815185934305191
N016_F-GT_seed0,16,0,531,0.3213799521327019
N016_F-GT_seed0,16,0,532,0.22439724951982498
N016_F-GT_seed0,16,0,533,0.24968792498111725
N016_F-GT_seed0,16,0,534,0.31687627732753754
N016_F-GT_seed0,16,0,535,0.17654447257518768
N016_F-GT_seed0,16,0,536,0.17501462996006012
N016_F-GT_seed0,16,0,537,0.3492402732372284
N016_F-GT_seed0,16,0,538,0.27698682248592377
N016_F-GT_seed0,16,0,539,0.18637318909168243
N016_F-GT_seed0,16,0,540,0.5536783188581467
N016_F-GT_seed0,16,0,541,0.17863847315311432
N016_F-GT_seed0,16,0,542,0.17911142110824585
N016_F-GT_seed0,16,0,543,0.3732661306858063
N016_F-GT_seed0,16,0,544,0.2541130930185318
N016_F-GT_seed0,16,0,545,0.20631441473960876
N016_F-GT_seed0,16,0,546,0.28353869915008545
N016_F-GT_seed0,16,0,547,0.2660885564982891
N016_F-GT_seed0,16,0,548,0.11841453239321709
N016_F-GT_seed0,16,0,549,0.1784420683979988
N016_F-GT_seed0,16,0,550,0.306343138217926
N016_F-GT_seed0,16,0,551,0.3215264081954956
N016_F-GT_seed0,16,0,552,0.23816414177417755
N016_F-GT_seed0,16,0,553,0.2354574203491211
N016_F-GT_seed0,16,0,554,0.2103276252746582
N016_F-GT_seed0,16,0,555,0.2521108016371727
N016_F-GT_seed0,16,0,556,0.3758423775434494
N016_F-GT_seed0,16,0,557,0.31070709228515625
N016_F-GT_seed0,16,0,558,0.4437803477048874
N016_F-GT_seed0,16,0,559,0.2947560250759125
N016_F-GT_seed0,16,0,560,0.1592116616666317
N016_F-GT_seed0,16,0,561,0.2990810126066208
N016_F-GT_seed0,16,0,562,0.17914139479398727
N016_F-GT_seed0,16,0,563,0.15074770152568817
N016_F-GT_seed0,16,0,564,0.15913353860378265
N016_F-GT_seed0,16,0,565,0.16998481005430222
N016_F-GT_seed0,16,0,566,0.3995031788945198
N016_F-GT_seed0,16,0,567,0.15674691647291183
N016_F-GT_seed0,16,0,568,0.37901099026203156
N016_F-GT_seed0,16,0,569,0.12260184437036514
N016_F-GT_seed0,16,0,570,0.20832683518528938
N016_F-GT_seed0,16,0,571,0.3369136452674866
N016_F-GT_seed0,16,0,572,0.2335631549358368
N016_F-GT_seed0,16,0,573,0.15718643367290497
N016_F-GT_seed0,16,0,574,0.11330448091030121
N016_F-GT_seed0,16,0,575,0.3392018675804138
N016_F-GT_seed0,16,0,576,0.2623327523469925
N016_F-GT_seed0,16,0,577,0.11726434901356697
N016_F-GT_seed0,16,0,578,0.15442483127117157
N016_F-GT_seed0,16,0,579,0.17551378905773163
N016_F-GT_seed0,16,0,580,0.23735212534666061
N016_F-GT_seed0,16,0,581,0.22674107551574707
N016_F-GT_seed0,16,0,582,0.15807007625699043
N016_F-GT_seed0,16,0,583,0.3175712823867798
N016_F-GT_seed0,16,0,584,0.13903480395674706
N016_F-GT_seed0,16,0,585,0.15948475524783134
N016_F-GT_seed0,16,0,586,0.19088082015514374
N016_F-GT_seed0,16,0,587,0.46806080639362335
N016_F-GT_seed0,16,0,588,0.09830622002482414
N016_F-GT_seed0,16,0,589,0.1895417422056198
N016_F-GT_seed0,16,0,590,0.33564798533916473
N016_F-GT_seed0,16,0,591,0.272080697119236
N016_F-GT_seed0,16,0,592,0.2581198140978813
N016_F-GT_seed0,16,0,593,0.41881297528743744
N016_F-GT_seed0,16,0,594,0.12131762132048607
N016_F-GT_seed0,16,0,595,0.27266230806708336
N016_F-GT_seed0,16,0,596,0.11338020488619804
N016_F-GT_seed0,16,0,597,0.1356823369860649
N016_F-GT_seed0,16,0,598,0.16827718913555145
N016_F-GT_seed0,16,0,599,0.17874258756637573
N016_F-GT_seed0,16,0,600,0.1830083653330803
N016_F-GT_seed0,16,0,601,0.3411587327718735
N016_F-GT_seed0,16,0,602,0.17783129215240479
N016_F-GT_seed0,16,0,603,0.1565820723772049
N016_F-GT_seed0,16,0,604,0.27263273298740387
N016_F-GT_seed0,16,0,605,0.24393151700496674
N016_F-GT_seed0,16,0,606,0.2568807229399681
N016_F-GT_seed0,16,0,607,0.19505340605974197
N016_F-GT_seed0,16,0,608,0.26861773431301117
N016_F-GT_seed0,16,0,609,0.17055755853652954
N016_F-GT_seed0,16,0,610,0.23213578760623932
N016_F-GT_seed0,16,0,611,0.26771147549152374
N016_F-GT_seed0,16,0,612,0.1603870578110218
N016_F-GT_seed0,16,0,613,0.14934400469064713
N016_F-GT_seed0,16,0,614,0.23157907277345657
N016_F-GT_seed0,16,0,615,0.26102761924266815
N016_F-GT_seed0,16,0,616,0.19380375742912292
N016_F-GT_seed0,16,0,617,0.21399369090795517
N016_F-GT_seed0,16,0,618,0.15901430323719978
N016_F-GT_seed0,16,0,619,0.4554579108953476
N016_F-GT_seed0,16,0,620,0.1356619969010353
N016_F-GT_seed0,16,0,621,0.2943095788359642
N016_F-GT_seed0,16,0,622,0.3494727462530136
N016_F-GT_seed0,16,0,623,0.1766921803355217
N016_F-GT_seed0,16,0,624,0.4094827175140381
N016_F-GT_seed0,16,0,625,0.36504320800304413
N016_F-GT_seed0,16,0,626,0.3213326409459114
N016_F-GT_seed0,16,0,627,0.26372314989566803
N016_F-GT_seed0,16,0,628,0.12007243558764458
N016_F-GT_seed0,16,0,629,0.3212987035512924
N016_F-GT_seed0,16,0,630,0.185070913285017
N016_F-GT_seed0,16,0,631,0.32267484068870544
N016_F-GT_seed0,16,0,632,0.3044581413269043
N016_F-GT_seed0,16,0,633,0.11842375993728638
N016_F-GT_seed0,16,0,634,0.15604058653116226
N016_F-GT_seed0,16,0,635,0.08897300064563751
N016_F-GT_seed0,16,0,636,0.15626507252454758
N016_F-GT_seed0,16,0,637,0.1758824661374092
N016_F-GT_seed0,16,0,638,0.1659109815955162
N016_F-GT_seed0,16,0,639,0.25259900838136673
N016_F-GT_seed0,16,0,640,0.4037803113460541
N016_F-GT_seed0,16,0,641,0.26242388784885406
N016_F-GT_seed0,16,0,642,0.5808298885822296
N016_F-GT_seed0,16,0,643,0.15082978457212448
N016_F-GT_seed0,16,0,644,0.38201405107975006
N016_F-GT_seed0,16,0,645,0.19681814312934875
N016_F-GT_seed0,16,0,646,0.22394194453954697
N016_F-GT_seed0,16,0,647,0.19883016496896744
N016_F-GT_seed0,16,0,648,0.1685689613223076
N016_F-GT_seed0,16,0,649,0.1775178462266922
N016_F-GT_seed0,16,0,650,0.35070963203907013
N016_F-GT_seed0,16,0,651,0.3796510845422745
N016_F-GT_seed0,16,0,652,0.31712890416383743
N016_F-GT_seed0,16,0,653,0.17050949484109879
N016_F-GT_seed0,16,0,654,0.1331600770354271
N016_F-GT_seed0,16,0,655,0.25306299328804016
N016_F-GT_seed0,16,0,656,0.2335512340068817
N016_F-GT_seed0,16,0,657,0.1707766428589821
N016_F-GT_seed0,16,0,658,0.21107633411884308
N016_F-GT_seed0,16,0,659,0.15843207389116287
N016_F-GT_seed0,16,0,660,0.24824608862400055
N016_F-GT_seed0,16,0,661,0.15734800696372986
N016_F-GT_seed0,16,0,662,0.16688809543848038
N016_F-GT_seed0,16,0,663,0.18387579172849655
N016_F-GT_seed0,16,0,664,0.20100472122430801
N016_F-GT_seed0,16,0,665,0.44793157279491425
N016_F-GT_seed0,16,0,666,0.16865411400794983
N016_F-GT_seed0,16,0,667,0.18906547129154205
N016_F-GT_seed0,16,0,668,0.2688933238387108
N016_F-GT_seed0,16,0,669,0.21268583461642265
N016_F-GT_seed0,16,0,670,0.20035071671009064
N016_F-GT_seed0,16,0,671,0.19872739911079407
N016_F-GT_seed0,16,0,672,0.11300100386142731
N016_F-GT_seed0,16,0,673,0.2171815037727356
N016_F-GT_seed0,16,0,674,0.17448318004608154
N016_F-GT_seed0,16,0,675,0.48848776519298553
N016_F-GT_seed0,16,0,676,0.16328831762075424
N016_F-GT_seed0,16,0,677,0.24606209993362427
N016_F-GT_seed0,16,0,678,0.18126489967107773
N016_F-GT_seed0,16,0,679,0.4329623207449913
N016_F-GT_seed0,16,0,680,0.15416867285966873
N016_F-GT_seed0,16,0,681,0.13435626775026321
N016_F-GT_seed0,16,0,682,0.1804834082722664
N016_F-GT_seed0,16,0,683,0.1727743297815323
N016_F-GT_seed0,16,0,684,0.15807213634252548
N016_F-GT_seed0,16,0,685,0.19984377175569534
N016_F-GT_seed0,16,0,686,0.23944592475891113
N016_F-GT_seed0,16,0,687,0.40027208626270294
N016_F-GT_seed0,16,0,688,0.20437658578157425
N016_F-GT_seed0,16,0,689,0.26615918427705765
N016_F-GT_seed0,16,0,690,0.15752379596233368
N016_F-GT_seed0,16,0,691,0.5981859564781189
N016_F-GT_seed0,16,0,692,0.4035942852497101
N016_F-GT_seed0,16,0,693,0.22630034387111664
N016_F-GT_seed0,16,0,694,0.26752902567386627
N016_F-GT_seed0,16,0,695,0.1725406050682068
N016_F-GT_seed0,16,0,696,0.174418643116951
N016_F-GT_seed0,16,0,697,0.14662504196166992
N016_F-GT_seed0,16,0,698,0.15292341262102127
N016_F-GT_seed0,16,0,699,0.32779090106487274
N016_F-GT_seed0,16,0,700,0.12786700576543808
N016_F-GT_seed0,16,0,701,0.14767251908779144
N016_F-GT_seed0,16,0,702,0.2510579861700535
N016_F-GT_seed0,16,0,703,0.17017250508069992
N016_F-GT_seed0,16,0,704,0.2535804808139801
N016_F-GT_seed0,16,0,705,0.20103347301483154
N016_F-GT_seed0,16,0,706,0.15237745642662048
N016_F-GT_seed0,16,0,707,0.14925376325845718
N016_F-GT_seed0,16,0,708,0.13666990771889687
N016_F-GT_seed0,16,0,709,0.15925432741641998
N016_F-GT_seed0,16,0,710,0.22173862159252167
N016_F-GT_seed0,16,0,711,0.22950386255979538
N016_F-GT_seed0,16,0,712,0.23266366124153137
N016_F-GT_seed0,16,0,713,0.1564367413520813
N016_F-GT_seed0,16,0,714,0.17962289601564407
N016_F-GT_seed0,16,0,715,0.18021199107170105
N016_F-GT_seed0,16,0,716,0.15589305758476257
N016_F-GT_seed0,16,0,717,0.22695964574813843
N016_F-GT_seed0,16,0,718,0.19063571095466614
N016_F-GT_seed0,16,0,719,0.24248887598514557
N016_F-GT_seed0,16,0,720,0.13308940082788467
N016_F-GT_seed0,16,0,721,0.16816070675849915
N016_F-GT_seed0,16,0,722,0.233469158411026
N016_F-GT_seed0,16,0,723,0.1647048443555832
N016_F-GT_seed0,16,0,724,0.12264617159962654
N016_F-GT_seed0,16,0,725,0.1424696072936058
N016_F-GT_seed0,16,0,726,0.13894812017679214
N016_F-GT_seed0,16,0,727,0.1743568852543831
N016_F-GT_seed0,16,0,728,0.12109097093343735
N016_F-GT_seed0,16,0,729,0.18867462873458862
N016_F-GT_seed0,16,0,730,0.18071287125349045
N016_F-GT_seed0,16,0,731,0.17626140639185905
N016_F-GT_seed0,16,0,732,0.21920111775398254
N016_F-GT_seed0,16,0,733,0.35580219328403473
N016_F-GT_seed0,16,0,734,0.10766256228089333
N016_F-GT_seed0,16,0,735,0.1585051789879799
N016_F-GT_seed0,16,0,736,0.15696533769369125
N016_F-GT_seed0,16,0,737,0.17557309567928314
N016_F-GT_seed0,16,0,738,0.42095014452934265
N016_F-GT_seed0,16,0,739,0.33855554461479187
N016_F-GT_seed0,16,0,740,0.19160975515842438
N016_F-GT_seed0,16,0,741,0.1957840770483017
N016_F-GT_seed0,16,0,742,0.09599097445607185
N016_F-GT_seed0,16,0,743,0.1441502571105957
N016_F-GT_seed0,16,0,744,0.15468265861272812
N016_F-GT_seed0,16,0,745,0.17918390035629272
N016_F-GT_seed0,16,0,746,0.09837130084633827
N016_F-GT_seed0,16,0,747,0.2561434805393219
N016_F-GT_seed0,16,0,748,0.13966849446296692
N016_F-GT_seed0,16,0,749,0.17857180535793304
N016_F-GT_seed0,16,0,750,0.10788870230317116
N016_F-GT_seed0,16,0,751,0.17586271464824677
N016_F-GT_seed0,16,0,752,0.15494354814291
N016_F-GT_seed0,16,0,753,0.3142160326242447
N016_F-GT_seed0,16,0,754,0.12924416363239288
N016_F-GT_seed0,16,0,755,0.20697135478258133
N016_F-GT_seed0,16,0,756,0.3124355673789978
N016_F-GT_seed0,16,0,757,0.1621956303715706
N016_F-GT_seed0,16,0,758,0.22454896196722984
N016_F-GT_seed0,16,0,759,0.11347388476133347
N016_F-GT_seed0,16,0,760,0.15956192463636398
N016_F-GT_seed0,16,0,761,0.1918281987309456
N016_F-GT_seed0,16,0,762,0.15063518285751343
N016_F-GT_seed0,16,0,763,0.21728937327861786
N016_F-GT_seed0,16,0,764,0.11897320672869682
N016_F-GT_seed0,16,0,765,0.1883087307214737
N016_F-GT_seed0,16,0,766,0.24107807874679565
N016_F-GT_seed0,16,0,767,0.19577407836914062
N016_F-GT_seed0,16,0,768,0.15692362189292908
N016_F-GT_seed0,16,0,769,0.11613666638731956
N016_F-GT_seed0,16,0,770,0.13821197673678398
N016_F-GT_seed0,16,0,771,0.24307630956172943
N016_F-GT_seed0,16,0,772,0.1200653649866581
N016_F-GT_seed0,16,0,773,0.09643951803445816
N016_F-GT_seed0,16,0,774,0.15720181912183762
N016_F-GT_seed0,16,0,775,0.13555173575878143
N016_F-GT_seed0,16,0,776,0.2233233004808426
N016_F-GT_seed0,16,0,777,0.1689157336950302
N016_F-GT_seed0,16,0,778,0.173419751226902
N016_F-GT_seed0,16,0,779,0.19601839780807495
N016_F-GT_seed0,16,0,780,0.19211772084236145
N016_F-GT_seed0,16,0,781,0.18020278215408325
N016_F-GT_seed0,16,0,782,0.14275892078876495
N016_F-GT_seed0,16,0,783,0.16225303709506989
N016_F-GT_seed0,16,0,784,0.17230269312858582
N016_F-GT_seed0,16,0,785,0.12593013793230057
N016_F-GT_seed0,16,0,786,0.21394342184066772
N016_F-GT_seed0,16,0,787,0.16790763288736343
N016_F-GT_seed0,16,0,788,0.19782265275716782
N016_F-GT_seed0,16,0,789,0.2769816853106022
N016_F-GT_seed0,16,0,790,0.1521206572651863
N016_F-GT_seed0,16,0,791,0.23510735481977463
N016_F-GT_seed0,16,0,792,0.1553342044353485
N016_F-GT_seed0,16,0,793,0.10615183040499687
N016_F-GT_seed0,16,0,794,0.12686476856470108
N016_F-GT_seed0,16,0,795,0.31390440464019775
N016_F-GT_seed0,16,0,796,0.17194442451000214
N016_F-GT_seed0,16,0,797,0.17611078172922134
N016_F-GT_seed0,16,0,798,0.13723210245370865
N016_F-GT_seed0,16,0,799,0.18614627048373222
N016_F-GT_seed0,16,0,800,0.0996447466313839
N016_F-GT_seed0,16,0,801,0.1389465481042862
N016_F-GT_seed0,16,0,802,0.21533165127038956
N016_F-GT_seed0,16,0,803,0.11657849699258804
N016_F-GT_seed0,16,0,804,0.14321019127964973
N016_F-GT_seed0,16,0,805,0.15593107789754868
N016_F-GT_seed0,16,0,806,0.1505090370774269
N016_F-GT_seed0,16,0,807,0.08976716920733452
N016_F-GT_seed0,16,0,808,0.2000030092895031
N016_F-GT_seed0,16,0,809,0.23075854033231735
N016_F-GT_seed0,16,0,810,0.15526441484689713
N016_F-GT_seed0,16,0,811,0.1348653808236122
N016_F-GT_seed0,16,0,812,0.12568791955709457
N016_F-GT_seed0,16,0,813,0.15961509943008423
N016_F-GT_seed0,16,0,814,0.20499306917190552
N016_F-GT_seed0,16,0,815,0.08711664378643036
N016_F-GT_seed0,16,0,816,0.16092578321695328
N016_F-GT_seed0,16,0,817,0.10357563197612762
N016_F-GT_seed0,16,0,818,0.09175550937652588
N016_F-GT_seed0,16,0,819,0.11869563907384872
N016_F-GT_seed0,16,0,820,0.13450713455677032
N016_F-GT_seed0,16,0,821,0.11021212115883827
N016_F-GT_seed0,16,0,822,0.17868070304393768
N016_F-GT_seed0,16,0,823,0.1202918067574501
N016_F-GT_seed0,16,0,824,0.14270927011966705
N016_F-GT_seed0,16,0,825,0.07291028648614883
N016_F-GT_seed0,16,0,826,0.1293005421757698
N016_F-GT_seed0,16,0,827,0.12393658980727196
N016_F-GT_seed0,16,0,828,0.09084505215287209
N016_F-GT_seed0,16,0,829,0.26649968326091766
N016_F-GT_seed0,16,0,830,0.08407564461231232
N016_F-GT_seed0,16,0,831,0.16325069963932037
N016_F-GT_seed0,16,0,832,0.19613610953092575
N016_F-GT_seed0,16,0,833,0.1438547521829605
N016_F-GT_seed0,16,0,834,0.09481852874159813
N016_F-GT_seed0,16,0,835,0.11126295104622841
N016_F-GT_seed0,16,0,836,0.11331883817911148
N016_F-GT_seed0,16,0,837,0.09468991681933403
N016_F-GT_seed0,16,0,838,0.182059183716774
N016_F-GT_seed0,16,0,839,0.10063473135232925
N016_F-GT_seed0,16,0,840,0.19404225796461105
N016_F-GT_seed0,16,0,841,0.10486109554767609
N016_F-GT_seed0,16,0,842,0.113763477653265
N016_F-GT_seed0,16,0,843,0.21281927824020386
N016_F-GT_seed0,16,0,844,0.16757167130708694
N016_F-GT_seed0,16,0,845,0.14926736801862717
N016_F-GT_seed0,16,0,846,0.09524691849946976
N016_F-GT_seed0,16,0,847,0.1396845392882824
N016_F-GT_seed0,16,0,848,0.10114068910479546
N016_F-GT_seed0,16,0,849,0.11852486431598663
N016_F-GT_seed0,16,0,850,0.17577172815799713
N016_F-GT_seed0,16,0,851,0.14007723331451416
N016_F-GT_seed0,16,0,852,0.18807704746723175
N016_F-GT_seed0,16,0,853,0.21034615486860275
N016_F-GT_seed0,16,0,854,0.2655908167362213
N016_F-GT_seed0,16,0,855,0.14606288075447083
N016_F-GT_seed0,16,0,856,0.11169715598225594
N016_F-GT_seed0,16,0,857,0.2041788063943386
N016_F-GT_seed0,16,0,858,0.10644622147083282
N016_F-GT_seed0,16,0,859,0.30877040326595306
N016_F-GT_seed0,16,0,860,0.21570569276809692
N016_F-GT_seed0,16,0,861,0.15845462679862976
N016_F-GT_seed0,16,0,862,0.16518499702215195
N016_F-GT_seed0,16,0,863,0.1582544669508934
N016_F-GT_seed0,16,0,864,0.07432503066956997
N016_F-GT_seed0,16,0,865,0.15098416805267334
N016_F-GT_seed0,16,0,866,0.11637773364782333
N016_F-GT_seed0,16,0,867,0.5229151397943497
N016_F-GT_seed0,16,0,868,0.3129066675901413
N016_F-GT_seed0,16,0,869,0.24374820291996002
N016_F-GT_seed0,16,0,870,0.21958938241004944
N016_F-GT_seed0,16,0,871,0.19736433774232864
N016_F-GT_seed0,16,0,872,0.11707956716418266
N016_F-GT_seed0,16,0,873,0.10745523124933243
N016_F-GT_seed0,16,0,874,0.1810402311384678
N016_F-GT_seed0,16,0,875,0.14382456988096237
N016_F-GT_seed0,16,0,876,0.12070466205477715
N016_F-GT_seed0,16,0,877,0.17943579703569412
N016_F-GT_seed0,16,0,878,0.13050482794642448
N016_F-GT_seed0,16,0,879,0.13327888399362564
N016_F-GT_seed0,16,0,880,0.1339729167521
N016_F-GT_seed0,16,0,881,0.14318783953785896
N016_F-GT_seed0,16,0,882,0.22231411933898926
N016_F-GT_seed0,16,0,883,0.11602818965911865
N016_F-GT_seed0,16,0,884,0.2200828194618225
N016_F-GT_seed0,16,0,885,0.09544337913393974
N016_F-GT_seed0,16,0,886,0.09662067517638206
N016_F-GT_seed0,16,0,887,0.13054900616407394
N016_F-GT_seed0,16,0,888,0.08166614919900894
N016_F-GT_seed0,16,0,889,0.1527053490281105
N016_F-GT_seed0,16,0,890,0.11569800600409508
N016_F-GT_seed0,16,0,891,0.17230091989040375
N016_F-GT_seed0,16,0,892,0.12276239693164825
N016_F-GT_seed0,16,0,893,0.1140374019742012
N016_F-GT_seed0,16,0,894,0.11251583695411682
N016_F-GT_seed0,16,0,895,0.15228599309921265
N016_F-GT_seed0,16,0,896,0.128652922809124
N016_F-GT_seed0,16,0,897,0.12935521826148033
N016_F-GT_seed0,16,0,898,0.10850183665752411
N016_F-GT_seed0,16,0,899,0.1340576410293579
N016_F-GT_seed0,16,0,900,0.10958041995763779
N016_F-GT_seed0,16,0,901,0.14417800307273865
N016_F-GT_seed0,16,0,902,0.12208349630236626
N016_F-GT_seed0,16,0,903,0.1429540291428566
N016_F-GT_seed0,16,0,904,0.18970686942338943
N016_F-GT_seed0,16,0,905,0.11936469376087189
N016_F-GT_seed0,16,0,906,0.10927262902259827
N016_F-GT_seed0,16,0,907,0.10543826222419739
N016_F-GT_seed0,16,0,908,0.09449737891554832
N016_F-GT_seed0,16,0,909,0.15879202634096146
N016_F-GT_seed0,16,0,910,0.08816324546933174
N016_F-GT_seed0,16,0,911,0.07432844489812851
N016_F-GT_seed0,16,0,912,0.20724975317716599
N016_F-GT_seed0,16,0,913,0.11829905956983566
N016_F-GT_seed0,16,0,914,0.10127287730574608
N016_F-GT_seed0,16,0,915,0.09738417342305183
N016_F-GT_seed0,16,0,916,0.0872168056666851
N016_F-GT_seed0,16,0,917,0.07983358576893806
N016_F-GT_seed0,16,0,918,0.1198137179017067
N016_F-GT_seed0,16,0,919,0.1719389706850052
N016_F-GT_seed0,16,0,920,0.0809785183519125
N016_F-GT_seed0,16,0,921,0.10707979276776314
N016_F-GT_seed0,16,0,922,0.1197613775730133
N016_F-GT_seed0,16,0,923,0.13660655170679092
N016_F-GT_seed0,16,0,924,0.0806979387998581
N016_F-GT_seed0,16,0,925,0.12083357572555542
N016_F-GT_seed0,16,0,926,0.08979983627796173
N016_F-GT_seed0,16,0,927,0.260903999209404
N016_F-GT_seed0,16,0,928,0.08849722892045975
N016_F-GT_seed0,16,0,929,0.12984160333871841
N016_F-GT_seed0,16,0,930,0.09148111566901207
N016_F-GT_seed0,16,0,931,0.08552493900060654
N016_F-GT_seed0,16,0,932,0.2545042708516121
N016_F-GT_seed0,16,0,933,0.11590602993965149
N016_F-GT_seed0,16,0,934,0.1794905886054039
N016_F-GT_seed0,16,0,935,0.1347779855132103
N016_F-GT_seed0,16,0,936,0.11726409569382668
N016_F-GT_seed0,16,0,937,0.10008693113923073
N016_F-GT_seed0,16,0,938,0.1100153848528862
N016_F-GT_seed0,16,0,939,0.15732113271951675
N016_F-GT_seed0,16,0,940,0.1772409938275814
N016_F-GT_seed0,16,0,941,0.13832968473434448
N016_F-GT_seed0,16,0,942,0.1344006136059761
N016_F-GT_seed0,16,0,943,0.11072489619255066
N016_F-GT_seed0,16,0,944,0.1349457912147045
N016_F-GT_seed0,16,0,945,0.11106067895889282
N016_F-GT_seed0,16,0,946,0.08154567144811153
N016_F-GT_seed0,16,0,947,0.14861978590488434
N016_F-GT_seed0,16,0,948,0.17468095570802689
N016_F-GT_seed0,16,0,949,0.09274990111589432
N016_F-GT_seed0,16,0,950,0.15127232670783997
N016_F-GT_seed0,16,0,951,0.10578044131398201
N016_F-GT_seed0,16,0,952,0.16737808287143707
N016_F-GT_seed0,16,0,953,0.11398319900035858
N016_F-GT_seed0,16,0,954,0.09709042310714722
N016_F-GT_seed0,16,0,955,0.14949680864810944
N016_F-GT_seed0,16,0,956,0.1264794021844864
N016_F-GT_seed0,16,0,957,0.0882863700389862
N016_F-GT_seed0,16,0,958,0.12222231924533844
N016_F-GT_seed0,16,0,959,0.11747882515192032
N016_F-GT_seed0,16,0,960,0.12516747042536736
N016_F-GT_seed0,16,0,961,0.14814287424087524
N016_F-GT_seed0,16,0,962,0.09276916086673737
N016_F-GT_seed0,16,0,963,0.1091657504439354
N016_F-GT_seed0,16,0,964,0.11449427157640457
N016_F-GT_seed0,16,0,965,0.06527812965214252
N016_F-GT_seed0,16,0,966,0.11476372182369232
N016_F-GT_seed0,16,0,967,0.06319485977292061
N016_F-GT_seed0,16,0,968,0.1723252385854721
N016_F-GT_seed0,16,0,969,0.1484023742377758
N016_F-GT_seed0,16,0,970,0.15450644120573997
N016_F-GT_seed0,16,0,971,0.06718132272362709
N016_F-GT_seed0,16,0,972,0.11955640092492104
N016_F-GT_seed0,16,0,973,0.36157484725117683
N016_F-GT_seed0,16,0,974,0.27628812193870544
N016_F-GT_seed0,16,0,975,0.5056513696908951
N016_F-GT_seed0,16,0,976,0.1350170224905014
N016_F-GT_seed0,16,0,977,0.1156153604388237
N016_F-GT_seed0,16,0,978,0.17557686567306519
N016_F-GT_seed0,16,0,979,0.14745599031448364
N016_F-GT_seed0,16,0,980,0.11428805813193321
N016_F-GT_seed0,16,0,981,0.14928975701332092
N016_F-GT_seed0,16,0,982,0.060850635170936584
N016_F-GT_seed0,16,0,983,0.16297421604394913
N016_F-GT_seed0,16,0,984,0.10866323113441467
N016_F-GT_seed0,16,0,985,0.1108282208442688
N016_F-GT_seed0,16,0,986,0.1548994928598404
N016_F-GT_seed0,16,0,987,0.158843033015728
N016_F-GT_seed0,16,0,988,0.09541214257478714
N016_F-GT_seed0,16,0,989,0.11288066580891609
N016_F-GT_seed0,16,0,990,0.08013700507581234
N016_F-GT_seed0,16,0,991,0.06717005558311939
N016_F-GT_seed0,16,0,992,0.104255311191082
N016_F-GT_seed0,16,0,993,0.0701637789607048
N016_F-GT_seed0,16,0,994,0.27765442058444023
N016_F-GT_seed0,16,0,995,0.08643224835395813
N016_F-GT_seed0,16,0,996,0.16225831024348736
N016_F-GT_seed0,16,0,997,0.13366320729255676
N016_F-GT_seed0,16,0,998,0.10609881766140461
N016_F-GT_seed0,16,0,999,0.09198995679616928
N016_F-GT_seed0,16,0,1000,0.07721623964607716
N016_F-GT_seed1,16,1,1,1.1855955123901367
N016_F-GT_seed1,16,1,2,1.3623607158660889
N016_F-GT_seed1,16,1,3,1.06705904006958
N016_F-GT_seed1,16,1,4,1.3284982442855835
N016_F-GT_seed1,16,1,5,1.12937331199646
N016_F-GT_seed1,16,1,6,1.4485515356063843
N016_F-GT_seed1,16,1,7,1.3341549634933472
N016_F-GT_seed1,16,1,8,1.2844583988189697
N016_F-GT_seed1,16,1,9,1.1473929286003113
N016_F-GT_seed1,16,1,10,1.3877935409545898
N016_F-GT_seed1,16,1,11,1.1398450136184692
N016_F-GT_seed1,16,1,12,1.1286063492298126
N016_F-GT_seed1,16,1,13,1.119486391544342
N016_F-GT_seed1,16,1,14,1.207444965839386
N016_F-GT_seed1,16,1,15,1.2296339273452759
N016_F-GT_seed1,16,1,16,1.1886180639266968
N016_F-GT_seed1,16,1,17,1.0879672169685364
N016_F-GT_seed1,16,1,18,1.235244333744049
N016_F-GT_seed1,16,1,19,1.1980002522468567
N016_F-GT_seed1,16,1,20,1.2238332033157349
N016_F-GT_seed1,16,1,21,1.1421570777893066
N016_F-GT_seed1,16,1,22,1.4701557159423828
N016_F-GT_seed1,16,1,23,1.1190046668052673
N016_F-GT_seed1,16,1,24,1.27767813205719
N016_F-GT_seed1,16,1,25,1.289377748966217
N016_F-GT_seed1,16,1,26,0.9388152956962585
N016_F-GT_seed1,16,1,27,1.0918415188789368
N016_F-GT_seed1,16,1,28,1.2039458751678467
N016_F-GT_seed1,16,1,29,1.2384938597679138
N016_F-GT_seed1,16,1,30,1.0504458248615265
N016_F-GT_seed1,16,1,31,1.3024821281433105
N016_F-GT_seed1,16,1,32,1.127759575843811
N016_F-GT_seed1,16,1,33,1.1917457580566406
N016_F-GT_seed1,16,1,34,1.1690040826797485
N016_F-GT_seed1,16,1,35,1.1540138125419617
N016_F-GT_seed1,16,1,36,1.07007896900177
N016_F-GT_seed1,16,1,37,1.1628431677818298
N016_F-GT_seed1,16,1,38,1.2737109065055847
N016_F-GT_seed1,16,1,39,1.27298241853714
N016_F-GT_seed1,16,1,40,0.927155464887619
N016_F-GT_seed1,16,1,41,1.2334240674972534
N016_F-GT_seed1,16,1,42,1.3710796236991882
N016_F-GT_seed1,16,1,43,1.1706528663635254
N016_F-GT_seed1,16,1,44,1.100476324558258
N016_F-GT_seed1,16,1,45,1.2928256392478943
N016_F-GT_seed1,16,1,46,1.3463116884231567
N016_F-GT_seed1,16,1,47,1.0994974374771118
N016_F-GT_seed1,16,1,48,1.1145590543746948
N016_F-GT_seed1,16,1,49,1.1126121878623962
N016_F-GT_seed1,16,1,50,1.1569690108299255
N016_F-GT_seed1,16,1,51,1.0467374920845032
N016_F-GT_seed1,16,1,52,1.1965174674987793
N016_F-GT_seed1,16,1,53,1.110521674156189
N016_F-GT_seed1,16,1,54,1.0866429805755615
N016_F-GT_seed1,16,1,55,1.1307314038276672
N016_F-GT_seed1,16,1,56,1.37309992313385
N016_F-GT_seed1,16,1,57,1.2619668245315552
N016_F-GT_seed1,16,1,58,1.0834065079689026
N016_F-GT_seed1,16,1,59,1.2647237181663513
N016_F-GT_seed1,16,1,60,1.1746469736099243
N016_F-GT_seed1,16,1,61,1.2729833722114563
N016_F-GT_seed1,16,1,62,1.127165049314499
N016_F-GT_seed1,16,1,63,1.0870698690414429
N016_F-GT_seed1,16,1,64,1.1528074145317078
N016_F-GT_seed1,16,1,65,1.109591394662857
N016_F-GT_seed1,16,1,66,1.2697149515151978
N016_F-GT_seed1,16,1,67,1.1845294833183289
N016_F-GT_seed1,16,1,68,1.1671150922775269
N016_F-GT_seed1,16,1,69,1.0881856083869934
N016_F-GT_seed1,16,1,70,1.0209974646568298
N016_F-GT_seed1,16,1,71,1.2044433951377869
N016_F-GT_seed1,16,1,72,1.1955260038375854
N016_F-GT_seed1,16,1,73,1.2547582983970642
N016_F-GT_seed1,16,1,74,1.258507251739502
N016_F-GT_seed1,16,1,75,1.1391786932945251
N016_F-GT_seed1,16,1,76,1.1292365789413452
N016_F-GT_seed1,16,1,77,1.3069250583648682
N016_F-GT_seed1,16,1,78,1.018858790397644
N016_F-GT_seed1,16,1,79,1.1207870841026306
N016_F-GT_seed1,16,1,80,1.2299135327339172
N016_F-GT_seed1,16,1,81,1.104831337928772
N016_F-GT_seed1,16,1,82,1.1375315189361572
N016_F-GT_seed1,16,1,83,1.1394109725952148
N016_F-GT_seed1,16,1,84,1.0968360304832458
N016_F-GT_seed1,16,1,85,1.2874615788459778
N016_F-GT_seed1,16,1,86,1.1107170581817627
N016_F-GT_seed1,16,1,87,1.0599036812782288
N016_F-GT_seed1,16,1,88,1.2990397810935974
N016_F-GT_seed1,16,1,89,1.128581941127777
N016_F-GT_seed1,16,1,90,1.2129125595092773
N016_F-GT_seed1,16,1,91,1.12381249666214
N016_F-GT_seed1,16,1,92,1.031494140625
N016_F-GT_seed1,16,1,93,1.0896944999694824
N016_F-GT_seed1,16,1,94,1.1067573130130768
N016_F-GT_seed1,16,1,95,1.262856125831604
N016_F-GT_seed1,16,1,96,1.1771093010902405
N016_F-GT_seed1,16,1,97,1.0738201439380646
N016_F-GT_seed1,16,1,98,0.9643793106079102
N016_F-GT_seed1,16,1,99,1.1272888779640198
N016_F-GT_seed1,16,1,100,1.0938116908073425
N016_F-GT_seed1,16,1,101,1.1205171942710876
N016_F-GT_seed1,16,1,102,1.1196817755699158
N016_F-GT_seed1,16,1,103,1.1437925696372986
N016_F-GT_seed1,16,1,104,0.9309353232383728
N016_F-GT_seed1,16,1,105,1.1492702960968018
N016_F-GT_seed1,16,1,106,1.0837479829788208
N016_F-GT_seed1,16,1,107,0.9475628733634949
N016_F-GT_seed1,16,1,108,1.0932167172431946
N016_F-GT_seed1,16,1,109,0.935608446598053
N016_F-GT_seed1,16,1,110,1.162240743637085
N016_F-GT_seed1,16,1,111,0.9612062275409698
N016_F-GT_seed1,16,1,112,1.0568667650222778
N016_F-GT_seed1,16,1,113,0.9961147010326385
N016_F-GT_seed1,16,1,114,1.1006684303283691
N016_F-GT_seed1,16,1,115,1.153403878211975
N016_F-GT_seed1,16,1,116,1.0583945512771606
N016_F-GT_seed1,16,1,117,0.978533536195755
N016_F-GT_seed1,16,1,118,0.9497698247432709
N016_F-GT_seed1,16,1,119,1.0162307620048523
N016_F-GT_seed1,16,1,120,0.9584726691246033
N016_F-GT_seed1,16,1,121,1.0944827795028687
N016_F-GT_seed1,16,1,122,1.0403243601322174
N016_F-GT_seed1,16,1,123,1.0032678544521332
N016_F-GT_seed1,16,1,124,1.1892879009246826
N016_F-GT_seed1,16,1,125,1.0766438245773315
N016_F-GT_seed1,16,1,126,0.9707636833190918
N016_F-GT_seed1,16,1,127,0.9724836945533752
N016_F-GT_seed1,16,1,128,0.9312934875488281
N016_F-GT_seed1,16,1,129,0.9137142896652222
N016_F-GT_seed1,16,1,130,1.1340909004211426
N016_F-GT_seed1,16,1,131,0.9306350648403168
N016_F-GT_seed1,16,1,132,0.9349981844425201
N016_F-GT_seed1,16,1,133,1.123864769935608
N016_F-GT_seed1,16,1,134,1.2787442207336426
N016_F-GT_seed1,16,1,135,0.9284335374832153
N016_F-GT_seed1,16,1,136,1.2048941850662231
N016_F-GT_seed1,16,1,137,1.0247569680213928
N016_F-GT_seed1,16,1,138,1.1299521923065186
N016_F-GT_seed1,16,1,139,1.1822347044944763
N016_F-GT_seed1,16,1,140,0.9657906889915466
N016_F-GT_seed1,16,1,141,0.9713988900184631
N016_F-GT_seed1,16,1,142,1.1422840356826782
N016_F-GT_seed1,16,1,143,1.0442131757736206
N016_F-GT_seed1,16,1,144,1.1027281880378723
N016_F-GT_seed1,16,1,145,0.9108291864395142
N016_F-GT_seed1,16,1,146,0.9758574664592743
N016_F-GT_seed1,16,1,147,0.847741425037384
N016_F-GT_seed1,16,1,148,1.0025717616081238
N016_F-GT_seed1,16,1,149,0.8803067207336426
N016_F-GT_seed1,16,1,150,0.9284878671169281
N016_F-GT_seed1,16,1,151,0.877263993024826
N016_F-GT_seed1,16,1,152,0.8697605431079865
N016_F-GT_seed1,16,1,153,0.9451596438884735
N016_F-GT_seed1,16,1,154,1.1672839522361755
N016_F-GT_seed1,16,1,155,1.0011098086833954
N016_F-GT_seed1,16,1,156,0.8387198448181152
N016_F-GT_seed1,16,1,157,0.9548755288124084
N016_F-GT_seed1,16,1,158,0.9082180261611938
N016_F-GT_seed1,16,1,159,0.910599559545517
N016_F-GT_seed1,16,1,160,0.9929855465888977
N016_F-GT_seed1,16,1,161,0.9374581277370453
N016_F-GT_seed1,16,1,162,1.0305252373218536
N016_F-GT_seed1,16,1,163,1.0096434354782104
N016_F-GT_seed1,16,1,164,0.9249337613582611
N016_F-GT_seed1,16,1,165,0.8852483332157135
N016_F-GT_seed1,16,1,166,0.7756766080856323
N016_F-GT_seed1,16,1,167,0.9919119477272034
N016_F-GT_seed1,16,1,168,0.8745984435081482
N016_F-GT_seed1,16,1,169,1.00285404920578
N016_F-GT_seed1,16,1,170,0.999444305896759
N016_F-GT_seed1,16,1,171,0.9979039430618286
N016_F-GT_seed1,16,1,172,0.9467968046665192
N016_F-GT_seed1,16,1,173,1.0607714354991913
N016_F-GT_seed1,16,1,174,0.8929248452186584
N016_F-GT_seed1,16,1,175,0.8952693939208984
N016_F-GT_seed1,16,1,176,1.1047146916389465
N016_F-GT_seed1,16,1,177,0.8503884673118591
N016_F-GT_seed1,16,1,178,0.8471718728542328
N016_F-GT_seed1,16,1,179,0.8804305791854858
N016_F-GT_seed1,16,1,180,0.914689838886261
N016_F-GT_seed1,16,1,181,0.6594216227531433
N016_F-GT_seed1,16,1,182,0.8690249919891357
N016_F-GT_seed1,16,1,183,0.9813545644283295
N016_F-GT_seed1,16,1,184,0.9281562864780426
N016_F-GT_seed1,16,1,185,0.9079870283603668
N016_F-GT_seed1,16,1,186,0.8571568727493286
N016_F-GT_seed1,16,1,187,0.8602149188518524
N016_F-GT_seed1,16,1,188,0.9728976488113403
N016_F-GT_seed1,16,1,189,0.9146166443824768
N016_F-GT_seed1,16,1,190,0.80973681807518
N016_F-GT_seed1,16,1,191,0.8266128599643707
N016_F-GT_seed1,16,1,192,0.9075828194618225
N016_F-GT_seed1,16,1,193,1.1439512372016907
N016_F-GT_seed1,16,1,194,0.9149364233016968
N016_F-GT_seed1,16,1,195,0.8004434704780579
N016_F-GT_seed1,16,1,196,1.1346627473831177
N016_F-GT_seed1,16,1,197,0.8601948320865631
N016_F-GT_seed1,16,1,198,0.9242917597293854
N016_F-GT_seed1,16,1,199,0.8319650292396545
N016_F-GT_seed1,16,1,200,0.8802867829799652
N016_F-GT_seed1,16,1,201,0.8912922441959381
N016_F-GT_seed1,16,1,202,0.7418184876441956
N016_F-GT_seed1,16,1,203,0.7360656559467316
N016_F-GT_seed1,16,1,204,0.8936431407928467
N016_F-GT_seed1,16,1,205,0.8160203397274017
N016_F-GT_seed1,16,1,206,0.7929520010948181
N016_F-GT_seed1,16,1,207,0.7763468623161316
N016_F-GT_seed1,16,1,208,0.7502398788928986
N016_F-GT_seed1,16,1,209,0.8493216633796692
N016_F-GT_seed1,16,1,210,0.8970611989498138
N016_F-GT_seed1,16,1,211,0.8872962594032288
N016_F-GT_seed1,16,1,212,1.0587689876556396
N016_F-GT_seed1,16,1,213,0.8729465901851654
N016_F-GT_seed1,16,1,214,1.0586277842521667
N016_F-GT_seed1,16,1,215,0.876893013715744
N016_F-GT_seed1,16,1,216,0.696067601442337
N016_F-GT_seed1,16,1,217,0.8816125988960266
N016_F-GT_seed1,16,1,218,0.8527485728263855
N016_F-GT_seed1,16,1,219,0.810499906539917
N016_F-GT_seed1,16,1,220,0.7418250143527985
N016_F-GT_seed1,16,1,221,0.8679589033126831
N016_F-GT_seed1,16,1,222,0.7209831178188324
N016_F-GT_seed1,16,1,223,0.7006774544715881
N016_F-GT_seed1,16,1,224,0.780571460723877
N016_F-GT_seed1,16,1,225,0.6970808804035187
N016_F-GT_seed1,16,1,226,0.8106637299060822
N016_F-GT_seed1,16,1,227,0.7359108924865723
N016_F-GT_seed1,16,1,228,0.5869948863983154
N016_F-GT_seed1,16,1,229,0.7422557473182678
N016_F-GT_seed1,16,1,230,0.7410436570644379
N016_F-GT_seed1,16,1,231,0.8207734823226929
N016_F-GT_seed1,16,1,232,0.9211693406105042
N016_F-GT_seed1,16,1,233,0.6951975226402283
N016_F-GT_seed1,16,1,234,0.6404261589050293
N016_F-GT_seed1,16,1,235,0.7723773419857025
N016_F-GT_seed1,16,1,236,0.7359518706798553
N016_F-GT_seed1,16,1,237,0.8391341865062714
N016_F-GT_seed1,16,1,238,0.6561199724674225
N016_F-GT_seed1,16,1,239,0.7553390264511108
N016_F-GT_seed1,16,1,240,0.7022628486156464
N016_F-GT_seed1,16,1,241,0.7653710246086121
N016_F-GT_seed1,16,1,242,0.922769159078598
N016_F-GT_seed1,16,1,243,0.8405932188034058
N016_F-GT_seed1,16,1,244,0.7625862658023834
N016_F-GT_seed1,16,1,245,0.5616349577903748
N016_F-GT_seed1,16,1,246,0.5904686152935028
N016_F-GT_seed1,16,1,247,0.6724169850349426
N016_F-GT_seed1,16,1,248,0.6270927786827087
N016_F-GT_seed1,16,1,249,0.5560878813266754
N016_F-GT_seed1,16,1,250,0.5563767850399017
N016_F-GT_seed1,16,1,251,0.7866154909133911
N016_F-GT_seed1,16,1,252,0.6196094453334808
N016_F-GT_seed1,16,1,253,0.6622596383094788
N016_F-GT_seed1,16,1,254,0.6816962361335754
N016_F-GT_seed1,16,1,255,0.5257773995399475
N016_F-GT_seed1,16,1,256,0.6732878983020782
N016_F-GT_seed1,16,1,257,0.8743624687194824
N016_F-GT_seed1,16,1,258,0.572430744767189
N016_F-GT_seed1,16,1,259,0.7099366784095764
N016_F-GT_seed1,16,1,260,0.5016233026981354
N016_F-GT_seed1,16,1,261,0.7105207741260529
N016_F-GT_seed1,16,1,262,0.5039525181055069
N016_F-GT_seed1,16,1,263,0.5020538419485092
N016_F-GT_seed1,16,1,264,0.6551244258880615
N016_F-GT_seed1,16,1,265,0.4848143458366394
N016_F-GT_seed1,16,1,266,0.5801179707050323
N016_F-GT_seed1,16,1,267,0.6352596282958984
N016_F-GT_seed1,16,1,268,0.7213032245635986
N016_F-GT_seed1,16,1,269,0.5085027515888214
N016_F-GT_seed1,16,1,270,0.7658239901065826
N016_F-GT_seed1,16,1,271,0.5689632445573807
N016_F-GT_seed1,16,1,272,0.7581265866756439
N016_F-GT_seed1,16,1,273,0.5267498791217804
N016_F-GT_seed1,16,1,274,0.5137500315904617
N016_F-GT_seed1,16,1,275,0.49598589539527893
N016_F-GT_seed1,16,1,276,0.5107352137565613
N016_F-GT_seed1,16,1,277,0.49022649228572845
N016_F-GT_seed1,16,1,278,0.42952723801136017
N016_F-GT_seed1,16,1,279,0.5659069418907166
N016_F-GT_seed1,16,1,280,0.3948621451854706
N016_F-GT_seed1,16,1,281,0.5756148993968964
N016_F-GT_seed1,16,1,282,0.39972710609436035
N016_F-GT_seed1,16,1,283,0.6669642478227615
N016_F-GT_seed1,16,1,284,0.5029286891222
N016_F-GT_seed1,16,1,285,0.49919888377189636
N016_F-GT_seed1,16,1,286,0.3086692690849304
N016_F-GT_seed1,16,1,287,0.5466372072696686
N016_F-GT_seed1,16,1,288,0.3104056417942047
N016_F-GT_seed1,16,1,289,0.46475887298583984
N016_F-GT_seed1,16,1,290,0.5673220455646515
N016_F-GT_seed1,16,1,291,0.4422261714935303
N016_F-GT_seed1,16,1,292,0.5810914039611816
N016_F-GT_seed1,16,1,293,0.7253422290086746
N016_F-GT_seed1,16,1,294,0.5609117746353149
N016_F-GT_seed1,16,1,295,0.3489159941673279
N016_F-GT_seed1,16,1,296,0.3011486381292343
N016_F-GT_seed1,16,1,297,0.7497290968894958
N016_F-GT_seed1,16,1,298,0.6241152882575989
N016_F-GT_seed1,16,1,299,0.4510936439037323
N016_F-GT_seed1,16,1,300,0.5870661437511444
N016_F-GT_seed1,16,1,301,0.4349900186061859
N016_F-GT_seed1,16,1,302,0.28611718118190765
N016_F-GT_seed1,16,1,303,0.447715699672699
N016_F-GT_seed1,16,1,304,0.4227317124605179
N016_F-GT_seed1,16,1,305,0.5733477920293808
N016_F-GT_seed1,16,1,306,0.44343601167201996
N016_F-GT_seed1,16,1,307,0.46231845021247864
N016_F-GT_seed1,16,1,308,0.27094073593616486
N016_F-GT_seed1,16,1,309,0.4489850401878357
N016_F-GT_seed1,16,1,310,0.3440603017807007
N016_F-GT_seed1,16,1,311,0.49704012274742126
N016_F-GT_seed1,16,1,312,0.3728686273097992
N016_F-GT_seed1,16,1,313,0.46119481325149536
N016_F-GT_seed1,16,1,314,0.5613012909889221
N016_F-GT_seed1,16,1,315,0.4486801028251648
N016_F-GT_seed1,16,1,316,0.27155496180057526
N016_F-GT_seed1,16,1,317,0.25957122445106506
N016_F-GT_seed1,16,1,318,0.44322469830513
N016_F-GT_seed1,16,1,319,0.32491736114025116
N016_F-GT_seed1,16,1,320,0.365942046046257
N016_F-GT_seed1,16,1,321,0.5194824635982513
N016_F-GT_seed1,16,1,322,0.48653191328048706
N016_F-GT_seed1,16,1,323,0.391780287027359
N016_F-GT_seed1,16,1,324,0.3988925516605377
N016_F-GT_seed1,16,1,325,0.24476315081119537
N016_F-GT_seed1,16,1,326,0.42146560549736023
N016_F-GT_seed1,16,1,327,0.24491991102695465
N016_F-GT_seed1,16,1,328,0.334463506937027
N016_F-GT_seed1,16,1,329,0.3593020886182785
N016_F-GT_seed1,16,1,330,0.37203702330589294
N016_F-GT_seed1,16,1,331,0.352923721075058
N016_F-GT_seed1,16,1,332,0.8045247793197632
N016_F-GT_seed1,16,1,333,0.32084228843450546
N016_F-GT_seed1,16,1,334,0.38630837202072144
N016_F-GT_seed1,16,1,335,0.4857889264822006
N016_F-GT_seed1,16,1,336,0.4085151329636574
N016_F-GT_seed1,16,1,337,0.38270457088947296
N016_F-GT_seed1,16,1,338,0.3549589663743973
N016_F-GT_seed1,16,1,339,0.47347351908683777
N016_F-GT_seed1,16,1,340,0.4259733408689499
N016_F-GT_seed1,16,1,341,0.3138979598879814
N016_F-GT_seed1,16,1,342,0.5888470113277435
N016_F-GT_seed1,16,1,343,0.47721433639526367
N016_F-GT_seed1,16,1,344,0.2589964270591736
N016_F-GT_seed1,16,1,345,0.42909862101078033
N016_F-GT_seed1,16,1,346,0.5994837731122971
N016_F-GT_seed1,16,1,347,0.49865978956222534
N016_F-GT_seed1,16,1,348,0.3916597068309784
N016_F-GT_seed1,16,1,349,0.46887796372175217
N016_F-GT_seed1,16,1,350,0.4405542016029358
N016_F-GT_seed1,16,1,351,0.4452265501022339
N016_F-GT_seed1,16,1,352,0.3103373944759369
N016_F-GT_seed1,16,1,353,0.25079210847616196
N016_F-GT_seed1,16,1,354,0.43640799820423126
N016_F-GT_seed1,16,1,355,0.3012181371450424
N016_F-GT_seed1,16,1,356,0.26863662898540497
N016_F-GT_seed1,16,1,357,0.44948291778564453
N016_F-GT_seed1,16,1,358,0.280939519405365
N016_F-GT_seed1,16,1,359,0.46694836020469666
N016_F-GT_seed1,16,1,360,0.24155183136463165
N016_F-GT_seed1,16,1,361,0.3326209932565689
N016_F-GT_seed1,16,1,362,0.33083370327949524
N016_F-GT_seed1,16,1,363,0.24983708560466766
N016_F-GT_seed1,16,1,364,0.1937842294573784
N016_F-GT_seed1,16,1,365,0.36062632501125336
N016_F-GT_seed1,16,1,366,0.6225095987319946
N016_F-GT_seed1,16,1,367,0.18931233882904053
N016_F-GT_seed1,16,1,368,0.6444101184606552
N016_F-GT_seed1,16,1,369,0.30050988495349884
N016_F-GT_seed1,16,1,370,0.20780375599861145
N016_F-GT_seed1,16,1,371,0.35960493981838226
N016_F-GT_seed1,16,1,372,0.2537001520395279
N016_F-GT_seed1,16,1,373,0.14914700388908386
N016_F-GT_seed1,16,1,374,0.19345280528068542
N016_F-GT_seed1,16,1,375,0.4567529112100601
N016_F-GT_seed1,16,1,376,0.2708696946501732
N016_F-GT_seed1,16,1,377,0.26312340795993805
N016_F-GT_seed1,16,1,378,0.43951722979545593
N016_F-GT_seed1,16,1,379,0.18889853358268738
N016_F-GT_seed1,16,1,380,0.29508574306964874
N016_F-GT_seed1,16,1,381,0.5137867107987404
N016_F-GT_seed1,16,1,382,0.23454250395298004
N016_F-GT_seed1,16,1,383,0.4682549387216568
N016_F-GT_seed1,16,1,384,0.25654972344636917
N016_F-GT_seed1,16,1,385,0.3096417337656021
N016_F-GT_seed1,16,1,386,0.26390133798122406
N016_F-GT_seed1,16,1,387,0.28581005334854126
N016_F-GT_seed1,16,1,388,0.279943585395813
N016_F-GT_seed1,16,1,389,0.20244818180799484
N016_F-GT_seed1,16,1,390,0.2872609943151474
N016_F-GT_seed1,16,1,391,0.29172441363334656
N016_F-GT_seed1,16,1,392,0.3727048635482788
N016_F-GT_seed1,16,1,393,0.3043639361858368
N016_F-GT_seed1,16,1,394,0.2160576730966568
N016_F-GT_seed1,16,1,395,0.28854207694530487
N016_F-GT_seed1,16,1,396,0.18741784244775772
N016_F-GT_seed1,16,1,397,0.34808750450611115
N016_F-GT_seed1,16,1,398,0.16823508590459824
N016_F-GT_seed1,16,1,399,0.1856488212943077
N016_F-GT_seed1,16,1,400,0.3937535881996155
N016_F-GT_seed1,16,1,401,0.16234949231147766
N016_F-GT_seed1,16,1,402,0.1934940069913864
N016_F-GT_seed1,16,1,403,0.3818855285644531
N016_F-GT_seed1,16,1,404,0.155220128595829
N016_F-GT_seed1,16,1,405,0.21824567764997482
N016_F-GT_seed1,16,1,406,0.24995100498199463
N016_F-GT_seed1,16,1,407,0.22016416490077972
N016_F-GT_seed1,16,1,408,0.3419925719499588
N016_F-GT_seed1,16,1,409,0.2805701047182083
N016_F-GT_seed1,16,1,410,0.2954620122909546
N016_F-GT_seed1,16,1,411,0.28345778584480286
N016_F-GT_seed1,16,1,412,0.39908506721258163
N016_F-GT_seed1,16,1,413,0.33838479220867157
N016_F-GT_seed1,16,1,414,0.4564985930919647
N016_F-GT_seed1,16,1,415,0.24058176577091217
N016_F-GT_seed1,16,1,416,0.3504701107740402
N016_F-GT_seed1,16,1,417,0.23681796342134476
N016_F-GT_seed1,16,1,418,0.2560369744896889
N016_F-GT_seed1,16,1,419,0.3926313892006874
N016_F-GT_seed1,16,1,420,0.2739616930484772
N016_F-GT_seed1,16,1,421,0.19717317819595337
N016_F-GT_seed1,16,1,422,0.189750537276268
N016_F-GT_seed1,16,1,423,0.15680425614118576
N016_F-GT_seed1,16,1,424,0.26617996394634247
N016_F-GT_seed1,16,1,425,0.2515975907444954
N016_F-GT_seed1,16,1,426,0.26059990376234055
N016_F-GT_seed1,16,1,427,0.21971214562654495
N016_F-GT_seed1,16,1,428,0.2575238198041916
N016_F-GT_seed1,16,1,429,0.2623007148504257
N016_F-GT_seed1,16,1,430,0.30028340220451355
N016_F-GT_seed1,16,1,431,0.3469313085079193
N016_F-GT_seed1,16,1,432,0.3389296308159828
N016_F-GT_seed1,16,1,433,0.5398838520050049
N016_F-GT_seed1,16,1,434,0.36392730474472046
N016_F-GT_seed1,16,1,435,0.45086514949798584
N016_F-GT_seed1,16,1,436,0.21387896686792374
N016_F-GT_seed1,16,1,437,0.22856322675943375
N016_F-GT_seed1,16,1,438,0.26660606265068054
N016_F-GT_seed1,16,1,439,0.44947318732738495
N016_F-GT_seed1,16,1,440,0.22920241206884384
N016_F-GT_seed1,16,1,441,0.44421297311782837
N016_F-GT_seed1,16,1,442,0.5054678469896317
N016_F-GT_seed1,16,1,443,0.26773858070373535
N016_F-GT_seed1,16,1,444,0.33648377656936646
N016_F-GT_seed1,16,1,445,0.2664165794849396
N016_F-GT_seed1,16,1,446,0.4355163425207138
N016_F-GT_seed1,16,1,447,0.48089146614074707
N016_F-GT_seed1,16,1,448,0.2877340763807297
N016_F-GT_seed1,16,1,449,0.2698865681886673
N016_F-GT_seed1,16,1,450,0.2979074716567993
N016_F-GT_seed1,16,1,451,0.5563635602593422
N016_F-GT_seed1,16,1,452,0.2297627478837967
N016_F-GT_seed1,16,1,453,0.38912731409072876
N016_F-GT_seed1,16,1,454,0.37816134095191956
N016_F-GT_seed1,16,1,455,0.18393346667289734
N016_F-GT_seed1,16,1,456,0.3642445206642151
N016_F-GT_seed1,16,1,457,0.4267909303307533
N016_F-GT_seed1,16,1,458,0.2873707413673401
N016_F-GT_seed1,16,1,459,0.38279226422309875
N016_F-GT_seed1,16,1,460,0.2084534391760826
N016_F-GT_seed1,16,1,461,0.2682955265045166
N016_F-GT_seed1,16,1,462,0.2469925731420517
N016_F-GT_seed1,16,1,463,0.4383625388145447
N016_F-GT_seed1,16,1,464,0.2851019650697708
N016_F-GT_seed1,16,1,465,0.14585554599761963
N016_F-GT_seed1,16,1,466,0.18137115240097046
N016_F-GT_seed1,16,1,467,0.1704493872821331
N016_F-GT_seed1,16,1,468,0.38623709976673126
N016_F-GT_seed1,16,1,469,0.27671627700328827
N016_F-GT_seed1,16,1,470,0.16871397197246552
N016_F-GT_seed1,16,1,471,0.26589979231357574
N016_F-GT_seed1,16,1,472,0.3158424124121666
N016_F-GT_seed1,16,1,473,0.3299395218491554
N016_F-GT_seed1,16,1,474,0.18077580630779266
N016_F-GT_seed1,16,1,475,0.35669367015361786
N016_F-GT_seed1,16,1,476,0.19102135300636292
N016_F-GT_seed1,16,1,477,0.3687783107161522
N016_F-GT_seed1,16,1,478,0.28109270334243774
N016_F-GT_seed1,16,1,479,0.23115528374910355
N016_F-GT_seed1,16,1,480,0.2432089000940323
N016_F-GT_seed1,16,1,481,0.34456583857536316
N016_F-GT_seed1,16,1,482,0.3502170890569687
N016_F-GT_seed1,16,1,483,0.3014913722872734
N016_F-GT_seed1,16,1,484,0.399305060505867
N016_F-GT_seed1,16,1,485,0.3096582591533661
N016_F-GT_seed1,16,1,486,0.4587488919496536
N016_F-GT_seed1,16,1,487,0.2575145363807678
N016_F-GT_seed1,16,1,488,0.28548161685466766
N016_F-GT_seed1,16,1,489,0.36970022320747375
N016_F-GT_seed1,16,1,490,0.16898229718208313
N016_F-GT_seed1,16,1,491,0.20229408144950867
N016_F-GT_seed1,16,1,492,0.3071157857775688
N016_F-GT_seed1,16,1,493,0.21557223796844482
N016_F-GT_seed1,16,1,494,0.2527322918176651
N016_F-GT_seed1,16,1,495,0.42659200727939606
N016_F-GT_seed1,16,1,496,0.29918377846479416
N016_F-GT_seed1,16,1,497,0.27091678977012634
N016_F-GT_seed1,16,1,498,0.3793843239545822
N016_F-GT_seed1,16,1,499,0.2576269283890724
N016_F-GT_seed1,16,1,500,0.2604653686285019
N016_F-GT_seed1,16,1,501,0.20940525829792023
N016_F-GT_seed1,16,1,502,0.2628614977002144
N016_F-GT_seed1,16,1,503,0.374194398522377
N016_F-GT_seed1,16,1,504,0.41949522495269775
N016_F-GT_seed1,16,1,505,0.279360868036747
N016_F-GT_seed1,16,1,506,0.24715746939182281
N016_F-GT_seed1,16,1,507,0.3053365424275398
N016_F-GT_seed1,16,1,508,0.34056973457336426
N016_F-GT_seed1,16,1,509,0.42026353627443314
N016_F-GT_seed1,16,1,510,0.32885897159576416
N016_F-GT_seed1,16,1,511,0.25250616669654846
N016_F-GT_seed1,16,1,512,0.22066529840230942
N016_F-GT_seed1,16,1,513,0.15235453099012375
N016_F-GT_seed1,16,1,514,0.2836826294660568
N016_F-GT_seed1,16,1,515,0.26073476672172546
N016_F-GT_seed1,16,1,516,0.4467133581638336
N016_F-GT_seed1,16,1,517,0.29210347682237625
N016_F-GT_seed1,16,1,518,0.1548428162932396
N016_F-GT_seed1,16,1,519,0.38217195123434067
N016_F-GT_seed1,16,1,520,0.38446328043937683
N016_F-GT_seed1,16,1,521,0.25418950617313385
N016_F-GT_seed1,16,1,522,0.2664339244365692
N016_F-GT_seed1,16,1,523,0.3268102705478668
N016_F-GT_seed1,16,1,524,0.12339837104082108
N016_F-GT_seed1,16,1,525,0.1865544468164444
N016_F-GT_seed1,16,1,526,0.2394043132662773
N016_F-GT_seed1,16,1,527,0.22274909913539886
N016_F-GT_seed1,16,1,528,0.2390904724597931
N016_F-GT_seed1,16,1,529,0.5432942658662796
N016_F-GT_seed1,16,1,530,0.4235454350709915
N016_F-GT_seed1,16,1,531,0.3673984855413437
N016_F-GT_seed1,16,1,532,0.17862583696842194
N016_F-GT_seed1,16,1,533,0.22717231512069702
N016_F-GT_seed1,16,1,534,0.36966998875141144
N016_F-GT_seed1,16,1,535,0.23476602137088776
N016_F-GT_seed1,16,1,536,0.22652046382427216
N016_F-GT_seed1,16,1,537,0.17326688766479492
N016_F-GT_seed1,16,1,538,0.2969825565814972
N016_F-GT_seed1,16,1,539,0.24104094505310059
N016_F-GT_seed1,16,1,540,0.3368632197380066
N016_F-GT_seed1,16,1,541,0.4121128022670746
N016_F-GT_seed1,16,1,542,0.15490644425153732
N016_F-GT_seed1,16,1,543,0.16527710855007172
N016_F-GT_seed1,16,1,544,0.39482995867729187
N016_F-GT_seed1,16,1,545,0.33835484087467194
N016_F-GT_seed1,16,1,546,0.3373184949159622
N016_F-GT_seed1,16,1,547,0.21089085191488266
N016_F-GT_seed1,16,1,548,0.4544008672237396
N016_F-GT_seed1,16,1,549,0.20479416847229004
N016_F-GT_seed1,16,1,550,0.1848132386803627
N016_F-GT_seed1,16,1,551,0.18577903509140015
N016_F-GT_seed1,16,1,552,0.2934884652495384
N016_F-GT_seed1,16,1,553,0.2179531455039978
N016_F-GT_seed1,16,1,554,0.16219273954629898
N016_F-GT_seed1,16,1,555,0.18131279945373535
N016_F-GT_seed1,16,1,556,0.26957783102989197
N016_F-GT_seed1,16,1,557,0.26206591725349426
N016_F-GT_seed1,16,1,558,0.22541776299476624
N016_F-GT_seed1,16,1,559,0.3266807422041893
N016_F-GT_seed1,16,1,560,0.2428075075149536
N016_F-GT_seed1,16,1,561,0.24336297810077667
N016_F-GT_seed1,16,1,562,0.3462429940700531
N016_F-GT_seed1,16,1,563,0.4082862362265587
N016_F-GT_seed1,16,1,564,0.1068706288933754
N016_F-GT_seed1,16,1,565,0.14604602754116058
N016_F-GT_seed1,16,1,566,0.194936104118824
N016_F-GT_seed1,16,1,567,0.13586124032735825
N016_F-GT_seed1,16,1,568,0.3515169471502304
N016_F-GT_seed1,16,1,569,0.32231633365154266
N016_F-GT_seed1,16,1,570,0.1335795596241951
N016_F-GT_seed1,16,1,571,0.2547973319888115
N016_F-GT_seed1,16,1,572,0.11215128749608994
N016_F-GT_seed1,16,1,573,0.2722190320491791
N016_F-GT_seed1,16,1,574,0.25711023062467575
N016_F-GT_seed1,16,1,575,0.1230296939611435
N016_F-GT_seed1,16,1,576,0.209097720682621
N016_F-GT_seed1,16,1,577,0.17721237987279892
N016_F-GT_seed1,16,1,578,0.34418779611587524
N016_F-GT_seed1,16,1,579,0.17846158146858215
N016_F-GT_seed1,16,1,580,0.31360965967178345
N016_F-GT_seed1,16,1,581,0.45401977002620697
N016_F-GT_seed1,16,1,582,0.2068333923816681
N016_F-GT_seed1,16,1,583,0.16865508258342743
N016_F-GT_seed1,16,1,584,0.26517171412706375
N016_F-GT_seed1,16,1,585,0.25684794783592224
N016_F-GT_seed1,16,1,586,0.2619955539703369
N016_F-GT_seed1,16,1,587,0.3088632598519325
N016_F-GT_seed1,16,1,588,0.323060542345047
N016_F-GT_seed1,16,1,589,0.20107798278331757
N016_F-GT_seed1,16,1,590,0.2865358889102936
N016_F-GT_seed1,16,1,591,0.24941667914390564
N016_F-GT_seed1,16,1,592,0.28880104422569275
N016_F-GT_seed1,16,1,593,0.1535528227686882
N016_F-GT_seed1,16,1,594,0.31278393417596817
N016_F-GT_seed1,16,1,595,0.16151956096291542
N016_F-GT_seed1,16,1,596,0.3734356462955475
N016_F-GT_seed1,16,1,597,0.25062038004398346
N016_F-GT_seed1,16,1,598,0.20065046101808548
N016_F-GT_seed1,16,1,599,0.1845628321170807
N016_F-GT_seed1,16,1,600,0.3474415987730026
N016_F-GT_seed1,16,1,601,0.2184310182929039
N016_F-GT_seed1,16,1,602,0.21452932804822922
N016_F-GT_seed1,16,1,603,0.132554791867733
N016_F-GT_seed1,16,1,604,0.19588345661759377
N016_F-GT_seed1,16,1,605,0.17384634166955948
N016_F-GT_seed1,16,1,606,0.13896111398935318
N016_F-GT_seed1,16,1,607,0.14822226762771606
N016_F-GT_seed1,16,1,608,0.4817604646086693
N016_F-GT_seed1,16,1,609,0.19037079811096191
N016_F-GT_seed1,16,1,610,0.2929784953594208
N016_F-GT_seed1,16,1,611,0.197335347533226
N016_F-GT_seed1,16,1,612,0.15237456932663918
N016_F-GT_seed1,16,1,613,0.332562580704689
N016_F-GT_seed1,16,1,614,0.3042953833937645
N016_F-GT_seed1,16,1,615,0.15479470789432526
N016_F-GT_seed1,16,1,616,0.20157725363969803
N016_F-GT_seed1,16,1,617,0.17071504890918732
N016_F-GT_seed1,16,1,618,0.26736433804035187
N016_F-GT_seed1,16,1,619,0.15516094863414764
N016_F-GT_seed1,16,1,620,0.29365114122629166
N016_F-GT_seed1,16,1,621,0.1543179675936699
N016_F-GT_seed1,16,1,622,0.1466062217950821
N016_F-GT_seed1,16,1,623,0.20490901917219162
N016_F-GT_seed1,16,1,624,0.17847246304154396
N016_F-GT_seed1,16,1,625,0.19487866759300232
N016_F-GT_seed1,16,1,626,0.25747867673635483
N016_F-GT_seed1,16,1,627,0.16778430342674255
N016_F-GT_seed1,16,1,628,0.22224915772676468
N016_F-GT_seed1,16,1,629,0.13620403409004211
N016_F-GT_seed1,16,1,630,0.25768859684467316
N016_F-GT_seed1,16,1,631,0.4112486243247986
N016_F-GT_seed1,16,1,632,0.16398704797029495
N016_F-GT_seed1,16,1,633,0.19006312638521194
N016_F-GT_seed1,16,1,634,0.5112420469522476
N016_F-GT_seed1,16,1,635,0.2716483697295189
N016_F-GT_seed1,16,1,636,0.23829516768455505
N016_F-GT_seed1,16,1,637,0.2564244568347931
N016_F-GT_seed1,16,1,638,0.23756106197834015
N016_F-GT_seed1,16,1,639,0.12312404066324234
N016_F-GT_seed1,16,1,640,0.5452230721712112
N016_F-GT_seed1,16,1,641,0.14629626274108887
N016_F-GT_seed1,16,1,642,0.18453583866357803
N016_F-GT_seed1,16,1,643,0.2202015072107315
N016_F-GT_seed1,16,1,644,0.2274727076292038
N016_F-GT_seed1,16,1,645,0.11723707616329193
N016_F-GT_seed1,16,1,646,0.20678751170635223
N016_F-GT_seed1,16,1,647,0.2802753895521164
N016_F-GT_seed1,16,1,648,0.17651580274105072
N016_F-GT_seed1,16,1,649,0.1647825911641121
N016_F-GT_seed1,16,1,650,0.15641076862812042
N016_F-GT_seed1,16,1,651,0.2077019363641739
N016_F-GT_seed1,16,1,652,0.26699671894311905
N016_F-GT_seed1,16,1,653,0.14351598918437958
N016_F-GT_seed1,16,1,654,0.31036365777254105
N016_F-GT_seed1,16,1,655,0.1956987828016281
N016_F-GT_seed1,16,1,656,0.21162400394678116
N016_F-GT_seed1,16,1,657,0.24733562022447586
N016_F-GT_seed1,16,1,658,0.2585928440093994
N016_F-GT_seed1,16,1,659,0.3496389389038086
N016_F-GT_seed1,16,1,660,0.13502280786633492
N016_F-GT_seed1,16,1,661,0.11969510465860367
N016_F-GT_seed1,16,1,662,0.15435728430747986
N016_F-GT_seed1,16,1,663,0.39176134765148163
N016_F-GT_seed1,16,1,664,0.12934360653162003
N016_F-GT_seed1,16,1,665,0.20059558004140854
N016_F-GT_seed1,16,1,666,0.12740003690123558
N016_F-GT_seed1,16,1,667,0.23897447437047958
N016_F-GT_seed1,16,1,668,0.17324572056531906
N016_F-GT_seed1,16,1,669,0.14753517508506775
N016_F-GT_seed1,16,1,670,0.41956523060798645
N016_F-GT_seed1,16,1,671,0.08768090046942234
N016_F-GT_seed1,16,1,672,0.1709197461605072
N016_F-GT_seed1,16,1,673,0.21093424409627914
N016_F-GT_seed1,16,1,674,0.2812279090285301
N016_F-GT_seed1,16,1,675,0.09321510046720505
N016_F-GT_seed1,16,1,676,0.2090715542435646
N016_F-GT_seed1,16,1,677,0.22891198843717575
N016_F-GT_seed1,16,1,678,0.22690536454319954
N016_F-GT_seed1,16,1,679,0.17778755724430084
N016_F-GT_seed1,16,1,680,0.14731747657060623
N016_F-GT_seed1,16,1,681,0.15498852729797363
N016_F-GT_seed1,16,1,682,0.21368609368801117
N016_F-GT_seed1,16,1,683,0.1970018446445465
N016_F-GT_seed1,16,1,684,0.17004948109388351
N016_F-GT_seed1,16,1,685,0.11491136252880096
N016_F-GT_seed1,16,1,686,0.21244680136442184
N016_F-GT_seed1,16,1,687,0.1763530895113945
N016_F-GT_seed1,16,1,688,0.2355816513299942
N016_F-GT_seed1,16,1,689,0.5325743705034256
N016_F-GT_seed1,16,1,690,0.4056428223848343
N016_F-GT_seed1,16,1,691,0.26519273966550827
N016_F-GT_seed1,16,1,692,0.2120554894208908
N016_F-GT_seed1,16,1,693,0.2908271849155426
N016_F-GT_seed1,16,1,694,0.10122507438063622
N016_F-GT_seed1,16,1,695,0.26662077009677887
N016_F-GT_seed1,16,1,696,0.2843642085790634
N016_F-GT_seed1,16,1,697,0.29166682064533234
N016_F-GT_seed1,16,1,698,0.22886432707309723
N016_F-GT_seed1,16,1,699,0.21196575462818146
N016_F-GT_seed1,16,1,700,0.1267610713839531
N016_F-GT_seed1,16,1,701,0.11460437253117561
N016_F-GT_seed1,16,1,702,0.12257067114114761
N016_F-GT_seed1,16,1,703,0.20724695920944214
N016_F-GT_seed1,16,1,704,0.31504037976264954
N016_F-GT_seed1,16,1,705,0.2745104059576988
N016_F-GT_seed1,16,1,706,0.19013269990682602
N016_F-GT_seed1,16,1,707,0.17759017646312714
N016_F-GT_seed1,16,1,708,0.2027827873826027
N016_F-GT_seed1,16,1,709,0.31330740451812744
N016_F-GT_seed1,16,1,710,0.14659661799669266
N016_F-GT_seed1,16,1,711,0.15649693459272385
N016_F-GT_seed1,16,1,712,0.1570306271314621
N016_F-GT_seed1,16,1,713,0.14410455524921417
N016_F-GT_seed1,16,1,714,0.1266746073961258
N016_F-GT_seed1,16,1,715,0.18247152864933014
N016_F-GT_seed1,16,1,716,0.372785996645689
N016_F-GT_seed1,16,1,717,0.12020283192396164
N016_F-GT_seed1,16,1,718,0.2706250846385956
N016_F-GT_seed1,16,1,719,0.30333440005779266
N016_F-GT_seed1,16,1,720,0.2111690640449524
N016_F-GT_seed1,16,1,721,0.21329881250858307
N016_F-GT_seed1,16,1,722,0.2157076895236969
N016_F-GT_seed1,16,1,723,0.1985570192337036
N016_F-GT_seed1,16,1,724,0.28832249343395233
N016_F-GT_seed1,16,1,725,0.2618897259235382
N016_F-GT_seed1,16,1,726,0.28138450533151627
N016_F-GT_seed1,16,1,727,0.2406497746706009
N016_F-GT_seed1,16,1,728,0.16653987765312195
N016_F-GT_seed1,16,1,729,0.16028406471014023
N016_F-GT_seed1,16,1,730,0.10196501016616821
N016_F-GT_seed1,16,1,731,0.11086031794548035
N016_F-GT_seed1,16,1,732,0.27895866334438324
N016_F-GT_seed1,16,1,733,0.12737735360860825
N016_F-GT_seed1,16,1,734,0.2756911441683769
N016_F-GT_seed1,16,1,735,0.2077985405921936
N016_F-GT_seed1,16,1,736,0.22690118849277496
N016_F-GT_seed1,16,1,737,0.289787232875824
N016_F-GT_seed1,16,1,738,0.15562746301293373
N016_F-GT_seed1,16,1,739,0.17346392571926117
N016_F-GT_seed1,16,1,740,0.1587301902472973
N016_F-GT_seed1,16,1,741,0.12107038870453835
N016_F-GT_seed1,16,1,742,0.19999606162309647
N016_F-GT_seed1,16,1,743,0.24454394727945328
N016_F-GT_seed1,16,1,744,0.1406821459531784
N016_F-GT_seed1,16,1,745,0.11070136353373528
N016_F-GT_seed1,16,1,746,0.32520606368780136
N016_F-GT_seed1,16,1,747,0.1623714417219162
N016_F-GT_seed1,16,1,748,0.11282115802168846
N016_F-GT_seed1,16,1,749,0.18518322706222534
N016_F-GT_seed1,16,1,750,0.17279518395662308
N016_F-GT_seed1,16,1,751,0.19574382156133652
N016_F-GT_seed1,16,1,752,0.404725544154644
N016_F-GT_seed1,16,1,753,0.2017793282866478
N016_F-GT_seed1,16,1,754,0.23541318252682686
N016_F-GT_seed1,16,1,755,0.16829920560121536
N016_F-GT_seed1,16,1,756,0.17497584223747253
N016_F-GT_seed1,16,1,757,0.14781434834003448
N016_F-GT_seed1,16,1,758,0.12974803522229195
N016_F-GT_seed1,16,1,759,0.07921101152896881
N016_F-GT_seed1,16,1,760,0.10992369428277016
N016_F-GT_seed1,16,1,761,0.12740109860897064
N016_F-GT_seed1,16,1,762,0.21436923742294312
N016_F-GT_seed1,16,1,763,0.07815508916974068
N016_F-GT_seed1,16,1,764,0.2651281803846359
N016_F-GT_seed1,16,1,765,0.3864624351263046
N016_F-GT_seed1,16,1,766,0.1592753827571869
N016_F-GT_seed1,16,1,767,0.16868139058351517
N016_F-GT_seed1,16,1,768,0.15551233291625977
N016_F-GT_seed1,16,1,769,0.18765249103307724
N016_F-GT_seed1,16,1,770,0.1693725511431694
N016_F-GT_seed1,16,1,771,0.17353542149066925
N016_F-GT_seed1,16,1,772,0.10161269456148148
N016_F-GT_seed1,16,1,773,0.18631546944379807
N016_F-GT_seed1,16,1,774,0.15556950867176056
N016_F-GT_seed1,16,1,775,0.21123909950256348
N016_F-GT_seed1,16,1,776,0.16035206615924835
N016_F-GT_seed1,16,1,777,0.22619134187698364
N016_F-GT_seed1,16,1,778,0.16843145340681076
N016_F-GT_seed1,16,1,779,0.1904405727982521
N016_F-GT_seed1,16,1,780,0.2530067712068558
N016_F-GT_seed1,16,1,781,0.17204599827528
N016_F-GT_seed1,16,1,782,0.1860993281006813
N016_F-GT_seed1,16,1,783,0.17521736770868301
N016_F-GT_seed1,16,1,784,0.17943699657917023
N016_F-GT_seed1,16,1,785,0.30973583087325096
N016_F-GT_seed1,16,1,786,0.1517416127026081
N016_F-GT_seed1,16,1,787,0.15153919905424118
N016_F-GT_seed1,16,1,788,0.14803563803434372
N016_F-GT_seed1,16,1,789,0.36654912680387497
N016_F-GT_seed1,16,1,790,0.12125513330101967
N016_F-GT_seed1,16,1,791,0.19969183951616287
N016_F-GT_seed1,16,1,792,0.12643852084875107
N016_F-GT_seed1,16,1,793,0.1602582409977913
N016_F-GT_seed1,16,1,794,0.13553281873464584
N016_F-GT_seed1,16,1,795,0.40241557359695435
N016_F-GT_seed1,16,1,796,0.17252056300640106
N016_F-GT_seed1,16,1,797,0.11081302538514137
N016_F-GT_seed1,16,1,798,0.17025000602006912
N016_F-GT_seed1,16,1,799,0.35996533930301666
N016_F-GT_seed1,16,1,800,0.1522740125656128
N016_F-GT_seed1,16,1,801,0.20459355413913727
N016_F-GT_seed1,16,1,802,0.11591704189777374
N016_F-GT_seed1,16,1,803,0.2066812664270401
N016_F-GT_seed1,16,1,804,0.18768681585788727
N016_F-GT_seed1,16,1,805,0.21004463732242584
N016_F-GT_seed1,16,1,806,0.1724676936864853
N016_F-GT_seed1,16,1,807,0.11834906786680222
N016_F-GT_seed1,16,1,808,0.13527486473321915
N016_F-GT_seed1,16,1,809,0.33716432750225067
N016_F-GT_seed1,16,1,810,0.2157648578286171
N016_F-GT_seed1,16,1,811,0.265445776283741
N016_F-GT_seed1,16,1,812,0.11660216748714447
N016_F-GT_seed1,16,1,813,0.2020232081413269
N016_F-GT_seed1,16,1,814,0.1423596814274788
N016_F-GT_seed1,16,1,815,0.10785925015807152
N016_F-GT_seed1,16,1,816,0.27358391880989075
N016_F-GT_seed1,16,1,817,0.22858048975467682
N016_F-GT_seed1,16,1,818,0.1844106800854206
N016_F-GT_seed1,16,1,819,0.16837574541568756
N016_F-GT_seed1,16,1,820,0.12806811183691025
N016_F-GT_seed1,16,1,821,0.11491517722606659
N016_F-GT_seed1,16,1,822,0.19325752556324005
N016_F-GT_seed1,16,1,823,0.1020783931016922
N016_F-GT_seed1,16,1,824,0.20488232374191284
N016_F-GT_seed1,16,1,825,0.11325455084443092
N016_F-GT_seed1,16,1,826,0.16102129220962524
N016_F-GT_seed1,16,1,827,0.10264567285776138
N016_F-GT_seed1,16,1,828,0.19025204330682755
N016_F-GT_seed1,16,1,829,0.19296242110431194
N016_F-GT_seed1,16,1,830,0.15360642969608307
N016_F-GT_seed1,16,1,831,0.13331639394164085
N016_F-GT_seed1,16,1,832,0.11601214855909348
N016_F-GT_seed1,16,1,833,0.15890024602413177
N016_F-GT_seed1,16,1,834,0.12007303908467293
N016_F-GT_seed1,16,1,835,0.13118304312229156
N016_F-GT_seed1,16,1,836,0.14513565972447395
N016_F-GT_seed1,16,1,837,0.168746717274189
N016_F-GT_seed1,16,1,838,0.1773996353149414
N016_F-GT_seed1,16,1,839,0.1206444576382637
N016_F-GT_seed1,16,1,840,0.17008580267429352
N016_F-GT_seed1,16,1,841,0.15495385602116585
N016_F-GT_seed1,16,1,842,0.14713357388973236
N016_F-GT_seed1,16,1,843,0.09501222521066666
N016_F-GT_seed1,16,1,844,0.13466224074363708
N016_F-GT_seed1,16,1,845,0.29885924607515335
N016_F-GT_seed1,16,1,846,0.1311604082584381
N016_F-GT_seed1,16,1,847,0.23181411623954773
N016_F-GT_seed1,16,1,848,0.33703911304473877
N016_F-GT_seed1,16,1,849,0.11137386411428452
N016_F-GT_seed1,16,1,850,0.1578693985939026
N016_F-GT_seed1,16,1,851,0.15471487492322922
N016_F-GT_seed1,16,1,852,0.11538338288664818
N016_F-GT_seed1,16,1,853,0.2897028177976608
N016_F-GT_seed1,16,1,854,0.12915483117103577
N016_F-GT_seed1,16,1,855,0.2441202774643898
N016_F-GT_seed1,16,1,856,0.23774030804634094
N016_F-GT_seed1,16,1,857,0.10309897363185883
N016_F-GT_seed1,16,1,858,0.10642874613404274
N016_F-GT_seed1,16,1,859,0.10987333580851555
N016_F-GT_seed1,16,1,860,0.28245092928409576
N016_F-GT_seed1,16,1,861,0.12384334951639175
N016_F-GT_seed1,16,1,862,0.17606545239686966
N016_F-GT_seed1,16,1,863,0.20092298462986946
N016_F-GT_seed1,16,1,864,0.12521032243967056
N016_F-GT_seed1,16,1,865,0.2911757603287697
N016_F-GT_seed1,16,1,866,0.17150216549634933
N016_F-GT_seed1,16,1,867,0.20541001111268997
N016_F-GT_seed1,16,1,868,0.12092776596546173
N016_F-GT_seed1,16,1,869,0.16503925621509552
N016_F-GT_seed1,16,1,870,0.31943847984075546
N016_F-GT_seed1,16,1,871,0.24899305403232574
N016_F-GT_seed1,16,1,872,0.12190036848187447
N016_F-GT_seed1,16,1,873,0.11068469658493996
N016_F-GT_seed1,16,1,874,0.10041486844420433
N016_F-GT_seed1,16,1,875,0.12210115790367126
N016_F-GT_seed1,16,1,876,0.14647745341062546
N016_F-GT_seed1,16,1,877,0.21747324243187904
N016_F-GT_seed1,16,1,878,0.1755393221974373
N016_F-GT_seed1,16,1,879,0.20744553208351135
N016_F-GT_seed1,16,1,880,0.12655823677778244
N016_F-GT_seed1,16,1,881,0.10768318548798561
N016_F-GT_seed1,16,1,882,0.21370483189821243
N016_F-GT_seed1,16,1,883,0.1193662416189909
N016_F-GT_seed1,16,1,884,0.14281559363007545
N016_F-GT_seed1,16,1,885,0.19180772453546524
N016_F-GT_seed1,16,1,886,0.19007558375597
N016_F-GT_seed1,16,1,887,0.09917345643043518
N016_F-GT_seed1,16,1,888,0.15708183497190475
N016_F-GT_seed1,16,1,889,0.20087505877017975
N016_F-GT_seed1,16,1,890,0.1621093451976776
N016_F-GT_seed1,16,1,891,0.209257572889328
N016_F-GT_seed1,16,1,892,0.11893339082598686
N016_F-GT_seed1,16,1,893,0.14232594519853592
N016_F-GT_seed1,16,1,894,0.2775443196296692
N016_F-GT_seed1,16,1,895,0.11294296383857727
N016_F-GT_seed1,16,1,896,0.11344947293400764
N016_F-GT_seed1,16,1,897,0.09918840602040291
N016_F-GT_seed1,16,1,898,0.09270114824175835
N016_F-GT_seed1,16,1,899,0.13720054924488068
N016_F-GT_seed1,16,1,900,0.22272828221321106
N016_F-GT_seed1,16,1,901,0.15366559475660324
N016_F-GT_seed1,16,1,902,0.19578269869089127
N016_F-GT_seed1,16,1,903,0.18006226420402527
N016_F-GT_seed1,16,1,904,0.15896101295948029
N016_F-GT_seed1,16,1,905,0.13606728985905647
N016_F-GT_seed1,16,1,906,0.24221625179052353
N016_F-GT_seed1,16,1,907,0.12736669182777405
N016_F-GT_seed1,16,1,908,0.20534858107566833
N016_F-GT_seed1,16,1,909,0.08285167068243027
N016_F-GT_seed1,16,1,910,0.11666028201580048
N016_F-GT_seed1,16,1,911,0.15193144232034683
N016_F-GT_seed1,16,1,912,0.14556201547384262
N016_F-GT_seed1,16,1,913,0.18731902539730072
N016_F-GT_seed1,16,1,914,0.24536149203777313
N016_F-GT_seed1,16,1,915,0.057229623198509216
N016_F-GT_seed1,16,1,916,0.13297870755195618
N016_F-GT_seed1,16,1,917,0.12232576683163643
N016_F-GT_seed1,16,1,918,0.22716958820819855
N016_F-GT_seed1,16,1,919,0.17194689810276031
N016_F-GT_seed1,16,1,920,0.1874249204993248
N016_F-GT_seed1,16,1,921,0.1188836358487606
N016_F-GT_seed1,16,1,922,0.22106802463531494
N016_F-GT_seed1,16,1,923,0.0898277685046196
N016_F-GT_seed1,16,1,924,0.1073618121445179
N016_F-GT_seed1,16,1,925,0.09468389675021172
N016_F-GT_seed1,16,1,926,0.3323995769023895
N016_F-GT_seed1,16,1,927,0.21310586482286453
N016_F-GT_seed1,16,1,928,0.1267034336924553
N016_F-GT_seed1,16,1,929,0.16464289277791977
N016_F-GT_seed1,16,1,930,0.35184421576559544
N016_F-GT_seed1,16,1,931,0.146757110953331
N016_F-GT_seed1,16,1,932,0.18514560908079147
N016_F-GT_seed1,16,1,933,0.18306059390306473
N016_F-GT_seed1,16,1,934,0.1822836771607399
N016_F-GT_seed1,16,1,935,0.12581799924373627
N016_F-GT_seed1,16,1,936,0.07911927439272404
N016_F-GT_seed1,16,1,937,0.23965740948915482
N016_F-GT_seed1,16,1,938,0.21842316538095474
N016_F-GT_seed1,16,1,939,0.12880123406648636
N016_F-GT_seed1,16,1,940,0.23517104983329773
N016_F-GT_seed1,16,1,941,0.13849040120840073
N016_F-GT_seed1,16,1,942,0.19144001603126526
N016_F-GT_seed1,16,1,943,0.1590375453233719
N016_F-GT_seed1,16,1,944,0.2039996162056923
N016_F-GT_seed1,16,1,945,0.11516871303319931
N016_F-GT_seed1,16,1,946,0.1425952911376953
N016_F-GT_seed1,16,1,947,0.12477049604058266
N016_F-GT_seed1,16,1,948,0.16593551263213158
N016_F-GT_seed1,16,1,949,0.13899273425340652
N016_F-GT_seed1,16,1,950,0.11373575776815414
N016_F-GT_seed1,16,1,951,0.11917488276958466
N016_F-GT_seed1,16,1,952,0.09442738443613052
N016_F-GT_seed1,16,1,953,0.19954192638397217
N016_F-GT_seed1,16,1,954,0.16728254780173302
N016_F-GT_seed1,16,1,955,0.16023806482553482
N016_F-GT_seed1,16,1,956,0.3796651065349579
N016_F-GT_seed1,16,1,957,0.08858492597937584
N016_F-GT_seed1,16,1,958,0.06632314622402191
N016_F-GT_seed1,16,1,959,0.10410252958536148
N016_F-GT_seed1,16,1,960,0.17846105992794037
N016_F-GT_seed1,16,1,961,0.09958777204155922
N016_F-GT_seed1,16,1,962,0.1444351263344288
N016_F-GT_seed1,16,1,963,0.3048798739910126
N016_F-GT_seed1,16,1,964,0.22313664853572845
N016_F-GT_seed1,16,1,965,0.11676241084933281
N016_F-GT_seed1,16,1,966,0.30655936896800995
N016_F-GT_seed1,16,1,967,0.058636752888560295
N016_F-GT_seed1,16,1,968,0.16220030188560486
N016_F-GT_seed1,16,1,969,0.13841933757066727
N016_F-GT_seed1,16,1,970,0.08163834363222122
N016_F-GT_seed1,16,1,971,0.2530006766319275
N016_F-GT_seed1,16,1,972,0.14793577790260315
N016_F-GT_seed1,16,1,973,0.1259147934615612
N016_F-GT_seed1,16,1,974,0.09487374126911163
N016_F-GT_seed1,16,1,975,0.17306894809007645
N016_F-GT_seed1,16,1,976,0.1024646908044815
N016_F-GT_seed1,16,1,977,0.09947754442691803
N016_F-GT_seed1,16,1,978,0.18169837445020676
N016_F-GT_seed1,16,1,979,0.15064692497253418
N016_F-GT_seed1,16,1,980,0.1160997599363327
N016_F-GT_seed1,16,1,981,0.1432598978281021
N016_F-GT_seed1,16,1,982,0.1481269747018814
N016_F-GT_seed1,16,1,983,0.08055553957819939
N016_F-GT_seed1,16,1,984,0.18098878860473633
N016_F-GT_seed1,16,1,985,0.43040847033262253
N016_F-GT_seed1,16,1,986,0.2941918298602104
N016_F-GT_seed1,16,1,987,0.19935528188943863
N016_F-GT_seed1,16,1,988,0.09103326126933098
N016_F-GT_seed1,16,1,989,0.09981747716665268
N016_F-GT_seed1,16,1,990,0.12255308777093887
N016_F-GT_seed1,16,1,991,0.09547959268093109
N016_F-GT_seed1,16,1,992,0.11408714205026627
N016_F-GT_seed1,16,1,993,0.11917439848184586
N016_F-GT_seed1,16,1,994,0.19689130038022995
N016_F-GT_seed1,16,1,995,0.2888253703713417
N016_F-GT_seed1,16,1,996,0.18428559601306915
N016_F-GT_seed1,16,1,997,0.13042890653014183
N016_F-GT_seed1,16,1,998,0.28416141867637634
N016_F-GT_seed1,16,1,999,0.14965345710515976
N016_F-GT_seed1,16,1,1000,0.41985176503658295
N016_R_seed0,16,0,1,1.2663594484329224
N016_R_seed0,16,0,2,1.2692617774009705
N016_R_seed0,16,0,3,1.2112717628479004
N016_R_seed0,16,0,4,1.1359907984733582
N016_R_seed0,16,0,5,1.2025710940361023
N016_R_seed0,16,0,6,1.2404537200927734
N016_R_seed0,16,0,7,0.9814468622207642
N016_R_seed0,16,0,8,1.0946983695030212
N016_R_seed0,16,0,9,1.4621068835258484
N016_R_seed0,16,0,10,1.3191143870353699
N016_R_seed0,16,0,11,1.2384105324745178
N016_R_seed0,16,0,12,1.3032125234603882
N016_R_seed0,16,0,13,1.2130717039108276
N016_R_seed0,16,0,14,1.2159014344215393
N016_R_seed0,16,0,15,1.1492785811424255
N016_R_seed0,16,0,16,1.3030474781990051
N016_R_seed0,16,0,17,1.3004179000854492
N016_R_seed0,16,0,18,1.2838868498802185
N016_R_seed0,16,0,19,1.3418892621994019
N016_R_seed0,16,0,20,1.058079719543457
N016_R_seed0,16,0,21,1.1669335961341858
N016_R_seed0,16,0,22,1.2152851223945618
N016_R_seed0,16,0,23,1.0866327285766602
N016_R_seed0,16,0,24,1.1801665425300598
N016_R_seed0,16,0,25,1.120457947254181
N016_R_seed0,16,0,26,1.2408521175384521
N016_R_seed0,16,0,27,1.2033974528312683
N016_R_seed0,16,0,28,0.9733053147792816
N016_R_seed0,16,0,29,1.220955729484558
N016_R_seed0,16,0,30,1.0782068371772766
N016_R_seed0,16,0,31,1.348631739616394
N016_R_seed0,16,0,32,1.2191509008407593
N016_R_seed0,16,0,33,1.2808207273483276
N016_R_seed0,16,0,34,1.2193785905838013
N016_R_seed0,16,0,35,1.1140491366386414
N016_R_seed0,16,0,36,1.0773732662200928
N016_R_seed0,16,0,37,1.2045311331748962
N016_R_seed0,16,0,38,1.1924992203712463
N016_R_seed0,16,0,39,1.1480199098587036
N016_R_seed0,16,0,40,1.1275930404663086
N016_R_seed0,16,0,41,1.1228975653648376
N016_R_seed0,16,0,42,1.2058217525482178
N016_R_seed0,16,0,43,1.0307629108428955
N016_R_seed0,16,0,44,1.3279488682746887
N016_R_seed0,16,0,45,1.1703549027442932
N016_R_seed0,16,0,46,1.1232720613479614
N016_R_seed0,16,0,47,1.1708524227142334
N016_R_seed0,16,0,48,1.1636900901794434
N016_R_seed0,16,0,49,1.1139959692955017
N016_R_seed0,16,0,50,1.1704756021499634
N016_R_seed0,16,0,51,1.0926768779754639
N016_R_seed0,16,0,52,1.1734622120857239
N016_R_seed0,16,0,53,1.14141446352005
N016_R_seed0,16,0,54,1.2564839124679565
N016_R_seed0,16,0,55,1.151989996433258
N016_R_seed0,16,0,56,1.14093679189682
N016_R_seed0,16,0,57,1.268335998058319
N016_R_seed0,16,0,58,1.0593531727790833
N016_R_seed0,16,0,59,1.0811196565628052
N016_R_seed0,16,0,60,1.212590754032135
N016_R_seed0,16,0,61,1.1085900664329529
N016_R_seed0,16,0,62,1.1760176420211792
N016_R_seed0,16,0,63,1.0102401971817017
N016_R_seed0,16,0,64,1.2340062260627747
N016_R_seed0,16,0,65,1.198388934135437
N016_R_seed0,16,0,66,1.0535110831260681
N016_R_seed0,16,0,67,1.0537618100643158
N016_R_seed0,16,0,68,1.2374577522277832
N016_R_seed0,16,0,69,1.183976173400879
N016_R_seed0,16,0,70,1.1352849900722504
N016_R_seed0,16,0,71,1.1247087717056274
N016_R_seed0,16,0,72,1.079357624053955
N016_R_seed0,16,0,73,1.0100686848163605
N016_R_seed0,16,0,74,1.0413312017917633
N016_R_seed0,16,0,75,1.2305746674537659
N016_R_seed0,16,0,76,0.9898715913295746
N016_R_seed0,16,0,77,1.1679865717887878
N016_R_seed0,16,0,78,1.0775733590126038
N016_R_seed0,16,0,79,1.0535251796245575
N016_R_seed0,16,0,80,1.108721911907196
N016_R_seed0,16,0,81,1.0337321758270264
N016_R_seed0,16,0,82,1.0978537797927856
N016_R_seed0,16,0,83,1.180818498134613
N016_R_seed0,16,0,84,1.1190142631530762
N016_R_seed0,16,0,85,1.1132511496543884
N016_R_seed0,16,0,86,1.0822406113147736
N016_R_seed0,16,0,87,1.2325245141983032
N016_R_seed0,16,0,88,1.2497955560684204
N016_R_seed0,16,0,89,1.0089924037456512
N016_R_seed0,16,0,90,1.2351099252700806
N016_R_seed0,16,0,91,1.0886976718902588
N016_R_seed0,16,0,92,1.0249168872833252
N016_R_seed0,16,0,93,1.0453203320503235
N016_R_seed0,16,0,94,1.2359238862991333
N016_R_seed0,16,0,95,1.1144487261772156
N016_R_seed0,16,0,96,0.9343277215957642
N016_R_seed0,16,0,97,1.1504067778587341
N016_R_seed0,16,0,98,1.0686208605766296
N016_R_seed0,16,0,99,1.1250585317611694
N016_R_seed0,16,0,100,1.101980745792389
N016_R_seed0,16,0,101,1.025717407464981
N016_R_seed0,16,0,102,1.0923877954483032
N016_R_seed0,16,0,103,1.2343521118164062
N016_R_seed0,16,0,104,0.9717046022415161
N016_R_seed0,16,0,105,1.1746063828468323
N016_R_seed0,16,0,106,1.2835809588432312
N016_R_seed0,16,0,107,1.132298469543457
N016_R_seed0,16,0,108,0.9964161515235901
N016_R_seed0,16,0,109,1.1357043981552124
N016_R_seed0,16,0,110,1.078467845916748
N016_R_seed0,16,0,111,1.0979727804660797
N016_R_seed0,16,0,112,1.191695511341095
N016_R_seed0,16,0,113,1.0508283972740173
N016_R_seed0,16,0,114,1.1293857097625732
N016_R_seed0,16,0,115,1.1793246269226074
N016_R_seed0,16,0,116,1.1646764278411865
N016_R_seed0,16,0,117,1.019963949918747
N016_R_seed0,16,0,118,0.9821280241012573
N016_R_seed0,16,0,119,1.1244863271713257
N016_R_seed0,16,0,120,1.2140337228775024
N016_R_seed0,16,0,121,1.0832202434539795
N016_R_seed0,16,0,122,1.092170238494873
N016_R_seed0,16,0,123,1.082499623298645
N016_R_seed0,16,0,124,1.1817523837089539
N016_R_seed0,16,0,125,1.0976383686065674
N016_R_seed0,16,0,126,0.9959626495838165
N016_R_seed0,16,0,127,0.9483168125152588
N016_R_seed0,16,0,128,1.0328114032745361
N016_R_seed0,16,0,129,1.1762639284133911
N016_R_seed0,16,0,130,1.1371073722839355
N016_R_seed0,16,0,131,1.1772047877311707
N016_R_seed0,16,0,132,1.1199489831924438
N016_R_seed0,16,0,133,0.9995517730712891
N016_R_seed0,16,0,134,1.1044937372207642
N016_R_seed0,16,0,135,0.9467929601669312
N016_R_seed0,16,0,136,1.0353907346725464
N016_R_seed0,16,0,137,1.0092182159423828
N016_R_seed0,16,0,138,0.9134812951087952
N016_R_seed0,16,0,139,1.1759048700332642
N016_R_seed0,16,0,140,0.9754664301872253
N016_R_seed0,16,0,141,1.097465991973877
N016_R_seed0,16,0,142,0.9177215993404388
N016_R_seed0,16,0,143,0.9753717184066772
N016_R_seed0,16,0,144,0.9135464429855347
N016_R_seed0,16,0,145,0.9759605228900909
N016_R_seed0,16,0,146,0.9585354328155518
N016_R_seed0,16,0,147,1.0389004349708557
N016_R_seed0,16,0,148,0.8323582708835602
N016_R_seed0,16,0,149,1.1750286221504211
N016_R_seed0,16,0,150,1.074453592300415
N016_R_seed0,16,0,151,1.1097135841846466
N016_R_seed0,16,0,152,0.8339889645576477
N016_R_seed0,16,0,153,1.2453908920288086
N016_R_seed0,16,0,154,0.8705720901489258
N016_R_seed0,16,0,155,1.1769983768463135
N016_R_seed0,16,0,156,0.9905124604701996
N016_R_seed0,16,0,157,0.8195719122886658
N016_R_seed0,16,0,158,0.9986840784549713
N016_R_seed0,16,0,159,0.9687241613864899
N016_R_seed0,16,0,160,0.9634631872177124
N016_R_seed0,16,0,161,0.8810393512248993
N016_R_seed0,16,0,162,1.0723119974136353
N016_R_seed0,16,0,163,0.9195182919502258
N016_R_seed0,16,0,164,0.9109437763690948
N016_R_seed0,16,0,165,0.9216162264347076
N016_R_seed0,16,0,166,0.8537576198577881
N016_R_seed0,16,0,167,0.8864346146583557
N016_R_seed0,16,0,168,0.9198183417320251
N016_R_seed0,16,0,169,0.9965384900569916
N016_R_seed0,16,0,170,0.8993849158287048
N016_R_seed0,16,0,171,1.065948724746704
N016_R_seed0,16,0,172,0.9530685544013977
N016_R_seed0,16,0,173,0.8773624300956726
N016_R_seed0,16,0,174,0.9285598397254944
N016_R_seed0,16,0,175,0.9900312423706055
N016_R_seed0,16,0,176,0.9693812131881714
N016_R_seed0,16,0,177,0.948951780796051
N016_R_seed0,16,0,178,0.9355034828186035
N016_R_seed0,16,0,179,0.9330151081085205
N016_R_seed0,16,0,180,0.9083288609981537
N016_R_seed0,16,0,181,0.9471104741096497
N016_R_seed0,16,0,182,0.8279131650924683
N016_R_seed0,16,0,183,0.9692606925964355
N016_R_seed0,16,0,184,0.8891900777816772
N016_R_seed0,16,0,185,0.9311169683933258
N016_R_seed0,16,0,186,0.9630147814750671
N016_R_seed0,16,0,187,0.9498827457427979
N016_R_seed0,16,0,188,0.8624038994312286
N016_R_seed0,16,0,189,1.0802122056484222
N016_R_seed0,16,0,190,0.8438850939273834
N016_R_seed0,16,0,191,0.8636471033096313
N016_R_seed0,16,0,192,0.8554830253124237
N016_R_seed0,16,0,193,0.9788587689399719
N016_R_seed0,16,0,194,0.9269803762435913
N016_R_seed0,16,0,195,1.0824641585350037
N016_R_seed0,16,0,196,0.8624767363071442
N016_R_seed0,16,0,197,0.9437327980995178
N016_R_seed0,16,0,198,1.003301978111267
N016_R_seed0,16,0,199,0.8212071359157562
N016_R_seed0,16,0,200,0.8427881002426147
N016_R_seed0,16,0,201,0.8112249374389648
N016_R_seed0,16,0,202,1.0630050897598267
N016_R_seed0,16,0,203,0.7706108391284943
N016_R_seed0,16,0,204,0.6944041550159454
N016_R_seed0,16,0,205,0.8917356729507446
N016_R_seed0,16,0,206,0.9136255979537964
N016_R_seed0,16,0,207,0.8093703389167786
N016_R_seed0,16,0,208,0.9665981531143188
N016_R_seed0,16,0,209,0.8134512305259705
N016_R_seed0,16,0,210,0.7640296518802643
N016_R_seed0,16,0,211,0.9381436109542847
N016_R_seed0,16,0,212,0.67101189494133
N016_R_seed0,16,0,213,0.9528902769088745
N016_R_seed0,16,0,214,0.783154308795929
N016_R_seed0,16,0,215,0.6261735558509827
N016_R_seed0,16,0,216,0.9177209734916687
N016_R_seed0,16,0,217,0.7950084209442139
N016_R_seed0,16,0,218,0.7829802930355072
N016_R_seed0,16,0,219,0.9023160338401794
N016_R_seed0,16,0,220,0.7553502917289734
N016_R_seed0,16,0,221,0.5898109078407288
N016_R_seed0,16,0,222,0.7599502503871918
N016_R_seed0,16,0,223,0.8029060065746307
N016_R_seed0,16,0,224,0.7301903069019318
N016_R_seed0,16,0,225,0.90909743309021
N016_R_seed0,16,0,226,0.6670825183391571
N016_R_seed0,16,0,227,0.6457751095294952
N016_R_seed0,16,0,228,0.8137705028057098
N016_R_seed0,16,0,229,0.6273456811904907
N016_R_seed0,16,0,230,0.6159569025039673
N016_R_seed0,16,0,231,0.5953660011291504
N016_R_seed0,16,0,232,0.6722269356250763
N016_R_seed0,16,0,233,0.8467422425746918
N016_R_seed0,16,0,234,0.8402093946933746
N016_R_seed0,16,0,235,0.7890400886535645
N016_R_seed0,16,0,236,0.5488610714673996
N016_R_seed0,16,0,237,0.8984371423721313
N016_R_seed0,16,0,238,0.7022753953933716
N016_R_seed0,16,0,239,0.728765457868576
N016_R_seed0,16,0,240,0.6521284580230713
N016_R_seed0,16,0,241,0.7564195394515991
N016_R_seed0,16,0,242,0.8545982539653778
N016_R_seed0,16,0,243,0.6538379490375519
N016_R_seed0,16,0,244,0.6257582604885101
N016_R_seed0,16,0,245,0.6679671406745911
N016_R_seed0,16,0,246,0.5413547605276108
N016_R_seed0,16,0,247,0.6278792023658752
N016_R_seed0,16,0,248,0.5332546532154083
N016_R_seed0,16,0,249,0.6387270987033844
N016_R_seed0,16,0,250,0.5892384052276611
N016_R_seed0,16,0,251,0.8023292720317841
N016_R_seed0,16,0,252,0.8899728357791901
N016_R_seed0,16,0,253,0.801242470741272
N016_R_seed0,16,0,254,0.5655955970287323
N016_R_seed0,16,0,255,0.883494108915329
N016_R_seed0,16,0,256,0.6738344728946686
N016_R_seed0,16,0,257,0.6321596205234528
N016_R_seed0,16,0,258,0.7295518815517426
N016_R_seed0,16,0,259,0.5631356835365295
N016_R_seed0,16,0,260,0.5749548673629761
N016_R_seed0,16,0,261,0.6154442131519318
N016_R_seed0,16,0,262,0.6900125741958618
N016_R_seed0,16,0,263,0.5303492546081543
N016_R_seed0,16,0,264,0.600471168756485
N016_R_seed0,16,0,265,0.5358253121376038
N016_R_seed0,16,0,266,0.6262707710266113
N016_R_seed0,16,0,267,0.4569161683320999
N016_R_seed0,16,0,268,0.6328123211860657
N016_R_seed0,16,0,269,0.6047454327344894
N016_R_seed0,16,0,270,0.5016836076974869
N016_R_seed0,16,0,271,0.7125193178653717
N016_R_seed0,16,0,272,0.5896423906087875
N016_R_seed0,16,0,273,0.4892134666442871
N016_R_seed0,16,0,274,0.5329205542802811
N016_R_seed0,16,0,275,0.7439350783824921
N016_R_seed0,16,0,276,0.4391975998878479
N016_R_seed0,16,0,277,0.5334662795066833
N016_R_seed0,16,0,278,0.6259182393550873
N016_R_seed0,16,0,279,0.4419917166233063
N016_R_seed0,16,0,280,0.5451191663742065
N016_R_seed0,16,0,281,0.5222367644309998
N016_R_seed0,16,0,282,0.3644374758005142
N016_R_seed0,16,0,283,0.49600671231746674
N016_R_seed0,16,0,284,0.5115664005279541
N016_R_seed0,16,0,285,0.5374666899442673
N016_R_seed0,16,0,286,0.4666285067796707
N016_R_seed0,16,0,287,0.5749578028917313
N016_R_seed0,16,0,288,0.42080017924308777
N016_R_seed0,16,0,289,0.41965922713279724
N016_R_seed0,16,0,290,0.3147783875465393
N016_R_seed0,16,0,291,0.560344010591507
N016_R_seed0,16,0,292,0.6134898066520691
N016_R_seed0,16,0,293,0.5876806378364563
N016_R_seed0,16,0,294,0.6742131412029266
N016_R_seed0,16,0,295,0.5299204587936401
N016_R_seed0,16,0,296,0.47270667552948
N016_R_seed0,16,0,297,0.6142626404762268
N016_R_seed0,16,0,298,0.35976023972034454
N016_R_seed0,16,0,299,0.6331532299518585
N016_R_seed0,16,0,300,0.789434164762497
N016_R_seed0,16,0,301,0.3937850296497345
N016_R_seed0,16,0,302,0.44774025678634644
N016_R_seed0,16,0,303,0.3711146265268326
N016_R_seed0,16,0,304,0.5511272251605988
N016_R_seed0,16,0,305,0.41301196813583374
N016_R_seed0,16,0,306,0.6834560036659241
N016_R_seed0,16,0,307,0.7691393494606018
N016_R_seed0,16,0,308,0.4304626137018204
N016_R_seed0,16,0,309,0.33458784222602844
N016_R_seed0,16,0,310,0.614618569612503
N016_R_seed0,16,0,311,0.4696187525987625
N016_R_seed0,16,0,312,0.36352328956127167
N016_R_seed0,16,0,313,0.6703280210494995
N016_R_seed0,16,0,314,0.4428493529558182
N016_R_seed0,16,0,315,0.4108908176422119
N016_R_seed0,16,0,316,0.499424010515213
N016_R_seed0,16,0,317,0.3747214525938034
N016_R_seed0,16,0,318,0.446872815489769
N016_R_seed0,16,0,319,0.49936938285827637
N016_R_seed0,16,0,320,0.3035365045070648
N016_R_seed0,16,0,321,0.4626733064651489
N016_R_seed0,16,0,322,0.3169826567173004
N016_R_seed0,16,0,323,0.4494631439447403
N016_R_seed0,16,0,324,0.4517269432544708
N016_R_seed0,16,0,325,0.3760461062192917
N016_R_seed0,16,0,326,0.5188033878803253
N016_R_seed0,16,0,327,0.39238083362579346
N016_R_seed0,16,0,328,0.2990727350115776
N016_R_seed0,16,0,329,0.2561235576868057
N016_R_seed0,16,0,330,0.5227947384119034
N016_R_seed0,16,0,331,0.2644382640719414
N016_R_seed0,16,0,332,0.3273811936378479
N016_R_seed0,16,0,333,0.5210493952035904
N016_R_seed0,16,0,334,0.2714954763650894
N016_R_seed0,16,0,335,0.27932555973529816
N016_R_seed0,16,0,336,0.3758110851049423
N016_R_seed0,16,0,337,0.39978283643722534
N016_R_seed0,16,0,338,0.4114956706762314
N016_R_seed0,16,0,339,0.3861224204301834
N016_R_seed0,16,0,340,0.2192121520638466
N016_R_seed0,16,0,341,0.46373941004276276
N016_R_seed0,16,0,342,0.4737185537815094
N016_R_seed0,16,0,343,0.20160725712776184
N016_R_seed0,16,0,344,0.4727487787604332
N016_R_seed0,16,0,345,0.2738198786973953
N016_R_seed0,16,0,346,0.3429010659456253
N016_R_seed0,16,0,347,0.20113611966371536
N016_R_seed0,16,0,348,0.30446551740169525
N016_R_seed0,16,0,349,0.25607161223888397
N016_R_seed0,16,0,350,0.39280617237091064
N016_R_seed0,16,0,351,0.2857922166585922
N016_R_seed0,16,0,352,0.6405749917030334
N016_R_seed0,16,0,353,0.24926797300577164
N016_R_seed0,16,0,354,0.31203392893075943
N016_R_seed0,16,0,355,0.25418975949287415
N016_R_seed0,16,0,356,0.45172449946403503
N016_R_seed0,16,0,357,0.3191303014755249
N016_R_seed0,16,0,358,0.48926080763339996
N016_R_seed0,16,0,359,0.3004644066095352
N016_R_seed0,16,0,360,0.2119286209344864
N016_R_seed0,16,0,361,0.5262878835201263
N016_R_seed0,16,0,362,0.29804082214832306
N016_R_seed0,16,0,363,0.2349814921617508
N016_R_seed0,16,0,364,0.17318493127822876
N016_R_seed0,16,0,365,0.5174860656261444
N016_R_seed0,16,0,366,0.40228892862796783
N016_R_seed0,16,0,367,0.3553479462862015
N016_R_seed0,16,0,368,0.3175828754901886
N016_R_seed0,16,0,369,0.4755001813173294
N016_R_seed0,16,0,370,0.3223213404417038
N016_R_seed0,16,0,371,0.3301353305578232
N016_R_seed0,16,0,372,0.2666618674993515
N016_R_seed0,16,0,373,0.28351619839668274
N016_R_seed0,16,0,374,0.25807930529117584
N016_R_seed0,16,0,375,0.188027523458004
N016_R_seed0,16,0,376,0.35208699107170105
N016_R_seed0,16,0,377,0.42544493824243546
N016_R_seed0,16,0,378,0.27229709923267365
N016_R_seed0,16,0,379,0.29647641628980637
N016_R_seed0,16,0,380,0.3649887442588806
N016_R_seed0,16,0,381,0.4925018548965454
N016_R_seed0,16,0,382,0.45642225444316864
N016_R_seed0,16,0,383,0.4603734314441681
N016_R_seed0,16,0,384,0.33542144298553467
N016_R_seed0,16,0,385,0.3269568383693695
N016_R_seed0,16,0,386,0.32220740616321564
N016_R_seed0,16,0,387,0.3658394515514374
N016_R_seed0,16,0,388,0.38300979137420654
N016_R_seed0,16,0,389,0.26644841581583023
N016_R_seed0,16,0,390,0.3417053520679474
N016_R_seed0,16,0,391,0.3027027025818825
N016_R_seed0,16,0,392,0.22460034489631653
N016_R_seed0,16,0,393,0.28008194267749786
N016_R_seed0,16,0,394,0.2434215322136879
N016_R_seed0,16,0,395,0.1922493651509285
N016_R_seed0,16,0,396,0.2465520203113556
N016_R_seed0,16,0,397,0.275451123714447
N016_R_seed0,16,0,398,0.22132138907909393
N016_R_seed0,16,0,399,0.2543688416481018
N016_R_seed0,16,0,400,0.495609849691391
N016_R_seed0,16,0,401,0.18070761859416962
N016_R_seed0,16,0,402,0.19602066278457642
N016_R_seed0,16,0,403,0.3355480283498764
N016_R_seed0,16,0,404,0.5280946493148804
N016_R_seed0,16,0,405,0.27330030500888824
N016_R_seed0,16,0,406,0.2574024349451065
N016_R_seed0,16,0,407,0.3432703763246536
N016_R_seed0,16,0,408,0.30483411997556686
N016_R_seed0,16,0,409,0.26820336282253265
N016_R_seed0,16,0,410,0.34232641756534576
N016_R_seed0,16,0,411,0.2663746774196625
N016_R_seed0,16,0,412,0.3678414672613144
N016_R_seed0,16,0,413,0.22904246300458908
N016_R_seed0,16,0,414,0.36887115240097046
N016_R_seed0,16,0,415,0.2710360288619995
N016_R_seed0,16,0,416,0.24329614639282227
N016_R_seed0,16,0,417,0.2547506093978882
N016_R_seed0,16,0,418,0.2776857614517212
N016_R_seed0,16,0,419,0.1783233880996704
N016_R_seed0,16,0,420,0.20399729907512665
N016_R_seed0,16,0,421,0.2017134502530098
N016_R_seed0,16,0,422,0.2464362531900406
N016_R_seed0,16,0,423,0.2782881408929825
N016_R_seed0,16,0,424,0.2263987883925438
N016_R_seed0,16,0,425,0.21555458009243011
N016_R_seed0,16,0,426,0.35685478150844574
N016_R_seed0,16,0,427,0.28988076746463776
N016_R_seed0,16,0,428,0.14560900628566742
N016_R_seed0,16,0,429,0.4299194887280464
N016_R_seed0,16,0,430,0.4026193767786026
N016_R_seed0,16,0,431,0.1927754282951355
N016_R_seed0,16,0,432,0.26513299345970154
N016_R_seed0,16,0,433,0.3591259717941284
N016_R_seed0,16,0,434,0.18087352067232132
N016_R_seed0,16,0,435,0.5422533750534058
N016_R_seed0,16,0,436,0.2256733551621437
N016_R_seed0,16,0,437,0.353197306394577
N016_R_seed0,16,0,438,0.23826953768730164
N016_R_seed0,16,0,439,0.2051498368382454
N016_R_seed0,16,0,440,0.5457283556461334
N016_R_seed0,16,0,441,0.160038560628891
N016_R_seed0,16,0,442,0.651160478591919
N016_R_seed0,16,0,443,0.5174356698989868
N016_R_seed0,16,0,444,0.22259405255317688
N016_R_seed0,16,0,445,0.2335081622004509
N016_R_seed0,16,0,446,0.48299768567085266
N016_R_seed0,16,0,447,0.20308662950992584
N016_R_seed0,16,0,448,0.18428312987089157
N016_R_seed0,16,0,449,0.22302500158548355
N016_R_seed0,16,0,450,0.22366487979888916
N016_R_seed0,16,0,451,0.2749561220407486
N016_R_seed0,16,0,452,0.3261989802122116
N016_R_seed0,16,0,453,0.2120692878961563
N016_R_seed0,16,0,454,0.39203548431396484
N016_R_seed0,16,0,455,0.5048972219228745
N016_R_seed0,16,0,456,0.3335667625069618
N016_R_seed0,16,0,457,0.3829145282506943
N016_R_seed0,16,0,458,0.24868281185626984
N016_R_seed0,16,0,459,0.388273686170578
N016_R_seed0,16,0,460,0.20340518653392792
N016_R_seed0,16,0,461,0.42124223709106445
N016_R_seed0,16,0,462,0.2802402973175049
N016_R_seed0,16,0,463,0.5380078107118607
N016_R_seed0,16,0,464,0.18710028380155563
N016_R_seed0,16,0,465,0.2753560394048691
N016_R_seed0,16,0,466,0.2056191861629486
N016_R_seed0,16,0,467,0.3115583658218384
N016_R_seed0,16,0,468,0.4409366846084595
N016_R_seed0,16,0,469,0.2515619732439518
N016_R_seed0,16,0,470,0.4024662673473358
N016_R_seed0,16,0,471,0.26475363224744797
N016_R_seed0,16,0,472,0.3056003898382187
N016_R_seed0,16,0,473,0.19779828935861588
N016_R_seed0,16,0,474,0.32331740111112595
N016_R_seed0,16,0,475,0.6527403593063354
N016_R_seed0,16,0,476,0.19648640602827072
N016_R_seed0,16,0,477,0.20139674097299576
N016_R_seed0,16,0,478,0.18442856520414352
N016_R_seed0,16,0,479,0.29846419394016266
N016_R_seed0,16,0,480,0.25188498198986053
N016_R_seed0,16,0,481,0.31646010279655457
N016_R_seed0,16,0,482,0.2411341518163681
N016_R_seed0,16,0,483,0.1616698056459427
N016_R_seed0,16,0,484,0.4515402168035507
N016_R_seed0,16,0,485,0.3900015503168106
N016_R_seed0,16,0,486,0.15953805297613144
N016_R_seed0,16,0,487,0.22912845760583878
N016_R_seed0,16,0,488,0.2796993777155876
N016_R_seed0,16,0,489,0.21749760210514069
N016_R_seed0,16,0,490,0.551961213350296
N016_R_seed0,16,0,491,0.32650403678417206
N016_R_seed0,16,0,492,0.32671181857585907
N016_R_seed0,16,0,493,0.3212488368153572
N016_R_seed0,16,0,494,0.33894552290439606
N016_R_seed0,16,0,495,0.16349580138921738
N016_R_seed0,16,0,496,0.3169712722301483
N016_R_seed0,16,0,497,0.3983888030052185
N016_R_seed0,16,0,498,0.31308794021606445
N016_R_seed0,16,0,499,0.2808295041322708
N016_R_seed0,16,0,500,0.508720688521862
N016_R_seed0,16,0,501,0.3828175514936447
N016_R_seed0,16,0,502,0.24952299147844315
N016_R_seed0,16,0,503,0.23282921314239502
N016_R_seed0,16,0,504,0.22639504075050354
N016_R_seed0,16,0,505,0.3212612420320511
N016_R_seed0,16,0,506,0.15145068988204002
N016_R_seed0,16,0,507,0.12976500764489174
N016_R_seed0,16,0,508,0.3382302075624466
N016_R_seed0,16,0,509,0.24968884885311127
N016_R_seed0,16,0,510,0.21009382605552673
N016_R_seed0,16,0,511,0.24519911408424377
N016_R_seed0,16,0,512,0.23628783226013184
N016_R_seed0,16,0,513,0.24133482575416565
N016_R_seed0,16,0,514,0.29590490460395813
N016_R_seed0,16,0,515,0.12474584579467773
N016_R_seed0,16,0,516,0.1760440394282341
N016_R_seed0,16,0,517,0.14809108525514603
N016_R_seed0,16,0,518,0.23800864815711975
N016_R_seed0,16,0,519,0.15638776123523712
N016_R_seed0,16,0,520,0.18603169173002243
N016_R_seed0,16,0,521,0.16961964219808578
N016_R_seed0,16,0,522,0.23666904866695404
N016_R_seed0,16,0,523,0.2132137268781662
N016_R_seed0,16,0,524,0.2436010017991066
N016_R_seed0,16,0,525,0.2604869492352009
N016_R_seed0,16,0,526,0.13112925738096237
N016_R_seed0,16,0,527,0.14858241006731987
N016_R_seed0,16,0,528,0.2000935599207878
N016_R_seed0,16,0,529,0.10947870090603828
N016_R_seed0,16,0,530,0.27132199704647064
N016_R_seed0,16,0,531,0.3276125490665436
N016_R_seed0,16,0,532,0.17939493060112
N016_R_seed0,16,0,533,0.2363913133740425
N016_R_seed0,16,0,534,0.3114117532968521
N016_R_seed0,16,0,535,0.2101021558046341
N016_R_seed0,16,0,536,0.18761980533599854
N016_R_seed0,16,0,537,0.34470023214817047
N016_R_seed0,16,0,538,0.260013222694397
N016_R_seed0,16,0,539,0.17903918027877808
N016_R_seed0,16,0,540,0.54303327947855
N016_R_seed0,16,0,541,0.17591442167758942
N016_R_seed0,16,0,542,0.16275344789028168
N016_R_seed0,16,0,543,0.3526918590068817
N016_R_seed0,16,0,544,0.2369285300374031
N016_R_seed0,16,0,545,0.1830117627978325
N016_R_seed0,16,0,546,0.252315029501915
N016_R_seed0,16,0,547,0.29553740471601486
N016_R_seed0,16,0,548,0.16942201554775238
N016_R_seed0,16,0,549,0.21044227480888367
N016_R_seed0,16,0,550,0.29674897342920303
N016_R_seed0,16,0,551,0.32147669792175293
N016_R_seed0,16,0,552,0.25177910923957825
N016_R_seed0,16,0,553,0.24711664021015167
N016_R_seed0,16,0,554,0.21101583540439606
N016_R_seed0,16,0,555,0.23895184695720673
N016_R_seed0,16,0,556,0.3670031949877739
N016_R_seed0,16,0,557,0.3136941194534302
N016_R_seed0,16,0,558,0.4361536055803299
N016_R_seed0,16,0,559,0.28355665504932404
N016_R_seed0,16,0,560,0.15565209835767746
N016_R_seed0,16,0,561,0.2772004157304764
N016_R_seed0,16,0,562,0.1712150238454342
N016_R_seed0,16,0,563,0.15759186446666718
N016_R_seed0,16,0,564,0.15548770129680634
N016_R_seed0,16,0,565,0.14541207253932953
N016_R_seed0,16,0,566,0.4016069322824478
N016_R_seed0,16,0,567,0.18210331350564957
N016_R_seed0,16,0,568,0.3738067150115967
N016_R_seed0,16,0,569,0.14022522419691086
N016_R_seed0,16,0,570,0.17040320858359337
N016_R_seed0,16,0,571,0.3115546554327011
N016_R_seed0,16,0,572,0.23532939702272415
N016_R_seed0,16,0,573,0.15550373494625092
N016_R_seed0,16,0,574,0.11755041033029556
N016_R_seed0,16,0,575,0.3262629508972168
N016_R_seed0,16,0,576,0.27381277084350586
N016_R_seed0,16,0,577,0.12591331079602242
N016_R_seed0,16,0,578,0.13928630203008652
N016_R_seed0,16,0,579,0.1845201849937439
N016_R_seed0,16,0,580,0.21928389370441437
N016_R_seed0,16,0,581,0.22658509761095047
N016_R_seed0,16,0,582,0.16750476509332657
N016_R_seed0,16,0,583,0.285720556974411
N016_R_seed0,16,0,584,0.13767867907881737
N016_R_seed0,16,0,585,0.15257933363318443
N016_R_seed0,16,0,586,0.18033476173877716
N016_R_seed0,16,0,587,0.4908111169934273
N016_R_seed0,16,0,588,0.09998172149062157
N016_R_seed0,16,0,589,0.21721308678388596
N016_R_seed0,16,0,590,0.3284205496311188
N016_R_seed0,16,0,591,0.2525681257247925
N016_R_seed0,16,0,592,0.27168356627225876
N016_R_seed0,16,0,593,0.4005054011940956
N016_R_seed0,16,0,594,0.10563071072101593
N016_R_seed0,16,0,595,0.2740762308239937
N016_R_seed0,16,0,596,0.10948927700519562
N016_R_seed0,16,0,597,0.13199008256196976
N016_R_seed0,16,0,598,0.1663336604833603
N016_R_seed0,16,0,599,0.16086175292730331
N016_R_seed0,16,0,600,0.1680750660598278
N016_R_seed0,16,0,601,0.35256359726190567
N016_R_seed0,16,0,602,0.18192986398935318
N016_R_seed0,16,0,603,0.13983195275068283
N016_R_seed0,16,0,604,0.28555479645729065
N016_R_seed0,16,0,605,0.24009157717227936
N016_R_seed0,16,0,606,0.2289808839559555
N016_R_seed0,16,0,607,0.19387239590287209
N016_R_seed0,16,0,608,0.22211701422929764
N016_R_seed0,16,0,609,0.1879158467054367
N016_R_seed0,16,0,610,0.23150699585676193
N016_R_seed0,16,0,611,0.22058063000440598
N016_R_seed0,16,0,612,0.1650516465306282
N016_R_seed0,16,0,613,0.1537083238363266
N016_R_seed0,16,0,614,0.21914830058813095
N016_R_seed0,16,0,615,0.25480717420578003
N016_R_seed0,16,0,616,0.21003159880638123
N016_R_seed0,16,0,617,0.21485023945569992
N016_R_seed0,16,0,618,0.15680480003356934
N016_R_seed0,16,0,619,0.4925660640001297
N016_R_seed0,16,0,620,0.13470203429460526
N016_R_seed0,16,0,621,0.26827436685562134
N016_R_seed0,16,0,622,0.354175329208374
N016_R_seed0,16,0,623,0.1600123681128025
N016_R_seed0,16,0,624,0.37502120435237885
N016_R_seed0,16,0,625,0.4234761670231819
N016_R_seed0,16,0,626,0.27470148354768753
N016_R_seed0,16,0,627,0.2793247848749161
N016_R_seed0,16,0,628,0.12466275691986084
N016_R_seed0,16,0,629,0.3262890502810478
N016_R_seed0,16,0,630,0.18457552045583725
N016_R_seed0,16,0,631,0.3261219561100006
N016_R_seed0,16,0,632,0.3192002922296524
N016_R_seed0,16,0,633,0.12869605422019958
N016_R_seed0,16,0,634,0.15352630615234375
N016_R_seed0,16,0,635,0.12044039368629456
N016_R_seed0,16,0,636,0.13049518689513206
N016_R_seed0,16,0,637,0.1972265988588333
N016_R_seed0,16,0,638,0.15815705433487892
N016_R_seed0,16,0,639,0.24280185997486115
N016_R_seed0,16,0,640,0.39720486104488373
N016_R_seed0,16,0,641,0.25932782143354416
N016_R_seed0,16,0,642,0.5459176152944565
N016_R_seed0,16,0,643,0.16313698887825012
N016_R_seed0,16,0,644,0.3416278064250946
N016_R_seed0,16,0,645,0.1998644843697548
N016_R_seed0,16,0,646,0.19641241431236267
N016_R_seed0,16,0,647,0.19704880565404892
N016_R_seed0,16,0,648,0.19177522510290146
N016_R_seed0,16,0,649,0.1808680072426796
N016_R_seed0,16,0,650,0.37168993055820465
N016_R_seed0,16,0,651,0.3886336386203766
N016_R_seed0,16,0,652,0.2804791331291199
N016_R_seed0,16,0,653,0.16241785138845444
N016_R_seed0,16,0,654,0.13348062336444855
N016_R_seed0,16,0,655,0.23459896445274353
N016_R_seed0,16,0,656,0.23073669523000717
N016_R_seed0,16,0,657,0.1763351708650589
N016_R_seed0,16,0,658,0.23155980557203293
N016_R_seed0,16,0,659,0.1447536014020443
N016_R_seed0,16,0,660,0.19421668350696564
N016_R_seed0,16,0,661,0.15236563235521317
N016_R_seed0,16,0,662,0.16581810265779495
N016_R_seed0,16,0,663,0.177225723862648
N016_R_seed0,16,0,664,0.2153278812766075
N016_R_seed0,16,0,665,0.4141938388347626
N016_R_seed0,16,0,666,0.14916042238473892
N016_R_seed0,16,0,667,0.23935246467590332
N016_R_seed0,16,0,668,0.2623317763209343
N016_R_seed0,16,0,669,0.21884645521640778
N016_R_seed0,16,0,670,0.19535166025161743
N016_R_seed0,16,0,671,0.19155634939670563
N016_R_seed0,16,0,672,0.12814608216285706
N016_R_seed0,16,0,673,0.18874046951532364
N016_R_seed0,16,0,674,0.17037897557020187
N016_R_seed0,16,0,675,0.5053160041570663
N016_R_seed0,16,0,676,0.1603114977478981
N016_R_seed0,16,0,677,0.2648395150899887
N016_R_seed0,16,0,678,0.18755871057510376
N016_R_seed0,16,0,679,0.43257878720760345
N016_R_seed0,16,0,680,0.15865512937307358
N016_R_seed0,16,0,681,0.1729981005191803
N016_R_seed0,16,0,682,0.17975471913814545
N016_R_seed0,16,0,683,0.17456625401973724
N016_R_seed0,16,0,684,0.1451357826590538
N016_R_seed0,16,0,685,0.17189211770892143
N016_R_seed0,16,0,686,0.24438633024692535
N016_R_seed0,16,0,687,0.3939770460128784
N016_R_seed0,16,0,688,0.23462650179862976
N016_R_seed0,16,0,689,0.2953869104385376
N016_R_seed0,16,0,690,0.1675206795334816
N016_R_seed0,16,0,691,0.5604616403579712
N016_R_seed0,16,0,692,0.37601054459810257
N016_R_seed0,16,0,693,0.24360233545303345
N016_R_seed0,16,0,694,0.26072192192077637
N016_R_seed0,16,0,695,0.19803380221128464
N016_R_seed0,16,0,696,0.17511919140815735
N016_R_seed0,16,0,697,0.14930125325918198
N016_R_seed0,16,0,698,0.15297706425189972
N016_R_seed0,16,0,699,0.3508361130952835
N016_R_seed0,16,0,700,0.13467901200056076
N016_R_seed0,16,0,701,0.17311175167560577
N016_R_seed0,16,0,702,0.28379208594560623
N016_R_seed0,16,0,703,0.17429617792367935
N016_R_seed0,16,0,704,0.2636987715959549
N016_R_seed0,16,0,705,0.23047493398189545
N016_R_seed0,16,0,706,0.1588171273469925
N016_R_seed0,16,0,707,0.1323365867137909
N016_R_seed0,16,0,708,0.13962902128696442
N016_R_seed0,16,0,709,0.14621137082576752
N016_R_seed0,16,0,710,0.22235776484012604
N016_R_seed0,16,0,711,0.20249803364276886
N016_R_seed0,16,0,712,0.2370106801390648
N016_R_seed0,16,0,713,0.17710872739553452
N016_R_seed0,16,0,714,0.21084504574537277
N016_R_seed0,16,0,715,0.17027510702610016
N016_R_seed0,16,0,716,0.15453936904668808
N016_R_seed0,16,0,717,0.21098098158836365
N016_R_seed0,16,0,718,0.17498043179512024
N016_R_seed0,16,0,719,0.23214425146579742
N016_R_seed0,16,0,720,0.15661104768514633
N016_R_seed0,16,0,721,0.21998906135559082
N016_R_seed0,16,0,722,0.2912415415048599
N016_R_seed0,16,0,723,0.17680811882019043
N016_R_seed0,16,0,724,0.14845489710569382
N016_R_seed0,16,0,725,0.15228785574436188
N016_R_seed0,16,0,726,0.1358240805566311
N016_R_seed0,16,0,727,0.14702463150024414
N016_R_seed0,16,0,728,0.13157202303409576
N016_R_seed0,16,0,729,0.19569110870361328
N016_R_seed0,16,0,730,0.1825713813304901
N016_R_seed0,16,0,731,0.1836370937526226
N016_R_seed0,16,0,732,0.1975182145833969
N016_R_seed0,16,0,733,0.3536016047000885
N016_R_seed0,16,0,734,0.11354458332061768
N016_R_seed0,16,0,735,0.17455444484949112
N016_R_seed0,16,0,736,0.16643641144037247
N016_R_seed0,16,0,737,0.18787266314029694
N016_R_seed0,16,0,738,0.46207502484321594
N016_R_seed0,16,0,739,0.35794706642627716
N016_R_seed0,16,0,740,0.16768460720777512
N016_R_seed0,16,0,741,0.19054915010929108
N016_R_seed0,16,0,742,0.10947275161743164
N016_R_seed0,16,0,743,0.13741502165794373
N016_R_seed0,16,0,744,0.13104654103517532
N016_R_seed0,16,0,745,0.19200628995895386
N016_R_seed0,16,0,746,0.08865300565958023
N016_R_seed0,16,0,747,0.26735880970954895
N016_R_seed0,16,0,748,0.16099832952022552
N016_R_seed0,16,0,749,0.1754765808582306
N016_R_seed0,16,0,750,0.08913606032729149
N016_R_seed0,16,0,751,0.15383750945329666
N016_R_seed0,16,0,752,0.14201240986585617
N016_R_seed0,16,0,753,0.3005896061658859
N016_R_seed0,16,0,754,0.11516261845827103
N016_R_seed0,16,0,755,0.1964491903781891
N016_R_seed0,16,0,756,0.3230200856924057
N016_R_seed0,16,0,757,0.1224885880947113
N016_R_seed0,16,0,758,0.2047160379588604
N016_R_seed0,16,0,759,0.12164628505706787
N016_R_seed0,16,0,760,0.17081360518932343
N016_R_seed0,16,0,761,0.19805195927619934
N016_R_seed0,16,0,762,0.1461196467280388
N016_R_seed0,16,0,763,0.2043248862028122
N016_R_seed0,16,0,764,0.12156277894973755
N016_R_seed0,16,0,765,0.20180100202560425
N016_R_seed0,16,0,766,0.28894127905368805
N016_R_seed0,16,0,767,0.18478773161768913
N016_R_seed0,16,0,768,0.19211192429065704
N016_R_seed0,16,0,769,0.11504362896084785
N016_R_seed0,16,0,770,0.1364097148180008
N016_R_seed0,16,0,771,0.2552817538380623
N016_R_seed0,16,0,772,0.12634776905179024
N016_R_seed0,16,0,773,0.09799651801586151
N016_R_seed0,16,0,774,0.17315313965082169
N016_R_seed0,16,0,775,0.14691805839538574
N016_R_seed0,16,0,776,0.19590691104531288
N016_R_seed0,16,0,777,0.16772346198558807
N016_R_seed0,16,0,778,0.14946087449789047
N016_R_seed0,16,0,779,0.18186646699905396
N016_R_seed0,16,0,780,0.13219522684812546
N016_R_seed0,16,0,781,0.16298611462116241
N016_R_seed0,16,0,782,0.15223293751478195
N016_R_seed0,16,0,783,0.14728335291147232
N016_R_seed0,16,0,784,0.17429231107234955
N016_R_seed0,16,0,785,0.13343136757612228
N016_R_seed0,16,0,786,0.2221529632806778
N016_R_seed0,16,0,787,0.15913577377796173
N016_R_seed0,16,0,788,0.20206837356090546
N016_R_seed0,16,0,789,0.27965665236115456
N016_R_seed0,16,0,790,0.19073904305696487
N016_R_seed0,16,0,791,0.20796117186546326
N016_R_seed0,16,0,792,0.17025825381278992
N016_R_seed0,16,0,793,0.0944829173386097
N016_R_seed0,16,0,794,0.11907743662595749
N016_R_seed0,16,0,795,0.3105848431587219
N016_R_seed0,16,0,796,0.1637231409549713
N016_R_seed0,16,0,797,0.21826104819774628
N016_R_seed0,16,0,798,0.1329667717218399
N016_R_seed0,16,0,799,0.18570028245449066
N016_R_seed0,16,0,800,0.08902802877128124
N016_R_seed0,16,0,801,0.15857328474521637
N016_R_seed0,16,0,802,0.21480192244052887
N016_R_seed0,16,0,803,0.11806727200746536
N016_R_seed0,16,0,804,0.1752261444926262
N016_R_seed0,16,0,805,0.14742932468652725
N016_R_seed0,16,0,806,0.13884668052196503
N016_R_seed0,16,0,807,0.10282997786998749
N016_R_seed0,16,0,808,0.19416652619838715
N016_R_seed0,16,0,809,0.24229247868061066
N016_R_seed0,16,0,810,0.1663423851132393
N016_R_seed0,16,0,811,0.1793532818555832
N016_R_seed0,16,0,812,0.15823104977607727
N016_R_seed0,16,0,813,0.17524469643831253
N016_R_seed0,16,0,814,0.24634432792663574
N016_R_seed0,16,0,815,0.09940182790160179
N016_R_seed0,16,0,816,0.21657618880271912
N016_R_seed0,16,0,817,0.1120494157075882
N016_R_seed0,16,0,818,0.12479642033576965
N016_R_seed0,16,0,819,0.161032572388649
N016_R_seed0,16,0,820,0.14511873573064804
N016_R_seed0,16,0,821,0.13434048369526863
N016_R_seed0,16,0,822,0.20519794523715973
N016_R_seed0,16,0,823,0.1673760861158371
N016_R_seed0,16,0,824,0.17424801737070084
N016_R_seed0,16,0,825,0.09176384657621384
N016_R_seed0,16,0,826,0.13710907101631165
N016_R_seed0,16,0,827,0.15930847823619843
N016_R_seed0,16,0,828,0.08538530394434929
N016_R_seed0,16,0,829,0.2475709691643715
N016_R_seed0,16,0,830,0.08263985812664032
N016_R_seed0,16,0,831,0.15444021672010422
N016_R_seed0,16,0,832,0.22062274813652039
N016_R_seed0,16,0,833,0.1530401147902012
N016_R_seed0,16,0,834,0.11003068834543228
N016_R_seed0,16,0,835,0.12858769297599792
N016_R_seed0,16,0,836,0.11640452221035957
N016_R_seed0,16,0,837,0.1357944905757904
N016_R_seed0,16,0,838,0.18304825574159622
N016_R_seed0,16,0,839,0.12500512227416039
N016_R_seed0,16,0,840,0.22519947588443756
N016_R_seed0,16,0,841,0.08372579514980316
N016_R_seed0,16,0,842,0.09953724592924118
N016_R_seed0,16,0,843,0.23407237604260445
N016_R_seed0,16,0,844,0.18893757462501526
N016_R_seed0,16,0,845,0.1313103511929512
N016_R_seed0,16,0,846,0.10259751603007317
N016_R_seed0,16,0,847,0.1365387812256813
N016_R_seed0,16,0,848,0.10386952944099903
N016_R_seed0,16,0,849,0.14622098207473755
N016_R_seed0,16,0,850,0.18174386024475098
N016_R_seed0,16,0,851,0.1496448814868927
N016_R_seed0,16,0,852,0.20488204061985016
N016_R_seed0,16,0,853,0.1670040413737297
N016_R_seed0,16,0,854,0.28737282007932663
N016_R_seed0,16,0,855,0.17393696308135986
N016_R_seed0,16,0,856,0.1194181740283966
N016_R_seed0,16,0,857,0.23149558529257774
N016_R_seed0,16,0,858,0.13694772869348526
N016_R_seed0,16,0,859,0.2763684391975403
N016_R_seed0,16,0,860,0.2311946302652359
N016_R_seed0,16,0,861,0.1672237142920494
N016_R_seed0,16,0,862,0.19430191069841385
N016_R_seed0,16,0,863,0.18947354704141617
N016_R_seed0,16,0,864,0.09453944861888885
N016_R_seed0,16,0,865,0.17036986351013184
N016_R_seed0,16,0,866,0.12867209687829018
N016_R_seed0,16,0,867,0.5553050637245178
N016_R_seed0,16,0,868,0.33821792155504227
N016_R_seed0,16,0,869,0.22581833600997925
N016_R_seed0,16,0,870,0.19485606253147125
N016_R_seed0,16,0,871,0.2024771198630333
N016_R_seed0,16,0,872,0.12547293677926064
N016_R_seed0,16,0,873,0.10619182512164116
N016_R_seed0,16,0,874,0.1857844479382038
N016_R_seed0,16,0,875,0.16654866188764572
N016_R_seed0,16,0,876,0.1056327149271965
N016_R_seed0,16,0,877,0.19456016272306442
N016_R_seed0,16,0,878,0.12974391505122185
N016_R_seed0,16,0,879,0.15782004594802856
N016_R_seed0,16,0,880,0.11327994614839554
N016_R_seed0,16,0,881,0.14607160538434982
N016_R_seed0,16,0,882,0.21238712966442108
N016_R_seed0,16,0,883,0.13535714894533157
N016_R_seed0,16,0,884,0.21783671155571938
N016_R_seed0,16,0,885,0.0926179438829422
N016_R_seed0,16,0,886,0.08977239578962326
N016_R_seed0,16,0,887,0.14554675668478012
N016_R_seed0,16,0,888,0.11277708411216736
N016_R_seed0,16,0,889,0.1791372001171112
N016_R_seed0,16,0,890,0.1272096186876297
N016_R_seed0,16,0,891,0.18830841034650803
N016_R_seed0,16,0,892,0.13499275594949722
N016_R_seed0,16,0,893,0.11110294237732887
N016_R_seed0,16,0,894,0.12026585265994072
N016_R_seed0,16,0,895,0.14980646967887878
N016_R_seed0,16,0,896,0.13015151768922806
N016_R_seed0,16,0,897,0.13435101509094238
N016_R_seed0,16,0,898,0.08937359414994717
N016_R_seed0,16,0,899,0.1434120386838913
N016_R_seed0,16,0,900,0.08683303371071815
N016_R_seed0,16,0,901,0.14814504981040955
N016_R_seed0,16,0,902,0.11186209321022034
N016_R_seed0,16,0,903,0.13802489265799522
N016_R_seed0,16,0,904,0.2117535024881363
N016_R_seed0,16,0,905,0.12384601682424545
N016_R_seed0,16,0,906,0.11238820478320122
N016_R_seed0,16,0,907,0.10303061082959175
N016_R_seed0,16,0,908,0.08887405693531036
N016_R_seed0,16,0,909,0.17331330478191376
N016_R_seed0,16,0,910,0.09514043852686882
N016_R_seed0,16,0,911,0.08692972734570503
N016_R_seed0,16,0,912,0.21993388235569
N016_R_seed0,16,0,913,0.14304618537425995
N016_R_seed0,16,0,914,0.13055630028247833
N016_R_seed0,16,0,915,0.12531056255102158
N016_R_seed0,16,0,916,0.0815846174955368
N016_R_seed0,16,0,917,0.11264153569936752
N016_R_seed0,16,0,918,0.11624263972043991
N016_R_seed0,16,0,919,0.19872155040502548
N016_R_seed0,16,0,920,0.10258667916059494
N016_R_seed0,16,0,921,0.11125250533223152
N016_R_seed0,16,0,922,0.15663637220859528
N016_R_seed0,16,0,923,0.14838728308677673
N016_R_seed0,16,0,924,0.09520742669701576
N016_R_seed0,16,0,925,0.11581797525286674
N016_R_seed0,16,0,926,0.12308208644390106
N016_R_seed0,16,0,927,0.2579341046512127
N016_R_seed0,16,0,928,0.1010807603597641
N016_R_seed0,16,0,929,0.1180490031838417
N016_R_seed0,16,0,930,0.08074519783258438
N016_R_seed0,16,0,931,0.10487972758710384
N016_R_seed0,16,0,932,0.29262496531009674
N016_R_seed0,16,0,933,0.12671101093292236
N016_R_seed0,16,0,934,0.19171642512083054
N016_R_seed0,16,0,935,0.1247708760201931
N016_R_seed0,16,0,936,0.11646582931280136
N016_R_seed0,16,0,937,0.10730711370706558
N016_R_seed0,16,0,938,0.10286149755120277
N016_R_seed0,16,0,939,0.1684398576617241
N016_R_seed0,16,0,940,0.2060217708349228
N016_R_seed0,16,0,941,0.13162699341773987
N016_R_seed0,16,0,942,0.16064274311065674
N016_R_seed0,16,0,943,0.1105942651629448
N016_R_seed0,16,0,944,0.1694398745894432
N016_R_seed0,16,0,945,0.1110929399728775
N016_R_seed0,16,0,946,0.10477085411548615
N016_R_seed0,16,0,947,0.16851778328418732
N016_R_seed0,16,0,948,0.14423010498285294
N016_R_seed0,16,0,949,0.09068643301725388
N016_R_seed0,16,0,950,0.14423540234565735
N016_R_seed0,16,0,951,0.11051681637763977
N016_R_seed0,16,0,952,0.16959384828805923
N016_R_seed0,16,0,953,0.11092317849397659
N016_R_seed0,16,0,954,0.1106046698987484
N016_R_seed0,16,0,955,0.15992413461208344
N016_R_seed0,16,0,956,0.0992395393550396
N016_R_seed0,16,0,957,0.10632104985415936
N016_R_seed0,16,0,958,0.13995952904224396
N016_R_seed0,16,0,959,0.11712512001395226
N016_R_seed0,16,0,960,0.15311750024557114
N016_R_seed0,16,0,961,0.1536184921860695
N016_R_seed0,16,0,962,0.10070440545678139
N016_R_seed0,16,0,963,0.11646521091461182
N016_R_seed0,16,0,964,0.12081263214349747
N016_R_seed0,16,0,965,0.07123573869466782
N016_R_seed0,16,0,966,0.14541543275117874
N016_R_seed0,16,0,967,0.07761107012629509
N016_R_seed0,16,0,968,0.16649212688207626
N016_R_seed0,16,0,969,0.15563474223017693
N016_R_seed0,16,0,970,0.1646314635872841
N016_R_seed0,16,0,971,0.0761769451200962
N016_R_seed0,16,0,972,0.13337525725364685
N016_R_seed0,16,0,973,0.3685438111424446
N016_R_seed0,16,0,974,0.28795256465673447
N016_R_seed0,16,0,975,0.5135085135698318
N016_R_seed0,16,0,976,0.16018735989928246
N016_R_seed0,16,0,977,0.15186277031898499
N016_R_seed0,16,0,978,0.18156913295388222
N016_R_seed0,16,0,979,0.16256223618984222
N016_R_seed0,16,0,980,0.1185390055179596
N016_R_seed0,16,0,981,0.1632438525557518
N016_R_seed0,16,0,982,0.09510749951004982
N016_R_seed0,16,0,983,0.18539591878652573
N016_R_seed0,16,0,984,0.12907571345567703
N016_R_seed0,16,0,985,0.09941237419843674
N016_R_seed0,16,0,986,0.19083884730935097
N016_R_seed0,16,0,987,0.20268209278583527
N016_R_seed0,16,0,988,0.09528803080320358
N016_R_seed0,16,0,989,0.12585106119513512
N016_R_seed0,16,0,990,0.08233041688799858
N016_R_seed0,16,0,991,0.0861676037311554
N016_R_seed0,16,0,992,0.11332762241363525
N016_R_seed0,16,0,993,0.08116140216588974
N016_R_seed0,16,0,994,0.2943596951663494
N016_R_seed0,16,0,995,0.08455530554056168
N016_R_seed0,16,0,996,0.1737934798002243
N016_R_seed0,16,0,997,0.1646334007382393
N016_R_seed0,16,0,998,0.13745682686567307
N016_R_seed0,16,0,999,0.1282004565000534
N016_R_seed0,16,0,1000,0.0891576036810875
N016_R_seed1,16,1,1,1.1976929903030396
N016_R_seed1,16,1,2,1.3622134327888489
N016_R_seed1,16,1,3,1.0696879029273987
N016_R_seed1,16,1,4,1.3620265126228333
N016_R_seed1,16,1,5,1.1562525033950806
N016_R_seed1,16,1,6,1.4818472862243652
N016_R_seed1,16,1,7,1.3324121832847595
N016_R_seed1,16,1,8,1.2844300270080566
N016_R_seed1,16,1,9,1.1478657126426697
N016_R_seed1,16,1,10,1.3652384281158447
N016_R_seed1,16,1,11,1.1363301277160645
N016_R_seed1,16,1,12,1.1194040179252625
N016_R_seed1,16,1,13,1.1215107142925262
N016_R_seed1,16,1,14,1.2078840732574463
N016_R_seed1,16,1,15,1.2264602184295654
N016_R_seed1,16,1,16,1.2257729768753052
N016_R_seed1,16,1,17,1.0913554430007935
N016_R_seed1,16,1,18,1.2069143056869507
N016_R_seed1,16,1,19,1.2080077528953552
N016_R_seed1,16,1,20,1.2246324121952057
N016_R_seed1,16,1,21,1.1444661617279053
N016_R_seed1,16,1,22,1.488081693649292
N016_R_seed1,16,1,23,1.1104007363319397
N016_R_seed1,16,1,24,1.2937983274459839
N016_R_seed1,16,1,25,1.3133336901664734
N016_R_seed1,16,1,26,0.9503875374794006
N016_R_seed1,16,1,27,1.0871517658233643
N016_R_seed1,16,1,28,1.2252459526062012
N016_R_seed1,16,1,29,1.2428433895111084
N016_R_seed1,16,1,30,1.0588017702102661
N016_R_seed1,16,1,31,1.3197665214538574
N016_R_seed1,16,1,32,1.1359039545059204
N016_R_seed1,16,1,33,1.2164220213890076
N016_R_seed1,16,1,34,1.163795828819275
N016_R_seed1,16,1,35,1.167549729347229
N016_R_seed1,16,1,36,1.064102292060852
N016_R_seed1,16,1,37,1.192777931690216
N016_R_seed1,16,1,38,1.2736085653305054
N016_R_seed1,16,1,39,1.2707548141479492
N016_R_seed1,16,1,40,0.9284552931785583
N016_R_seed1,16,1,41,1.2425875663757324
N016_R_seed1,16,1,42,1.3993512392044067
N016_R_seed1,16,1,43,1.1785505414009094
N016_R_seed1,16,1,44,1.0947211384773254
N016_R_seed1,16,1,45,1.3120033144950867
N016_R_seed1,16,1,46,1.328471064567566
N016_R_seed1,16,1,47,1.103351891040802
N016_R_seed1,16,1,48,1.1449556946754456
N016_R_seed1,16,1,49,1.1432307958602905
N016_R_seed1,16,1,50,1.153449535369873
N016_R_seed1,16,1,51,1.0650873184204102
N016_R_seed1,16,1,52,1.1991522312164307
N016_R_seed1,16,1,53,1.1323615312576294
N016_R_seed1,16,1,54,1.1016293168067932
N016_R_seed1,16,1,55,1.1462026834487915
N016_R_seed1,16,1,56,1.3968949913978577
N016_R_seed1,16,1,57,1.2841458320617676
N016_R_seed1,16,1,58,1.0853807926177979
N016_R_seed1,16,1,59,1.2998993396759033
N016_R_seed1,16,1,60,1.177987426519394
N016_R_seed1,16,1,61,1.2826761603355408
N016_R_seed1,16,1,62,1.1483221650123596
N016_R_seed1,16,1,63,1.0731057524681091
N016_R_seed1,16,1,64,1.1431830525398254
N016_R_seed1,16,1,65,1.1210538148880005
N016_R_seed1,16,1,66,1.2698178887367249
N016_R_seed1,16,1,67,1.183307707309723
N016_R_seed1,16,1,68,1.1865155696868896
N016_R_seed1,16,1,69,1.0967968702316284
N016_R_seed1,16,1,70,1.044656753540039
N016_R_seed1,16,1,71,1.2305290699005127
N016_R_seed1,16,1,72,1.1985421180725098
N016_R_seed1,16,1,73,1.2541438341140747
N016_R_seed1,16,1,74,1.2860271334648132
N016_R_seed1,16,1,75,1.141935408115387
N016_R_seed1,16,1,76,1.1223284602165222
N016_R_seed1,16,1,77,1.3031177520751953
N016_R_seed1,16,1,78,1.0256558060646057
N016_R_seed1,16,1,79,1.1367040872573853
N016_R_seed1,16,1,80,1.2488935589790344
N016_R_seed1,16,1,81,1.1188920736312866
N016_R_seed1,16,1,82,1.1607706546783447
N016_R_seed1,16,1,83,1.1507426500320435
N016_R_seed1,16,1,84,1.1426333785057068
N016_R_seed1,16,1,85,1.3126004934310913
N016_R_seed1,16,1,86,1.1117324829101562
N016_R_seed1,16,1,87,1.0596497356891632
N016_R_seed1,16,1,88,1.287873387336731
N016_R_seed1,16,1,89,1.151082694530487
N016_R_seed1,16,1,90,1.2221991419792175
N016_R_seed1,16,1,91,1.1331123411655426
N016_R_seed1,16,1,92,1.0477529764175415
N016_R_seed1,16,1,93,1.091204583644867
N016_R_seed1,16,1,94,1.1166643500328064
N016_R_seed1,16,1,95,1.263512372970581
N016_R_seed1,16,1,96,1.1969189643859863
N016_R_seed1,16,1,97,1.1293653547763824
N016_R_seed1,16,1,98,0.9640144407749176
N016_R_seed1,16,1,99,1.1592499017715454
N016_R_seed1,16,1,100,1.1097628474235535
N016_R_seed1,16,1,101,1.1857414245605469
N016_R_seed1,16,1,102,1.1221410632133484
N016_R_seed1,16,1,103,1.1628344655036926
N016_R_seed1,16,1,104,0.9672864079475403
N016_R_seed1,16,1,105,1.1855484247207642
N016_R_seed1,16,1,106,1.1113272309303284
N016_R_seed1,16,1,107,1.0088762044906616
N016_R_seed1,16,1,108,1.1274861693382263
N016_R_seed1,16,1,109,0.9526993036270142
N016_R_seed1,16,1,110,1.1654989123344421
N016_R_seed1,16,1,111,0.9862610399723053
N016_R_seed1,16,1,112,1.118371069431305
N016_R_seed1,16,1,113,1.027984857559204
N016_R_seed1,16,1,114,1.149728238582611
N016_R_seed1,16,1,115,1.1616335809230804
N016_R_seed1,16,1,116,1.0538244843482971
N016_R_seed1,16,1,117,1.039849579334259
N016_R_seed1,16,1,118,0.9828809499740601
N016_R_seed1,16,1,119,1.0550881326198578
N016_R_seed1,16,1,120,0.9509625732898712
N016_R_seed1,16,1,121,1.1225094199180603
N016_R_seed1,16,1,122,1.08057302236557
N016_R_seed1,16,1,123,1.0151298940181732
N016_R_seed1,16,1,124,1.2757058143615723
N016_R_seed1,16,1,125,1.0782424807548523
N016_R_seed1,16,1,126,0.9918864667415619
N016_R_seed1,16,1,127,0.988786518573761
N016_R_seed1,16,1,128,0.9645437598228455
N016_R_seed1,16,1,129,0.9516857862472534
N016_R_seed1,16,1,130,1.1805734038352966
N016_R_seed1,16,1,131,0.9613305032253265
N016_R_seed1,16,1,132,1.0061921179294586
N016_R_seed1,16,1,133,1.177553951740265
N016_R_seed1,16,1,134,1.2793041467666626
N016_R_seed1,16,1,135,0.9909576177597046
N016_R_seed1,16,1,136,1.2007657289505005
N016_R_seed1,16,1,137,1.0194100141525269
N016_R_seed1,16,1,138,1.1740908026695251
N016_R_seed1,16,1,139,1.1105053424835205
N016_R_seed1,16,1,140,0.9414858520030975
N016_R_seed1,16,1,141,0.9757206737995148
N016_R_seed1,16,1,142,1.1524279713630676
N016_R_seed1,16,1,143,1.0870722532272339
N016_R_seed1,16,1,144,1.0880646705627441
N016_R_seed1,16,1,145,0.9266437888145447
N016_R_seed1,16,1,146,0.9992082417011261
N016_R_seed1,16,1,147,0.8816609382629395
N016_R_seed1,16,1,148,1.080500602722168
N016_R_seed1,16,1,149,0.9638902544975281
N016_R_seed1,16,1,150,0.9813736379146576
N016_R_seed1,16,1,151,0.901147335767746
N016_R_seed1,16,1,152,0.9253875017166138
N016_R_seed1,16,1,153,0.9792311191558838
N016_R_seed1,16,1,154,1.2048675417900085
N016_R_seed1,16,1,155,1.025574266910553
N016_R_seed1,16,1,156,0.8658878207206726
N016_R_seed1,16,1,157,1.013556331396103
N016_R_seed1,16,1,158,0.9373413026332855
N016_R_seed1,16,1,159,0.9557050168514252
N016_R_seed1,16,1,160,1.0203522443771362
N016_R_seed1,16,1,161,0.948823094367981
N016_R_seed1,16,1,162,1.0800066590309143
N016_R_seed1,16,1,163,1.0110619366168976
N016_R_seed1,16,1,164,1.013190358877182
N016_R_seed1,16,1,165,0.9174243211746216
N016_R_seed1,16,1,166,0.8328911662101746
N016_R_seed1,16,1,167,1.0424578785896301
N016_R_seed1,16,1,168,0.898489773273468
N016_R_seed1,16,1,169,1.0151669681072235
N016_R_seed1,16,1,170,0.9804050922393799
N016_R_seed1,16,1,171,1.0243724584579468
N016_R_seed1,16,1,172,1.0106948614120483
N016_R_seed1,16,1,173,1.0892819166183472
N016_R_seed1,16,1,174,0.9597674608230591
N016_R_seed1,16,1,175,0.9180346131324768
N016_R_seed1,16,1,176,1.1503434777259827
N016_R_seed1,16,1,177,0.9181628525257111
N016_R_seed1,16,1,178,0.9134730696678162
N016_R_seed1,16,1,179,0.9357376992702484
N016_R_seed1,16,1,180,0.9502976536750793
N016_R_seed1,16,1,181,0.7085306346416473
N016_R_seed1,16,1,182,0.926688015460968
N016_R_seed1,16,1,183,0.9594263732433319
N016_R_seed1,16,1,184,0.9554755091667175
N016_R_seed1,16,1,185,0.9366564154624939
N016_R_seed1,16,1,186,0.8940985202789307
N016_R_seed1,16,1,187,0.9363958537578583
N016_R_seed1,16,1,188,0.9810534119606018
N016_R_seed1,16,1,189,0.9313932061195374
N016_R_seed1,16,1,190,0.8480267524719238
N016_R_seed1,16,1,191,0.8436168432235718
N016_R_seed1,16,1,192,0.9166322350502014
N016_R_seed1,16,1,193,1.22604438662529
N016_R_seed1,16,1,194,0.9196918606758118
N016_R_seed1,16,1,195,0.8445623517036438
N016_R_seed1,16,1,196,1.2391179203987122
N016_R_seed1,16,1,197,0.9368615746498108
N016_R_seed1,16,1,198,0.9598705470561981
N016_R_seed1,16,1,199,0.8670121431350708
N016_R_seed1,16,1,200,0.9525355696678162
N016_R_seed1,16,1,201,0.9676827788352966
N016_R_seed1,16,1,202,0.7872431874275208
N016_R_seed1,16,1,203,0.7894442081451416
N016_R_seed1,16,1,204,0.8639576733112335
N016_R_seed1,16,1,205,0.8925652205944061
N016_R_seed1,16,1,206,0.8662503957748413
N016_R_seed1,16,1,207,0.8329916894435883
N016_R_seed1,16,1,208,0.8295214176177979
N016_R_seed1,16,1,209,0.9272713661193848
N016_R_seed1,16,1,210,0.9862521290779114
N016_R_seed1,16,1,211,0.9032487869262695
N016_R_seed1,16,1,212,1.1058306694030762
N016_R_seed1,16,1,213,0.8821286261081696
N016_R_seed1,16,1,214,1.0810449123382568
N016_R_seed1,16,1,215,0.9331170916557312
N016_R_seed1,16,1,216,0.7170014083385468
N016_R_seed1,16,1,217,0.9456987679004669
N016_R_seed1,16,1,218,0.8910684585571289
N016_R_seed1,16,1,219,0.8607650399208069
N016_R_seed1,16,1,220,0.8023271858692169
N016_R_seed1,16,1,221,0.9753356575965881
N016_R_seed1,16,1,222,0.7831516861915588
N016_R_seed1,16,1,223,0.7412077486515045
N016_R_seed1,16,1,224,0.8887515664100647
N016_R_seed1,16,1,225,0.7602808177471161
N016_R_seed1,16,1,226,0.898874819278717
N016_R_seed1,16,1,227,0.7960922122001648
N016_R_seed1,16,1,228,0.6821280121803284
N016_R_seed1,16,1,229,0.8312372267246246
N016_R_seed1,16,1,230,0.8009917438030243
N016_R_seed1,16,1,231,0.8962042927742004
N016_R_seed1,16,1,232,0.9631229639053345
N016_R_seed1,16,1,233,0.7587910592556
N016_R_seed1,16,1,234,0.7282782793045044
N016_R_seed1,16,1,235,0.7876482605934143
N016_R_seed1,16,1,236,0.8257079124450684
N016_R_seed1,16,1,237,0.9184401035308838
N016_R_seed1,16,1,238,0.7487134337425232
N016_R_seed1,16,1,239,0.8306034207344055
N016_R_seed1,16,1,240,0.7580068111419678
N016_R_seed1,16,1,241,0.838398277759552
N016_R_seed1,16,1,242,0.9864497780799866
N016_R_seed1,16,1,243,0.9321772456169128
N016_R_seed1,16,1,244,0.8251359760761261
N016_R_seed1,16,1,245,0.6541524529457092
N016_R_seed1,16,1,246,0.6881304979324341
N016_R_seed1,16,1,247,0.7186965942382812
N016_R_seed1,16,1,248,0.6743707060813904
N016_R_seed1,16,1,249,0.6739555597305298
N016_R_seed1,16,1,250,0.6417920589447021
N016_R_seed1,16,1,251,0.8423472344875336
N016_R_seed1,16,1,252,0.7535950839519501
N016_R_seed1,16,1,253,0.6931931972503662
N016_R_seed1,16,1,254,0.7792561650276184
N016_R_seed1,16,1,255,0.6028044819831848
N016_R_seed1,16,1,256,0.7613255083560944
N016_R_seed1,16,1,257,0.9445475339889526
N016_R_seed1,16,1,258,0.6346135437488556
N016_R_seed1,16,1,259,0.7813113331794739
N016_R_seed1,16,1,260,0.5739712715148926
N016_R_seed1,16,1,261,0.7718795239925385
N016_R_seed1,16,1,262,0.6192373931407928
N016_R_seed1,16,1,263,0.6094110012054443
N016_R_seed1,16,1,264,0.7472508549690247
N016_R_seed1,16,1,265,0.5743424594402313
N016_R_seed1,16,1,266,0.6790733635425568
N016_R_seed1,16,1,267,0.7359373271465302
N016_R_seed1,16,1,268,0.7811450660228729
N016_R_seed1,16,1,269,0.6864841282367706
N016_R_seed1,16,1,270,0.8297654986381531
N016_R_seed1,16,1,271,0.617742657661438
N016_R_seed1,16,1,272,0.7974992096424103
N016_R_seed1,16,1,273,0.5804170668125153
N016_R_seed1,16,1,274,0.6113425940275192
N016_R_seed1,16,1,275,0.5557288974523544
N016_R_seed1,16,1,276,0.6330087184906006
N016_R_seed1,16,1,277,0.6009050607681274
N016_R_seed1,16,1,278,0.5264354944229126
N016_R_seed1,16,1,279,0.6371790766716003
N016_R_seed1,16,1,280,0.5145449638366699
N016_R_seed1,16,1,281,0.701076477766037
N016_R_seed1,16,1,282,0.5021209716796875
N016_R_seed1,16,1,283,0.6582222282886505
N016_R_seed1,16,1,284,0.6120592057704926
N016_R_seed1,16,1,285,0.561147540807724
N016_R_seed1,16,1,286,0.41189420223236084
N016_R_seed1,16,1,287,0.6285815238952637
N016_R_seed1,16,1,288,0.3941068649291992
N016_R_seed1,16,1,289,0.5089400708675385
N016_R_seed1,16,1,290,0.6502523422241211
N016_R_seed1,16,1,291,0.5077385008335114
N016_R_seed1,16,1,292,0.6254220902919769
N016_R_seed1,16,1,293,0.7821709513664246
N016_R_seed1,16,1,294,0.6655165255069733
N016_R_seed1,16,1,295,0.45814572274684906
N016_R_seed1,16,1,296,0.36145056784152985
N016_R_seed1,16,1,297,0.7578448951244354
N016_R_seed1,16,1,298,0.7223259061574936
N016_R_seed1,16,1,299,0.5643953382968903
N016_R_seed1,16,1,300,0.6482930183410645
N016_R_seed1,16,1,301,0.5003311634063721
N016_R_seed1,16,1,302,0.35402053594589233
N016_R_seed1,16,1,303,0.5249821990728378
N016_R_seed1,16,1,304,0.507985919713974
N016_R_seed1,16,1,305,0.6133890300989151
N016_R_seed1,16,1,306,0.5287761837244034
N016_R_seed1,16,1,307,0.5222267508506775
N016_R_seed1,16,1,308,0.30978070199489594
N016_R_seed1,16,1,309,0.48796896636486053
N016_R_seed1,16,1,310,0.45072415471076965
N016_R_seed1,16,1,311,0.5497170388698578
N016_R_seed1,16,1,312,0.43446749448776245
N016_R_seed1,16,1,313,0.5635426193475723
N016_R_seed1,16,1,314,0.6347854137420654
N016_R_seed1,16,1,315,0.5178004801273346
N016_R_seed1,16,1,316,0.36002862453460693
N016_R_seed1,16,1,317,0.38084809482097626
N016_R_seed1,16,1,318,0.5143520534038544
N016_R_seed1,16,1,319,0.3944834768772125
N016_R_seed1,16,1,320,0.4521390199661255
N016_R_seed1,16,1,321,0.5931776612997055
N016_R_seed1,16,1,322,0.5528986155986786
N016_R_seed1,16,1,323,0.43477433919906616
N016_R_seed1,16,1,324,0.5026919841766357
N016_R_seed1,16,1,325,0.2832445800304413
N016_R_seed1,16,1,326,0.4883323013782501
N016_R_seed1,16,1,327,0.2748178541660309
N016_R_seed1,16,1,328,0.40229931473731995
N016_R_seed1,16,1,329,0.3587259352207184
N016_R_seed1,16,1,330,0.382826030254364
N016_R_seed1,16,1,331,0.413372203707695
N016_R_seed1,16,1,332,0.8381673097610474
N016_R_seed1,16,1,333,0.3950256407260895
N016_R_seed1,16,1,334,0.4229671359062195
N016_R_seed1,16,1,335,0.5511579811573029
N016_R_seed1,16,1,336,0.4401710629463196
N016_R_seed1,16,1,337,0.43608371168375015
N016_R_seed1,16,1,338,0.3905552923679352
N016_R_seed1,16,1,339,0.499593123793602
N016_R_seed1,16,1,340,0.4910944104194641
N016_R_seed1,16,1,341,0.30642546713352203
N016_R_seed1,16,1,342,0.674097865819931
N016_R_seed1,16,1,343,0.5519705712795258
N016_R_seed1,16,1,344,0.34817443788051605
N016_R_seed1,16,1,345,0.49941566586494446
N016_R_seed1,16,1,346,0.5781291425228119
N016_R_seed1,16,1,347,0.5959805846214294
N016_R_seed1,16,1,348,0.5016637444496155
N016_R_seed1,16,1,349,0.5296151787042618
N016_R_seed1,16,1,350,0.5241196751594543
N016_R_seed1,16,1,351,0.5147854089736938
N016_R_seed1,16,1,352,0.4365023374557495
N016_R_seed1,16,1,353,0.33418481051921844
N016_R_seed1,16,1,354,0.5022946298122406
N016_R_seed1,16,1,355,0.42133449018001556
N016_R_seed1,16,1,356,0.33423785865306854
N016_R_seed1,16,1,357,0.5718088001012802
N016_R_seed1,16,1,358,0.3126131743192673
N016_R_seed1,16,1,359,0.48505592346191406
N016_R_seed1,16,1,360,0.3331614136695862
N016_R_seed1,16,1,361,0.4150610864162445
N016_R_seed1,16,1,362,0.4023115336894989
N016_R_seed1,16,1,363,0.3156162351369858
N016_R_seed1,16,1,364,0.22765448689460754
N016_R_seed1,16,1,365,0.4172336161136627
N016_R_seed1,16,1,366,0.6720343828201294
N016_R_seed1,16,1,367,0.24661578238010406
N016_R_seed1,16,1,368,0.6781554520130157
N016_R_seed1,16,1,369,0.3647725284099579
N016_R_seed1,16,1,370,0.2646392583847046
N016_R_seed1,16,1,371,0.3588304966688156
N016_R_seed1,16,1,372,0.32967300713062286
N016_R_seed1,16,1,373,0.18181898444890976
N016_R_seed1,16,1,374,0.2366359829902649
N016_R_seed1,16,1,375,0.5325097143650055
N016_R_seed1,16,1,376,0.26050078868865967
N016_R_seed1,16,1,377,0.334097184240818
N016_R_seed1,16,1,378,0.48336607217788696
N016_R_seed1,16,1,379,0.19412773102521896
N016_R_seed1,16,1,380,0.378172904253006
N016_R_seed1,16,1,381,0.5714393705129623
N016_R_seed1,16,1,382,0.24257347732782364
N016_R_seed1,16,1,383,0.5334628820419312
N016_R_seed1,16,1,384,0.29290685057640076
N016_R_seed1,16,1,385,0.3550897091627121
N016_R_seed1,16,1,386,0.2948397845029831
N016_R_seed1,16,1,387,0.3231780081987381
N016_R_seed1,16,1,388,0.3347318768501282
N016_R_seed1,16,1,389,0.22707397490739822
N016_R_seed1,16,1,390,0.30769719183444977
N016_R_seed1,16,1,391,0.3375788480043411
N016_R_seed1,16,1,392,0.4290653169155121
N016_R_seed1,16,1,393,0.2942519336938858
N016_R_seed1,16,1,394,0.20364639163017273
N016_R_seed1,16,1,395,0.3340993821620941
N016_R_seed1,16,1,396,0.19093669205904007
N016_R_seed1,16,1,397,0.30097946524620056
N016_R_seed1,16,1,398,0.18509553372859955
N016_R_seed1,16,1,399,0.22396353632211685
N016_R_seed1,16,1,400,0.39960573613643646
N016_R_seed1,16,1,401,0.16746772825717926
N016_R_seed1,16,1,402,0.2073337286710739
N016_R_seed1,16,1,403,0.4319927394390106
N016_R_seed1,16,1,404,0.18332147598266602
N016_R_seed1,16,1,405,0.23508930206298828
N016_R_seed1,16,1,406,0.27617426961660385
N016_R_seed1,16,1,407,0.24638213962316513
N016_R_seed1,16,1,408,0.3636206090450287
N016_R_seed1,16,1,409,0.2369033619761467
N016_R_seed1,16,1,410,0.3229300081729889
N016_R_seed1,16,1,411,0.26005706936120987
N016_R_seed1,16,1,412,0.44312843680381775
N016_R_seed1,16,1,413,0.3830215334892273
N016_R_seed1,16,1,414,0.4808924049139023
N016_R_seed1,16,1,415,0.21813024580478668
N016_R_seed1,16,1,416,0.4095339775085449
N016_R_seed1,16,1,417,0.24875961244106293
N016_R_seed1,16,1,418,0.2603141665458679
N016_R_seed1,16,1,419,0.38995496928691864
N016_R_seed1,16,1,420,0.2746235132217407
N016_R_seed1,16,1,421,0.22733952850103378
N016_R_seed1,16,1,422,0.23130499571561813
N016_R_seed1,16,1,423,0.17458519339561462
N016_R_seed1,16,1,424,0.2742388844490051
N016_R_seed1,16,1,425,0.2897220402956009
N016_R_seed1,16,1,426,0.2756005525588989
N016_R_seed1,16,1,427,0.24476055055856705
N016_R_seed1,16,1,428,0.306838259100914
N016_R_seed1,16,1,429,0.30213969200849533
N016_R_seed1,16,1,430,0.3202454671263695
N016_R_seed1,16,1,431,0.34376031160354614
N016_R_seed1,16,1,432,0.36667653173208237
N016_R_seed1,16,1,433,0.49294552206993103
N016_R_seed1,16,1,434,0.3629198484122753
N016_R_seed1,16,1,435,0.4565298855304718
N016_R_seed1,16,1,436,0.2054811492562294
N016_R_seed1,16,1,437,0.23949529230594635
N016_R_seed1,16,1,438,0.2728770971298218
N016_R_seed1,16,1,439,0.45161809027194977
N016_R_seed1,16,1,440,0.23748639225959778
N016_R_seed1,16,1,441,0.44949503242969513
N016_R_seed1,16,1,442,0.541604295372963
N016_R_seed1,16,1,443,0.3224804401397705
N016_R_seed1,16,1,444,0.3799411207437515
N016_R_seed1,16,1,445,0.2512783482670784
N016_R_seed1,16,1,446,0.4564894884824753
N016_R_seed1,16,1,447,0.47730471193790436
N016_R_seed1,16,1,448,0.27713849395513535
N016_R_seed1,16,1,449,0.30019985139369965
N016_R_seed1,16,1,450,0.3241157680749893
N016_R_seed1,16,1,451,0.5278516411781311
N016_R_seed1,16,1,452,0.22912070900201797
N016_R_seed1,16,1,453,0.39393194019794464
N016_R_seed1,16,1,454,0.3801293522119522
N016_R_seed1,16,1,455,0.1841922625899315
N016_R_seed1,16,1,456,0.39822712540626526
N016_R_seed1,16,1,457,0.44273053109645844
N016_R_seed1,16,1,458,0.26716577261686325
N016_R_seed1,16,1,459,0.3544047772884369
N016_R_seed1,16,1,460,0.2142477110028267
N016_R_seed1,16,1,461,0.25189780443906784
N016_R_seed1,16,1,462,0.2968882620334625
N016_R_seed1,16,1,463,0.468255914747715
N016_R_seed1,16,1,464,0.2969105690717697
N016_R_seed1,16,1,465,0.18172360211610794
N016_R_seed1,16,1,466,0.17812298983335495
N016_R_seed1,16,1,467,0.1975747011601925
N016_R_seed1,16,1,468,0.4222676157951355
N016_R_seed1,16,1,469,0.2840893268585205
N016_R_seed1,16,1,470,0.16226836666464806
N016_R_seed1,16,1,471,0.29652662575244904
N016_R_seed1,16,1,472,0.30865614116191864
N016_R_seed1,16,1,473,0.3648727685213089
N016_R_seed1,16,1,474,0.1916826069355011
N016_R_seed1,16,1,475,0.36661841720342636
N016_R_seed1,16,1,476,0.18575400114059448
N016_R_seed1,16,1,477,0.404680073261261
N016_R_seed1,16,1,478,0.28053538501262665
N016_R_seed1,16,1,479,0.22302474081516266
N016_R_seed1,16,1,480,0.25368936359882355
N016_R_seed1,16,1,481,0.3688611835241318
N016_R_seed1,16,1,482,0.379045769572258
N016_R_seed1,16,1,483,0.3314618393778801
N016_R_seed1,16,1,484,0.39383596181869507
N016_R_seed1,16,1,485,0.32647518068552017
N016_R_seed1,16,1,486,0.4736098647117615
N016_R_seed1,16,1,487,0.2715013772249222
N016_R_seed1,16,1,488,0.30455629527568817
N016_R_seed1,16,1,489,0.3980654776096344
N016_R_seed1,16,1,490,0.18143688142299652
N016_R_seed1,16,1,491,0.22113128751516342
N016_R_seed1,16,1,492,0.36891312152147293
N016_R_seed1,16,1,493,0.2588270306587219
N016_R_seed1,16,1,494,0.29980166256427765
N016_R_seed1,16,1,495,0.47651244699954987
N016_R_seed1,16,1,496,0.34348227083683014
N016_R_seed1,16,1,497,0.2994663789868355
N016_R_seed1,16,1,498,0.3833790421485901
N016_R_seed1,16,1,499,0.2695918679237366
N016_R_seed1,16,1,500,0.24973443150520325
N016_R_seed1,16,1,501,0.21824198216199875
N016_R_seed1,16,1,502,0.3210385963320732
N016_R_seed1,16,1,503,0.381942942738533
N016_R_seed1,16,1,504,0.43385401368141174
N016_R_seed1,16,1,505,0.26088912785053253
N016_R_seed1,16,1,506,0.2565431520342827
N016_R_seed1,16,1,507,0.3235771805047989
N016_R_seed1,16,1,508,0.32349875569343567
N016_R_seed1,16,1,509,0.3781084716320038
N016_R_seed1,16,1,510,0.2864916920661926
N016_R_seed1,16,1,511,0.24485456943511963
N016_R_seed1,16,1,512,0.20610617101192474
N016_R_seed1,16,1,513,0.14407718926668167
N016_R_seed1,16,1,514,0.22299473732709885
N016_R_seed1,16,1,515,0.30466224253177643
N016_R_seed1,16,1,516,0.4656386971473694
N016_R_seed1,16,1,517,0.3210846185684204
N016_R_seed1,16,1,518,0.20534180104732513
N016_R_seed1,16,1,519,0.395430326461792
N016_R_seed1,16,1,520,0.409221351146698
N016_R_seed1,16,1,521,0.2867238074541092
N016_R_seed1,16,1,522,0.254755899310112
N016_R_seed1,16,1,523,0.33902984857559204
N016_R_seed1,16,1,524,0.12210406363010406
N016_R_seed1,16,1,525,0.20226626843214035
N016_R_seed1,16,1,526,0.23151769489049911
N016_R_seed1,16,1,527,0.219635471701622
N016_R_seed1,16,1,528,0.20786089450120926
N016_R_seed1,16,1,529,0.5317061245441437
N016_R_seed1,16,1,530,0.40754491090774536
N016_R_seed1,16,1,531,0.37619005143642426
N016_R_seed1,16,1,532,0.1821182519197464
N016_R_seed1,16,1,533,0.25730592012405396
N016_R_seed1,16,1,534,0.3994608521461487
N016_R_seed1,16,1,535,0.27928289771080017
N016_R_seed1,16,1,536,0.25773612409830093
N016_R_seed1,16,1,537,0.17942818999290466
N016_R_seed1,16,1,538,0.30060460418462753
N016_R_seed1,16,1,539,0.25714994221925735
N016_R_seed1,16,1,540,0.3867524117231369
N016_R_seed1,16,1,541,0.4151630997657776
N016_R_seed1,16,1,542,0.16527368873357773
N016_R_seed1,16,1,543,0.1669483184814453
N016_R_seed1,16,1,544,0.4679199606180191
N016_R_seed1,16,1,545,0.3886050432920456
N016_R_seed1,16,1,546,0.32185567915439606
N016_R_seed1,16,1,547,0.22895846515893936
N016_R_seed1,16,1,548,0.46520379185676575
N016_R_seed1,16,1,549,0.2058192789554596
N016_R_seed1,16,1,550,0.16190341860055923
N016_R_seed1,16,1,551,0.18507970124483109
N016_R_seed1,16,1,552,0.3091372475028038
N016_R_seed1,16,1,553,0.22549746185541153
N016_R_seed1,16,1,554,0.15096207335591316
N016_R_seed1,16,1,555,0.20046697556972504
N016_R_seed1,16,1,556,0.28348779678344727
N016_R_seed1,16,1,557,0.2538313716650009
N016_R_seed1,16,1,558,0.23276856541633606
N016_R_seed1,16,1,559,0.31540630757808685
N016_R_seed1,16,1,560,0.24551857262849808
N016_R_seed1,16,1,561,0.23573670536279678
N016_R_seed1,16,1,562,0.3458377718925476
N016_R_seed1,16,1,563,0.3978433981537819
N016_R_seed1,16,1,564,0.10955275222659111
N016_R_seed1,16,1,565,0.14603378623723984
N016_R_seed1,16,1,566,0.2160036265850067
N016_R_seed1,16,1,567,0.14748920500278473
N016_R_seed1,16,1,568,0.33291661739349365
N016_R_seed1,16,1,569,0.32258012890815735
N016_R_seed1,16,1,570,0.14454801380634308
N016_R_seed1,16,1,571,0.2628575339913368
N016_R_seed1,16,1,572,0.12685145437717438
N016_R_seed1,16,1,573,0.2632950320839882
N016_R_seed1,16,1,574,0.2609339728951454
N016_R_seed1,16,1,575,0.1374085173010826
N016_R_seed1,16,1,576,0.23192985355854034
N016_R_seed1,16,1,577,0.1834583282470703
N016_R_seed1,16,1,578,0.27982065081596375
N016_R_seed1,16,1,579,0.17553849518299103
N016_R_seed1,16,1,580,0.3077560141682625
N016_R_seed1,16,1,581,0.4747132807970047
N016_R_seed1,16,1,582,0.24404296278953552
N016_R_seed1,16,1,583,0.17860595881938934
N016_R_seed1,16,1,584,0.28323420882225037
N016_R_seed1,16,1,585,0.26579713821411133
N016_R_seed1,16,1,586,0.2854420691728592
N016_R_seed1,16,1,587,0.3224472925066948
N016_R_seed1,16,1,588,0.3233286142349243
N016_R_seed1,16,1,589,0.20614512264728546
N016_R_seed1,16,1,590,0.32151371985673904
N016_R_seed1,16,1,591,0.27267853170633316
N016_R_seed1,16,1,592,0.31514064222574234
N016_R_seed1,16,1,593,0.1802852898836136
N016_R_seed1,16,1,594,0.3251388221979141
N016_R_seed1,16,1,595,0.19789378345012665
N016_R_seed1,16,1,596,0.30517586320638657
N016_R_seed1,16,1,597,0.26371176540851593
N016_R_seed1,16,1,598,0.2483869045972824
N016_R_seed1,16,1,599,0.18713821470737457
N016_R_seed1,16,1,600,0.35968899726867676
N016_R_seed1,16,1,601,0.24707050621509552
N016_R_seed1,16,1,602,0.22770993411540985
N016_R_seed1,16,1,603,0.1509654000401497
N016_R_seed1,16,1,604,0.19844220578670502
N016_R_seed1,16,1,605,0.22215979546308517
N016_R_seed1,16,1,606,0.1571652516722679
N016_R_seed1,16,1,607,0.14374200254678726
N016_R_seed1,16,1,608,0.4559333175420761
N016_R_seed1,16,1,609,0.19568245112895966
N016_R_seed1,16,1,610,0.2475084364414215
N016_R_seed1,16,1,611,0.17100954800844193
N016_R_seed1,16,1,612,0.14587729424238205
N016_R_seed1,16,1,613,0.31944282352924347
N016_R_seed1,16,1,614,0.30922509729862213
N016_R_seed1,16,1,615,0.18349295109510422
N016_R_seed1,16,1,616,0.1948627382516861
N016_R_seed1,16,1,617,0.18357037752866745
N016_R_seed1,16,1,618,0.2628888860344887
N016_R_seed1,16,1,619,0.1606464833021164
N016_R_seed1,16,1,620,0.3097236603498459
N016_R_seed1,16,1,621,0.15309682488441467
N016_R_seed1,16,1,622,0.1542445421218872
N016_R_seed1,16,1,623,0.2343505099415779
N016_R_seed1,16,1,624,0.21539197117090225
N016_R_seed1,16,1,625,0.22151251137256622
N016_R_seed1,16,1,626,0.2782673239707947
N016_R_seed1,16,1,627,0.19042642414569855
N016_R_seed1,16,1,628,0.24760455638170242
N016_R_seed1,16,1,629,0.14265909045934677
N016_R_seed1,16,1,630,0.29764989018440247
N016_R_seed1,16,1,631,0.41512054949998856
N016_R_seed1,16,1,632,0.169297456741333
N016_R_seed1,16,1,633,0.21052229404449463
N016_R_seed1,16,1,634,0.5040661096572876
N016_R_seed1,16,1,635,0.2800957188010216
N016_R_seed1,16,1,636,0.24832622706890106
N016_R_seed1,16,1,637,0.2763313055038452
N016_R_seed1,16,1,638,0.27946075797080994
N016_R_seed1,16,1,639,0.13056648522615433
N016_R_seed1,16,1,640,0.5650817900896072
N016_R_seed1,16,1,641,0.1514214724302292
N016_R_seed1,16,1,642,0.21051786839962006
N016_R_seed1,16,1,643,0.23169326782226562
N016_R_seed1,16,1,644,0.24655937403440475
N016_R_seed1,16,1,645,0.1272951476275921
N016_R_seed1,16,1,646,0.19985845685005188
N016_R_seed1,16,1,647,0.26054316759109497
N016_R_seed1,16,1,648,0.18896040320396423
N016_R_seed1,16,1,649,0.1708538979291916
N016_R_seed1,16,1,650,0.20843034237623215
N016_R_seed1,16,1,651,0.2090989500284195
N016_R_seed1,16,1,652,0.2703022062778473
N016_R_seed1,16,1,653,0.1552417129278183
N016_R_seed1,16,1,654,0.34312109649181366
N016_R_seed1,16,1,655,0.1941879466176033
N016_R_seed1,16,1,656,0.2141171470284462
N016_R_seed1,16,1,657,0.2910158634185791
N016_R_seed1,16,1,658,0.2472997009754181
N016_R_seed1,16,1,659,0.3008278012275696
N016_R_seed1,16,1,660,0.12970487028360367
N016_R_seed1,16,1,661,0.1571483574807644
N016_R_seed1,16,1,662,0.1657906025648117
N016_R_seed1,16,1,663,0.39840249717235565
N016_R_seed1,16,1,664,0.11499708890914917
N016_R_seed1,16,1,665,0.19945825263857841
N016_R_seed1,16,1,666,0.12711913138628006
N016_R_seed1,16,1,667,0.2504063546657562
N016_R_seed1,16,1,668,0.18061627447605133
N016_R_seed1,16,1,669,0.1677522361278534
N016_R_seed1,16,1,670,0.4687041938304901
N016_R_seed1,16,1,671,0.11187991499900818
N016_R_seed1,16,1,672,0.1606953889131546
N016_R_seed1,16,1,673,0.22328511625528336
N016_R_seed1,16,1,674,0.298906534910202
N016_R_seed1,16,1,675,0.11053624004125595
N016_R_seed1,16,1,676,0.19977709650993347
N016_R_seed1,16,1,677,0.3022041767835617
N016_R_seed1,16,1,678,0.24638501554727554
N016_R_seed1,16,1,679,0.22188691049814224
N016_R_seed1,16,1,680,0.1617312878370285
N016_R_seed1,16,1,681,0.1727481111884117
N016_R_seed1,16,1,682,0.22633253782987595
N016_R_seed1,16,1,683,0.1954248994588852
N016_R_seed1,16,1,684,0.13471798598766327
N016_R_seed1,16,1,685,0.1383291780948639
N016_R_seed1,16,1,686,0.18475067615509033
N016_R_seed1,16,1,687,0.2035343497991562
N016_R_seed1,16,1,688,0.2923750728368759
N016_R_seed1,16,1,689,0.5381698980927467
N016_R_seed1,16,1,690,0.4146524667739868
N016_R_seed1,16,1,691,0.2783287614583969
N016_R_seed1,16,1,692,0.2290957272052765
N016_R_seed1,16,1,693,0.27837033569812775
N016_R_seed1,16,1,694,0.10741756483912468
N016_R_seed1,16,1,695,0.2839820981025696
N016_R_seed1,16,1,696,0.32480020076036453
N016_R_seed1,16,1,697,0.3275301828980446
N016_R_seed1,16,1,698,0.24853968620300293
N016_R_seed1,16,1,699,0.21546322107315063
N016_R_seed1,16,1,700,0.1408374346792698
N016_R_seed1,16,1,701,0.12646769359707832
N016_R_seed1,16,1,702,0.14238201826810837
N016_R_seed1,16,1,703,0.2271644026041031
N016_R_seed1,16,1,704,0.300243616104126
N016_R_seed1,16,1,705,0.28577354550361633
N016_R_seed1,16,1,706,0.19289682060480118
N016_R_seed1,16,1,707,0.18234102427959442
N016_R_seed1,16,1,708,0.21039096266031265
N016_R_seed1,16,1,709,0.3583129346370697
N016_R_seed1,16,1,710,0.1461435854434967
N016_R_seed1,16,1,711,0.16258282586932182
N016_R_seed1,16,1,712,0.17488329857587814
N016_R_seed1,16,1,713,0.14726799726486206
N016_R_seed1,16,1,714,0.1296749711036682
N016_R_seed1,16,1,715,0.18074262142181396
N016_R_seed1,16,1,716,0.37827465683221817
N016_R_seed1,16,1,717,0.15745911374688148
N016_R_seed1,16,1,718,0.2879229485988617
N016_R_seed1,16,1,719,0.3253576308488846
N016_R_seed1,16,1,720,0.20941554009914398
N016_R_seed1,16,1,721,0.22073030471801758
N016_R_seed1,16,1,722,0.26041216403245926
N016_R_seed1,16,1,723,0.20059873163700104
N016_R_seed1,16,1,724,0.31119900941848755
N016_R_seed1,16,1,725,0.2513396739959717
N016_R_seed1,16,1,726,0.30094127357006073
N016_R_seed1,16,1,727,0.2493089735507965
N016_R_seed1,16,1,728,0.1925504058599472
N016_R_seed1,16,1,729,0.1518254652619362
N016_R_seed1,16,1,730,0.11500281095504761
N016_R_seed1,16,1,731,0.12448827177286148
N016_R_seed1,16,1,732,0.27903489023447037
N016_R_seed1,16,1,733,0.1512497067451477
N016_R_seed1,16,1,734,0.29359468072652817
N016_R_seed1,16,1,735,0.22927549481391907
N016_R_seed1,16,1,736,0.22176676988601685
N016_R_seed1,16,1,737,0.30387646704912186
N016_R_seed1,16,1,738,0.1307196170091629
N016_R_seed1,16,1,739,0.20022603124380112
N016_R_seed1,16,1,740,0.1811826452612877
N016_R_seed1,16,1,741,0.12965185567736626
N016_R_seed1,16,1,742,0.1816912367939949
N016_R_seed1,16,1,743,0.2136225774884224
N016_R_seed1,16,1,744,0.139804407954216
N016_R_seed1,16,1,745,0.11809127777814865
N016_R_seed1,16,1,746,0.3369796797633171
N016_R_seed1,16,1,747,0.1831609159708023
N016_R_seed1,16,1,748,0.1339033916592598
N016_R_seed1,16,1,749,0.1982012838125229
N016_R_seed1,16,1,750,0.17423683777451515
N016_R_seed1,16,1,751,0.18799756467342377
N016_R_seed1,16,1,752,0.41703426092863083
N016_R_seed1,16,1,753,0.20257757604122162
N016_R_seed1,16,1,754,0.2521854117512703
N016_R_seed1,16,1,755,0.24674025177955627
N016_R_seed1,16,1,756,0.16153398528695107
N016_R_seed1,16,1,757,0.16854169964790344
N016_R_seed1,16,1,758,0.16098781675100327
N016_R_seed1,16,1,759,0.09008517116308212
N016_R_seed1,16,1,760,0.13290336728096008
N016_R_seed1,16,1,761,0.13306686282157898
N016_R_seed1,16,1,762,0.19809921085834503
N016_R_seed1,16,1,763,0.10965986922383308
N016_R_seed1,16,1,764,0.2907918095588684
N016_R_seed1,16,1,765,0.3972510099411011
N016_R_seed1,16,1,766,0.1584121286869049
N016_R_seed1,16,1,767,0.15825842320919037
N016_R_seed1,16,1,768,0.1756872981786728
N016_R_seed1,16,1,769,0.17538151144981384
N016_R_seed1,16,1,770,0.162183977663517
N016_R_seed1,16,1,771,0.2056964561343193
N016_R_seed1,16,1,772,0.15032952651381493
N016_R_seed1,16,1,773,0.24646331369876862
N016_R_seed1,16,1,774,0.1597558706998825
N016_R_seed1,16,1,775,0.2351503074169159
N016_R_seed1,16,1,776,0.19072268158197403
N016_R_seed1,16,1,777,0.24112727493047714
N016_R_seed1,16,1,778,0.1873958483338356
N016_R_seed1,16,1,779,0.19686348736286163
N016_R_seed1,16,1,780,0.27657999098300934
N016_R_seed1,16,1,781,0.2182408943772316
N016_R_seed1,16,1,782,0.18821614235639572
N016_R_seed1,16,1,783,0.1786188781261444
N016_R_seed1,16,1,784,0.14139918237924576
N016_R_seed1,16,1,785,0.3076203651726246
N016_R_seed1,16,1,786,0.17306119948625565
N016_R_seed1,16,1,787,0.17449592798948288
N016_R_seed1,16,1,788,0.17164579033851624
N016_R_seed1,16,1,789,0.42648056149482727
N016_R_seed1,16,1,790,0.11746026575565338
N016_R_seed1,16,1,791,0.20327898859977722
N016_R_seed1,16,1,792,0.14867062121629715
N016_R_seed1,16,1,793,0.18228863179683685
N016_R_seed1,16,1,794,0.14099495112895966
N016_R_seed1,16,1,795,0.35602131485939026
N016_R_seed1,16,1,796,0.16132605075836182
N016_R_seed1,16,1,797,0.10850222781300545
N016_R_seed1,16,1,798,0.16885408759117126
N016_R_seed1,16,1,799,0.33206549286842346
N016_R_seed1,16,1,800,0.1366007775068283
N016_R_seed1,16,1,801,0.23549798130989075
N016_R_seed1,16,1,802,0.10563508421182632
N016_R_seed1,16,1,803,0.22221268713474274
N016_R_seed1,16,1,804,0.1950327530503273
N016_R_seed1,16,1,805,0.1985878199338913
N016_R_seed1,16,1,806,0.1841089203953743
N016_R_seed1,16,1,807,0.12390263378620148
N016_R_seed1,16,1,808,0.17867909371852875
N016_R_seed1,16,1,809,0.3399415910243988
N016_R_seed1,16,1,810,0.2475796341896057
N016_R_seed1,16,1,811,0.2995617389678955
N016_R_seed1,16,1,812,0.1463571935892105
N016_R_seed1,16,1,813,0.2443760335445404
N016_R_seed1,16,1,814,0.19118386507034302
N016_R_seed1,16,1,815,0.097348902374506
N016_R_seed1,16,1,816,0.2937432825565338
N016_R_seed1,16,1,817,0.21210727095603943
N016_R_seed1,16,1,818,0.18119065463542938
N016_R_seed1,16,1,819,0.16441942751407623
N016_R_seed1,16,1,820,0.13499680161476135
N016_R_seed1,16,1,821,0.11439773440361023
N016_R_seed1,16,1,822,0.1788964718580246
N016_R_seed1,16,1,823,0.12970739603042603
N016_R_seed1,16,1,824,0.1963828280568123
N016_R_seed1,16,1,825,0.18126581609249115
N016_R_seed1,16,1,826,0.20065642148256302
N016_R_seed1,16,1,827,0.09249076619744301
N016_R_seed1,16,1,828,0.19789081066846848
N016_R_seed1,16,1,829,0.20520157366991043
N016_R_seed1,16,1,830,0.16366631537675858
N016_R_seed1,16,1,831,0.11860430240631104
N016_R_seed1,16,1,832,0.13424907997250557
N016_R_seed1,16,1,833,0.14905330538749695
N016_R_seed1,16,1,834,0.11608820408582687
N016_R_seed1,16,1,835,0.14392748475074768
N016_R_seed1,16,1,836,0.16269255056977272
N016_R_seed1,16,1,837,0.1750212460756302
N016_R_seed1,16,1,838,0.17148913443088531
N016_R_seed1,16,1,839,0.1273467279970646
N016_R_seed1,16,1,840,0.2096613571047783
N016_R_seed1,16,1,841,0.18011268228292465
N016_R_seed1,16,1,842,0.1618024706840515
N016_R_seed1,16,1,843,0.09903020411729813
N016_R_seed1,16,1,844,0.11236873269081116
N016_R_seed1,16,1,845,0.28127674758434296
N016_R_seed1,16,1,846,0.15505096316337585
N016_R_seed1,16,1,847,0.2629116475582123
N016_R_seed1,16,1,848,0.343423068523407
N016_R_seed1,16,1,849,0.11967214569449425
N016_R_seed1,16,1,850,0.17154133319854736
N016_R_seed1,16,1,851,0.1699996292591095
N016_R_seed1,16,1,852,0.12685443460941315
N016_R_seed1,16,1,853,0.2696067988872528
N016_R_seed1,16,1,854,0.15724118053913116
N016_R_seed1,16,1,855,0.2319318652153015
N016_R_seed1,16,1,856,0.2607220783829689
N016_R_seed1,16,1,857,0.1101098321378231
N016_R_seed1,16,1,858,0.11426689475774765
N016_R_seed1,16,1,859,0.10668094456195831
N016_R_seed1,16,1,860,0.3442797362804413
N016_R_seed1,16,1,861,0.1633988730609417
N016_R_seed1,16,1,862,0.1770283430814743
N016_R_seed1,16,1,863,0.20317966490983963
N016_R_seed1,16,1,864,0.155914306640625
N016_R_seed1,16,1,865,0.31992461159825325
N016_R_seed1,16,1,866,0.18597274646162987
N016_R_seed1,16,1,867,0.21711920946836472
N016_R_seed1,16,1,868,0.16168177127838135
N016_R_seed1,16,1,869,0.19205912202596664
N016_R_seed1,16,1,870,0.2959786131978035
N016_R_seed1,16,1,871,0.24652200192213058
N016_R_seed1,16,1,872,0.14651081711053848
N016_R_seed1,16,1,873,0.1485167294740677
N016_R_seed1,16,1,874,0.1188439205288887
N016_R_seed1,16,1,875,0.1592659205198288
N016_R_seed1,16,1,876,0.13279498368501663
N016_R_seed1,16,1,877,0.21704577654600143
N016_R_seed1,16,1,878,0.16313078999519348
N016_R_seed1,16,1,879,0.15681242197752
N016_R_seed1,16,1,880,0.12782028317451477
N016_R_seed1,16,1,881,0.11635581031441689
N016_R_seed1,16,1,882,0.20129553973674774
N016_R_seed1,16,1,883,0.12160985171794891
N016_R_seed1,16,1,884,0.12819331139326096
N016_R_seed1,16,1,885,0.1841791458427906
N016_R_seed1,16,1,886,0.18678714334964752
N016_R_seed1,16,1,887,0.08323051780462265
N016_R_seed1,16,1,888,0.15496527403593063
N016_R_seed1,16,1,889,0.20986536890268326
N016_R_seed1,16,1,890,0.16103065386414528
N016_R_seed1,16,1,891,0.2482067346572876
N016_R_seed1,16,1,892,0.12059128656983376
N016_R_seed1,16,1,893,0.13557739555835724
N016_R_seed1,16,1,894,0.3133481368422508
N016_R_seed1,16,1,895,0.10996976867318153
N016_R_seed1,16,1,896,0.1348111666738987
N016_R_seed1,16,1,897,0.15729718655347824
N016_R_seed1,16,1,898,0.12500634789466858
N016_R_seed1,16,1,899,0.1607424095273018
N016_R_seed1,16,1,900,0.21235613524913788
N016_R_seed1,16,1,901,0.1495545282959938
N016_R_seed1,16,1,902,0.25273995101451874
N016_R_seed1,16,1,903,0.18637092784047127
N016_R_seed1,16,1,904,0.15030621737241745
N016_R_seed1,16,1,905,0.1268465295433998
N016_R_seed1,16,1,906,0.2607681006193161
N016_R_seed1,16,1,907,0.14138401299715042
N016_R_seed1,16,1,908,0.20299489796161652
N016_R_seed1,16,1,909,0.12032363563776016
N016_R_seed1,16,1,910,0.15142037719488144
N016_R_seed1,16,1,911,0.13908040523529053
N016_R_seed1,16,1,912,0.13587209582328796
N016_R_seed1,16,1,913,0.19713838398456573
N016_R_seed1,16,1,914,0.18200769275426865
N016_R_seed1,16,1,915,0.0752776712179184
N016_R_seed1,16,1,916,0.15553857386112213
N016_R_seed1,16,1,917,0.12946371361613274
N016_R_seed1,16,1,918,0.21537275612354279
N016_R_seed1,16,1,919,0.21601545065641403
N016_R_seed1,16,1,920,0.16773643344640732
N016_R_seed1,16,1,921,0.12536736950278282
N016_R_seed1,16,1,922,0.21685613691806793
N016_R_seed1,16,1,923,0.09440987184643745
N016_R_seed1,16,1,924,0.10734399408102036
N016_R_seed1,16,1,925,0.09158888459205627
N016_R_seed1,16,1,926,0.3611856549978256
N016_R_seed1,16,1,927,0.23253944516181946
N016_R_seed1,16,1,928,0.14199234545230865
N016_R_seed1,16,1,929,0.16376905143260956
N016_R_seed1,16,1,930,0.356687493622303
N016_R_seed1,16,1,931,0.147405456751585
N016_R_seed1,16,1,932,0.21674756705760956
N016_R_seed1,16,1,933,0.23201823234558105
N016_R_seed1,16,1,934,0.19169843196868896
N016_R_seed1,16,1,935,0.14244519174098969
N016_R_seed1,16,1,936,0.10614440217614174
N016_R_seed1,16,1,937,0.24743680655956268
N016_R_seed1,16,1,938,0.22444216907024384
N016_R_seed1,16,1,939,0.15794631838798523
N016_R_seed1,16,1,940,0.23018384724855423
N016_R_seed1,16,1,941,0.1559465453028679
N016_R_seed1,16,1,942,0.19325413554906845
N016_R_seed1,16,1,943,0.17103882879018784
N016_R_seed1,16,1,944,0.22086003422737122
N016_R_seed1,16,1,945,0.10959020256996155
N016_R_seed1,16,1,946,0.1465623900294304
N016_R_seed1,16,1,947,0.14434586465358734
N016_R_seed1,16,1,948,0.2045493945479393
N016_R_seed1,16,1,949,0.13169871270656586
N016_R_seed1,16,1,950,0.12128099054098129
N016_R_seed1,16,1,951,0.14901603013277054
N016_R_seed1,16,1,952,0.10303804278373718
N016_R_seed1,16,1,953,0.16196786612272263
N016_R_seed1,16,1,954,0.20713581889867783
N016_R_seed1,16,1,955,0.21090219169855118
N016_R_seed1,16,1,956,0.416504442691803
N016_R_seed1,16,1,957,0.09957428276538849
N016_R_seed1,16,1,958,0.08901878073811531
N016_R_seed1,16,1,959,0.11159298568964005
N016_R_seed1,16,1,960,0.17475948482751846
N016_R_seed1,16,1,961,0.12916819378733635
N016_R_seed1,16,1,962,0.16809382289648056
N016_R_seed1,16,1,963,0.3240816816687584
N016_R_seed1,16,1,964,0.24039891362190247
N016_R_seed1,16,1,965,0.11831086128950119
N016_R_seed1,16,1,966,0.28782813251018524
N016_R_seed1,16,1,967,0.0815476831048727
N016_R_seed1,16,1,968,0.17743894457817078
N016_R_seed1,16,1,969,0.13383033871650696
N016_R_seed1,16,1,970,0.08770091086626053
N016_R_seed1,16,1,971,0.2679859399795532
N016_R_seed1,16,1,972,0.1297357715666294
N016_R_seed1,16,1,973,0.15259697288274765
N016_R_seed1,16,1,974,0.10384472459554672
N016_R_seed1,16,1,975,0.20035871863365173
N016_R_seed1,16,1,976,0.1294037029147148
N016_R_seed1,16,1,977,0.1189894899725914
N016_R_seed1,16,1,978,0.1963031329214573
N016_R_seed1,16,1,979,0.17029056698083878
N016_R_seed1,16,1,980,0.11944399774074554
N016_R_seed1,16,1,981,0.16659316048026085
N016_R_seed1,16,1,982,0.1662694476544857
N016_R_seed1,16,1,983,0.07721030339598656
N016_R_seed1,16,1,984,0.18256443738937378
N016_R_seed1,16,1,985,0.38157451152801514
N016_R_seed1,16,1,986,0.29561708867549896
N016_R_seed1,16,1,987,0.2102351151406765
N016_R_seed1,16,1,988,0.11895016953349113
N016_R_seed1,16,1,989,0.12451866269111633
N016_R_seed1,16,1,990,0.11398149281740189
N016_R_seed1,16,1,991,0.09085872396826744
N016_R_seed1,16,1,992,0.1233680248260498
N016_R_seed1,16,1,993,0.15703769773244858
N016_R_seed1,16,1,994,0.21734265610575676
N016_R_seed1,16,1,995,0.29514554888010025
N016_R_seed1,16,1,996,0.2315853238105774
N016_R_seed1,16,1,997,0.13858908414840698
N016_R_seed1,16,1,998,0.2748371958732605
N016_R_seed1,16,1,999,0.14376883208751678
N016_R_seed1,16,1,1000,0.421492088586092
N064_A_seed0,64,0,1,1.2449153661727905
N064_A_seed0,64,0,2,1.2985854148864746
N064_A_seed0,64,0,3,1.1816614866256714
N064_A_seed0,64,0,4,1.2134999632835388
N064_A_seed0,64,0,5,1.1539597511291504
N064_A_seed0,64,0,6,1.007923424243927
N064_A_seed0,64,0,7,1.1627418994903564
N064_A_seed0,64,0,8,1.0700581669807434
N064_A_seed0,64,0,9,1.383013367652893
N064_A_seed0,64,0,10,1.248549222946167
N064_A_seed0,64,0,11,1.216471552848816
N064_A_seed0,64,0,12,1.3149539232254028
N064_A_seed0,64,0,13,1.3599892854690552
N064_A_seed0,64,0,14,1.0254173576831818
N064_A_seed0,64,0,15,1.2087010145187378
N064_A_seed0,64,0,16,1.0538379549980164
N064_A_seed0,64,0,17,1.2014655470848083
N064_A_seed0,64,0,18,1.0960554480552673
N064_A_seed0,64,0,19,1.4209387302398682
N064_A_seed0,64,0,20,1.027337908744812
N064_A_seed0,64,0,21,1.2409636974334717
N064_A_seed0,64,0,22,1.1729868054389954
N064_A_seed0,64,0,23,1.007534384727478
N064_A_seed0,64,0,24,1.1755017042160034
N064_A_seed0,64,0,25,1.0819465219974518
N064_A_seed0,64,0,26,1.1347364783287048
N064_A_seed0,64,0,27,1.0998037457466125
N064_A_seed0,64,0,28,1.056643784046173
N064_A_seed0,64,0,29,1.1500376462936401
N064_A_seed0,64,0,30,1.1069731712341309
N064_A_seed0,64,0,31,1.1710243821144104
N064_A_seed0,64,0,32,1.0580489039421082
N064_A_seed0,64,0,33,1.2065934538841248
N064_A_seed0,64,0,34,1.026562213897705
N064_A_seed0,64,0,35,1.1418545246124268
N064_A_seed0,64,0,36,1.0843946933746338
N064_A_seed0,64,0,37,1.15986829996109
N064_A_seed0,64,0,38,1.1076777279376984
N064_A_seed0,64,0,39,1.0200811922550201
N064_A_seed0,64,0,40,1.0457631945610046
N064_A_seed0,64,0,41,1.1583722829818726
N064_A_seed0,64,0,42,1.2321754097938538
N064_A_seed0,64,0,43,1.0637919902801514
N064_A_seed0,64,0,44,1.2637080550193787
N064_A_seed0,64,0,45,1.2263975143432617
N064_A_seed0,64,0,46,0.9943943023681641
N064_A_seed0,64,0,47,1.4188329577445984
N064_A_seed0,64,0,48,1.133209466934204
N064_A_seed0,64,0,49,1.1088104844093323
N064_A_seed0,64,0,50,1.2081903219223022
N064_A_seed0,64,0,51,0.9912512004375458
N064_A_seed0,64,0,52,0.9800146222114563
N064_A_seed0,64,0,53,1.0896261930465698
N064_A_seed0,64,0,54,1.190940499305725
N064_A_seed0,64,0,55,1.218981683254242
N064_A_seed0,64,0,56,1.112811803817749
N064_A_seed0,64,0,57,1.3707408905029297
N064_A_seed0,64,0,58,1.008484959602356
N064_A_seed0,64,0,59,1.0228362679481506
N064_A_seed0,64,0,60,1.1250554323196411
N064_A_seed0,64,0,61,1.0749618709087372
N064_A_seed0,64,0,62,1.1105583906173706
N064_A_seed0,64,0,63,0.9662667214870453
N064_A_seed0,64,0,64,1.1624383628368378
N064_A_seed0,64,0,65,1.1493923664093018
N064_A_seed0,64,0,66,1.0030369460582733
N064_A_seed0,64,0,67,0.9784854650497437
N064_A_seed0,64,0,68,1.1535318493843079
N064_A_seed0,64,0,69,1.0436258614063263
N064_A_seed0,64,0,70,0.9841646254062653
N064_A_seed0,64,0,71,1.009054183959961
N064_A_seed0,64,0,72,1.0448735356330872
N064_A_seed0,64,0,73,0.9854895174503326
N064_A_seed0,64,0,74,0.9817371964454651
N064_A_seed0,64,0,75,1.1225364804267883
N064_A_seed0,64,0,76,0.8264935612678528
N064_A_seed0,64,0,77,0.918457418680191
N064_A_seed0,64,0,78,1.0829001665115356
N064_A_seed0,64,0,79,1.0216906070709229
N064_A_seed0,64,0,80,1.0293840765953064
N064_A_seed0,64,0,81,1.0428696274757385
N064_A_seed0,64,0,82,1.0717278718948364
N064_A_seed0,64,0,83,0.9031693339347839
N064_A_seed0,64,0,84,1.0141142010688782
N064_A_seed0,64,0,85,0.8019043207168579
N064_A_seed0,64,0,86,0.928914487361908
N064_A_seed0,64,0,87,1.0273451209068298
N064_A_seed0,64,0,88,0.945298969745636
N064_A_seed0,64,0,89,0.8238461017608643
N064_A_seed0,64,0,90,1.1272399425506592
N064_A_seed0,64,0,91,0.966102123260498
N064_A_seed0,64,0,92,0.7569457590579987
N064_A_seed0,64,0,93,0.7997486889362335
N064_A_seed0,64,0,94,0.9723246693611145
N064_A_seed0,64,0,95,0.7452386915683746
N064_A_seed0,64,0,96,1.1292675733566284
N064_A_seed0,64,0,97,1.0256608128547668
N064_A_seed0,64,0,98,0.7556919753551483
N064_A_seed0,64,0,99,0.9850020110607147
N064_A_seed0,64,0,100,0.9660015106201172
N064_A_seed0,64,0,101,0.8355884552001953
N064_A_seed0,64,0,102,0.8097704946994781
N064_A_seed0,64,0,103,0.8581410050392151
N064_A_seed0,64,0,104,0.803942859172821
N064_A_seed0,64,0,105,0.967005580663681
N064_A_seed0,64,0,106,0.9438920319080353
N064_A_seed0,64,0,107,0.8034538626670837
N064_A_seed0,64,0,108,0.7628151476383209
N064_A_seed0,64,0,109,0.8731936514377594
N064_A_seed0,64,0,110,0.6477370262145996
N064_A_seed0,64,0,111,0.8646124601364136
N064_A_seed0,64,0,112,0.7956576347351074
N064_A_seed0,64,0,113,0.7388245761394501
N064_A_seed0,64,0,114,0.9414361715316772
N064_A_seed0,64,0,115,0.771984338760376
N064_A_seed0,64,0,116,0.7859222888946533
N064_A_seed0,64,0,117,0.6759461760520935
N064_A_seed0,64,0,118,0.7038453817367554
N064_A_seed0,64,0,119,0.9044045805931091
N064_A_seed0,64,0,120,0.8603215515613556
N064_A_seed0,64,0,121,0.8067248165607452
N064_A_seed0,64,0,122,0.6340644061565399
N064_A_seed0,64,0,123,0.8176191449165344
N064_A_seed0,64,0,124,0.6269436478614807
N064_A_seed0,64,0,125,0.8275993466377258
N064_A_seed0,64,0,126,0.8018361926078796
N064_A_seed0,64,0,127,0.6562663912773132
N064_A_seed0,64,0,128,0.7096912264823914
N064_A_seed0,64,0,129,0.6968673765659332
N064_A_seed0,64,0,130,0.6560936570167542
N064_A_seed0,64,0,131,0.8643838763237
N064_A_seed0,64,0,132,0.7938276529312134
N064_A_seed0,64,0,133,0.6110869944095612
N064_A_seed0,64,0,134,0.773119181394577
N064_A_seed0,64,0,135,0.5016434639692307
N064_A_seed0,64,0,136,0.6483383327722549
N064_A_seed0,64,0,137,0.521704226732254
N064_A_seed0,64,0,138,0.507880449295044
N064_A_seed0,64,0,139,0.6492499113082886
N064_A_seed0,64,0,140,0.7972812652587891
N064_A_seed0,64,0,141,0.6074239015579224
N064_A_seed0,64,0,142,0.7525861859321594
N064_A_seed0,64,0,143,0.7449975609779358
N064_A_seed0,64,0,144,0.5584701597690582
N064_A_seed0,64,0,145,0.6716775000095367
N064_A_seed0,64,0,146,0.5864446759223938
N064_A_seed0,64,0,147,0.7374350130558014
N064_A_seed0,64,0,148,0.60802361369133
N064_A_seed0,64,0,149,0.7723657190799713
N064_A_seed0,64,0,150,0.6708641052246094
N064_A_seed0,64,0,151,0.483009472489357
N064_A_seed0,64,0,152,0.6407344937324524
N064_A_seed0,64,0,153,0.7543615698814392
N064_A_seed0,64,0,154,0.5847921371459961
N064_A_seed0,64,0,155,0.695095419883728
N064_A_seed0,64,0,156,0.7038929760456085
N064_A_seed0,64,0,157,0.5113987475633621
N064_A_seed0,64,0,158,0.5075972378253937
N064_A_seed0,64,0,159,0.702203631401062
N064_A_seed0,64,0,160,0.6482222676277161
N064_A_seed0,64,0,161,0.4311272203922272
N064_A_seed0,64,0,162,0.6639445424079895
N064_A_seed0,64,0,163,0.7851549386978149
N064_A_seed0,64,0,164,0.4277021288871765
N064_A_seed0,64,0,165,0.5228124260902405
N064_A_seed0,64,0,166,0.5397416353225708
N064_A_seed0,64,0,167,0.567017525434494
N064_A_seed0,64,0,168,0.6033252775669098
N064_A_seed0,64,0,169,0.6588796079158783
N064_A_seed0,64,0,170,0.5417701900005341
N064_A_seed0,64,0,171,0.7685684263706207
N064_A_seed0,64,0,172,0.5709538459777832
N064_A_seed0,64,0,173,0.6127864122390747
N064_A_seed0,64,0,174,0.3961566984653473
N064_A_seed0,64,0,175,0.37817396223545074
N064_A_seed0,64,0,176,0.4554281383752823
N064_A_seed0,64,0,177,0.5756091177463531
N064_A_seed0,64,0,178,0.4916461110115051
N064_A_seed0,64,0,179,0.5634242743253708
N064_A_seed0,64,0,180,0.5257235467433929
N064_A_seed0,64,0,181,0.5113751292228699
N064_A_seed0,64,0,182,0.5084516704082489
N064_A_seed0,64,0,183,0.5311590433120728
N064_A_seed0,64,0,184,0.6008558422327042
N064_A_seed0,64,0,185,0.5448209345340729
N064_A_seed0,64,0,186,0.4824802875518799
N064_A_seed0,64,0,187,0.5397398322820663
N064_A_seed0,64,0,188,0.6434822082519531
N064_A_seed0,64,0,189,0.4764988124370575
N064_A_seed0,64,0,190,0.31546060740947723
N064_A_seed0,64,0,191,0.42490150034427643
N064_A_seed0,64,0,192,0.37093719840049744
N064_A_seed0,64,0,193,0.3820742517709732
N064_A_seed0,64,0,194,0.5176000893115997
N064_A_seed0,64,0,195,0.4606676995754242
N064_A_seed0,64,0,196,0.5655708312988281
N064_A_seed0,64,0,197,0.5411867797374725
N064_A_seed0,64,0,198,0.5568139404058456
N064_A_seed0,64,0,199,0.43191559612751007
N064_A_seed0,64,0,200,0.35718390345573425
N064_A_seed0,64,0,201,0.35271120071411133
N064_A_seed0,64,0,202,0.4767184853553772
N064_A_seed0,64,0,203,0.21665558964014053
N064_A_seed0,64,0,204,0.38142697513103485
N064_A_seed0,64,0,205,0.5042953342199326
N064_A_seed0,64,0,206,0.3857658952474594
N064_A_seed0,64,0,207,0.4130900055170059
N064_A_seed0,64,0,208,0.5675647854804993
N064_A_seed0,64,0,209,0.2858240604400635
N064_A_seed0,64,0,210,0.4607214629650116
N064_A_seed0,64,0,211,0.5298112332820892
N064_A_seed0,64,0,212,0.28588543832302094
N064_A_seed0,64,0,213,0.3579515814781189
N064_A_seed0,64,0,214,0.44590407609939575
N064_A_seed0,64,0,215,0.4438417851924896
N064_A_seed0,64,0,216,0.3732035756111145
N064_A_seed0,64,0,217,0.322151318192482
N064_A_seed0,64,0,218,0.3179643154144287
N064_A_seed0,64,0,219,0.5675759613513947
N064_A_seed0,64,0,220,0.43371229618787766
N064_A_seed0,64,0,221,0.3148622065782547
N064_A_seed0,64,0,222,0.38917621970176697
N064_A_seed0,64,0,223,0.4956638216972351
N064_A_seed0,64,0,224,0.3649698868393898
N064_A_seed0,64,0,225,0.6931711435317993
N064_A_seed0,64,0,226,0.47273169457912445
N064_A_seed0,64,0,227,0.22700168192386627
N064_A_seed0,64,0,228,0.3605799674987793
N064_A_seed0,64,0,229,0.28499259054660797
N064_A_seed0,64,0,230,0.3880191445350647
N064_A_seed0,64,0,231,0.3033776208758354
N064_A_seed0,64,0,232,0.28582996129989624
N064_A_seed0,64,0,233,0.3134772479534149
N064_A_seed0,64,0,234,0.4049184173345566
N064_A_seed0,64,0,235,0.5360380560159683
N064_A_seed0,64,0,236,0.3532405346632004
N064_A_seed0,64,0,237,0.4734984189271927
N064_A_seed0,64,0,238,0.337910994887352
N064_A_seed0,64,0,239,0.42896580696105957
N064_A_seed0,64,0,240,0.35414746403694153
N064_A_seed0,64,0,241,0.29588478803634644
N064_A_seed0,64,0,242,0.39297154545783997
N064_A_seed0,64,0,243,0.3202451467514038
N064_A_seed0,64,0,244,0.3415590822696686
N064_A_seed0,64,0,245,0.35979241132736206
N064_A_seed0,64,0,246,0.2328164130449295
N064_A_seed0,64,0,247,0.3519124388694763
N064_A_seed0,64,0,248,0.3290294408798218
N064_A_seed0,64,0,249,0.3280687779188156
N064_A_seed0,64,0,250,0.24337970465421677
N064_A_seed0,64,0,251,0.45078568160533905
N064_A_seed0,64,0,252,0.47122353315353394
N064_A_seed0,64,0,253,0.45622284710407257
N064_A_seed0,64,0,254,0.373921275138855
N064_A_seed0,64,0,255,0.6262768805027008
N064_A_seed0,64,0,256,0.3849126100540161
N064_A_seed0,64,0,257,0.33287444710731506
N064_A_seed0,64,0,258,0.365577831864357
N064_A_seed0,64,0,259,0.2699424922466278
N064_A_seed0,64,0,260,0.3212818205356598
N064_A_seed0,64,0,261,0.21929241716861725
N064_A_seed0,64,0,262,0.228475920855999
N064_A_seed0,64,0,263,0.2621350437402725
N064_A_seed0,64,0,264,0.3244708180427551
N064_A_seed0,64,0,265,0.2750484570860863
N064_A_seed0,64,0,266,0.5482587963342667
N064_A_seed0,64,0,267,0.19430185854434967
N064_A_seed0,64,0,268,0.4573337584733963
N064_A_seed0,64,0,269,0.3153243958950043
N064_A_seed0,64,0,270,0.20514652878046036
N064_A_seed0,64,0,271,0.24578633904457092
N064_A_seed0,64,0,272,0.33895502239465714
N064_A_seed0,64,0,273,0.27499666810035706
N064_A_seed0,64,0,274,0.2975938767194748
N064_A_seed0,64,0,275,0.46571195125579834
N064_A_seed0,64,0,276,0.4259737730026245
N064_A_seed0,64,0,277,0.4050142467021942
N064_A_seed0,64,0,278,0.27369967848062515
N064_A_seed0,64,0,279,0.34720443189144135
N064_A_seed0,64,0,280,0.43683575093746185
N064_A_seed0,64,0,281,0.269944965839386
N064_A_seed0,64,0,282,0.25265468657016754
N064_A_seed0,64,0,283,0.283522292971611
N064_A_seed0,64,0,284,0.3193826377391815
N064_A_seed0,64,0,285,0.24130044132471085
N064_A_seed0,64,0,286,0.19959650933742523
N064_A_seed0,64,0,287,0.46051670610904694
N064_A_seed0,64,0,288,0.22325241565704346
N064_A_seed0,64,0,289,0.280032217502594
N064_A_seed0,64,0,290,0.26792576909065247
N064_A_seed0,64,0,291,0.4530572295188904
N064_A_seed0,64,0,292,0.38476431369781494
N064_A_seed0,64,0,293,0.37066756188869476
N064_A_seed0,64,0,294,0.512103259563446
N064_A_seed0,64,0,295,0.5166322439908981
N064_A_seed0,64,0,296,0.27805306017398834
N064_A_seed0,64,0,297,0.42725351452827454
N064_A_seed0,64,0,298,0.3692762553691864
N064_A_seed0,64,0,299,0.4876363277435303
N064_A_seed0,64,0,300,0.4527863562107086
N064_A_seed0,64,0,301,0.29717758297920227
N064_A_seed0,64,0,302,0.23096787929534912
N064_A_seed0,64,0,303,0.22320875525474548
N064_A_seed0,64,0,304,0.23986096680164337
N064_A_seed0,64,0,305,0.21188613772392273
N064_A_seed0,64,0,306,0.28724701702594757
N064_A_seed0,64,0,307,0.6010827720165253
N064_A_seed0,64,0,308,0.42646706104278564
N064_A_seed0,64,0,309,0.31080462038517
N064_A_seed0,64,0,310,0.5837436616420746
N064_A_seed0,64,0,311,0.41832971572875977
N064_A_seed0,64,0,312,0.28650374710559845
N064_A_seed0,64,0,313,0.6323720216751099
N064_A_seed0,64,0,314,0.4782255291938782
N064_A_seed0,64,0,315,0.27124494314193726
N064_A_seed0,64,0,316,0.3065737634897232
N064_A_seed0,64,0,317,0.29550063610076904
N064_A_seed0,64,0,318,0.5527547150850296
N064_A_seed0,64,0,319,0.3801406919956207
N064_A_seed0,64,0,320,0.23661991208791733
N064_A_seed0,64,0,321,0.3869873881340027
N064_A_seed0,64,0,322,0.3497726768255234
N064_A_seed0,64,0,323,0.5059005841612816
N064_A_seed0,64,0,324,0.49591968953609467
N064_A_seed0,64,0,325,0.41793712228536606
N064_A_seed0,64,0,326,0.6257456988096237
N064_A_seed0,64,0,327,0.310363307595253
N064_A_seed0,64,0,328,0.3887516260147095
N064_A_seed0,64,0,329,0.26641572266817093
N064_A_seed0,64,0,330,0.2691218852996826
N064_A_seed0,64,0,331,0.3565007895231247
N064_A_seed0,64,0,332,0.29079489409923553
N064_A_seed0,64,0,333,0.3876638114452362
N064_A_seed0,64,0,334,0.32578225433826447
N064_A_seed0,64,0,335,0.19278136640787125
N064_A_seed0,64,0,336,0.2858916074037552
N064_A_seed0,64,0,337,0.42429257929325104
N064_A_seed0,64,0,338,0.3195423036813736
N064_A_seed0,64,0,339,0.435941144824028
N064_A_seed0,64,0,340,0.18022094666957855
N064_A_seed0,64,0,341,0.5137155055999756
N064_A_seed0,64,0,342,0.24761813879013062
N064_A_seed0,64,0,343,0.22990750521421432
N064_A_seed0,64,0,344,0.43317022174596786
N064_A_seed0,64,0,345,0.17171089351177216
N064_A_seed0,64,0,346,0.16860949993133545
N064_A_seed0,64,0,347,0.17104322463274002
N064_A_seed0,64,0,348,0.31381015479564667
N064_A_seed0,64,0,349,0.20645307004451752
N064_A_seed0,64,0,350,0.29685136675834656
N064_A_seed0,64,0,351,0.2801456153392792
N064_A_seed0,64,0,352,0.4461674094200134
N064_A_seed0,64,0,353,0.18998771905899048
N064_A_seed0,64,0,354,0.12745259702205658
N064_A_seed0,64,0,355,0.3648654520511627
N064_A_seed0,64,0,356,0.32960543036460876
N064_A_seed0,64,0,357,0.3115839213132858
N064_A_seed0,64,0,358,0.3144456148147583
N064_A_seed0,64,0,359,0.22263425588607788
N064_A_seed0,64,0,360,0.2042652815580368
N064_A_seed0,64,0,361,0.47267210483551025
N064_A_seed0,64,0,362,0.2472812682390213
N064_A_seed0,64,0,363,0.1762451007962227
N064_A_seed0,64,0,364,0.1931038349866867
N064_A_seed0,64,0,365,0.43479928374290466
N064_A_seed0,64,0,366,0.2745712399482727
N064_A_seed0,64,0,367,0.2575002908706665
N064_A_seed0,64,0,368,0.26490525901317596
N064_A_seed0,64,0,369,0.41909704357385635
N064_A_seed0,64,0,370,0.12967367470264435
N064_A_seed0,64,0,371,0.24136826395988464
N064_A_seed0,64,0,372,0.2038717120885849
N064_A_seed0,64,0,373,0.29820218682289124
N064_A_seed0,64,0,374,0.2261136993765831
N064_A_seed0,64,0,375,0.21403071284294128
N064_A_seed0,64,0,376,0.24700196832418442
N064_A_seed0,64,0,377,0.3903645873069763
N064_A_seed0,64,0,378,0.252088338136673
N064_A_seed0,64,0,379,0.24136099219322205
N064_A_seed0,64,0,380,0.423786960542202
N064_A_seed0,64,0,381,0.4030659347772598
N064_A_seed0,64,0,382,0.47952045500278473
N064_A_seed0,64,0,383,0.43646927177906036
N064_A_seed0,64,0,384,0.4284369796514511
N064_A_seed0,64,0,385,0.17457500100135803
N064_A_seed0,64,0,386,0.22917912155389786
N064_A_seed0,64,0,387,0.4283411204814911
N064_A_seed0,64,0,388,0.18591797351837158
N064_A_seed0,64,0,389,0.29064711928367615
N064_A_seed0,64,0,390,0.3562278300523758
N064_A_seed0,64,0,391,0.19015683978796005
N064_A_seed0,64,0,392,0.4598784074187279
N064_A_seed0,64,0,393,0.25173383206129074
N064_A_seed0,64,0,394,0.21125425398349762
N064_A_seed0,64,0,395,0.15457434207201004
N064_A_seed0,64,0,396,0.1880590096116066
N064_A_seed0,64,0,397,0.2557753100991249
N064_A_seed0,64,0,398,0.34445372223854065
N064_A_seed0,64,0,399,0.17376261949539185
N064_A_seed0,64,0,400,0.3479333072900772
N064_A_seed0,64,0,401,0.19473963975906372
N064_A_seed0,64,0,402,0.11940215528011322
N064_A_seed0,64,0,403,0.2810390144586563
N064_A_seed0,64,0,404,0.7051725387573242
N064_A_seed0,64,0,405,0.24154157936573029
N064_A_seed0,64,0,406,0.24362827837467194
N064_A_seed0,64,0,407,0.3361402451992035
N064_A_seed0,64,0,408,0.16335037350654602
N064_A_seed0,64,0,409,0.24373406916856766
N064_A_seed0,64,0,410,0.18446359038352966
N064_A_seed0,64,0,411,0.1531425341963768
N064_A_seed0,64,0,412,0.32301297038793564
N064_A_seed0,64,0,413,0.29803483188152313
N064_A_seed0,64,0,414,0.5344435572624207
N064_A_seed0,64,0,415,0.298375204205513
N064_A_seed0,64,0,416,0.27550549805164337
N064_A_seed0,64,0,417,0.3154790550470352
N064_A_seed0,64,0,418,0.2794889956712723
N064_A_seed0,64,0,419,0.16051403433084488
N064_A_seed0,64,0,420,0.17382849007844925
N064_A_seed0,64,0,421,0.2849113643169403
N064_A_seed0,64,0,422,0.23491384834051132
N064_A_seed0,64,0,423,0.22767327725887299
N064_A_seed0,64,0,424,0.20956307649612427
N064_A_seed0,64,0,425,0.1802929937839508
N064_A_seed0,64,0,426,0.3639650195837021
N064_A_seed0,64,0,427,0.33363230526447296
N064_A_seed0,64,0,428,0.1441718265414238
N064_A_seed0,64,0,429,0.48347482085227966
N064_A_seed0,64,0,430,0.1569620966911316
N064_A_seed0,64,0,431,0.16946503147482872
N064_A_seed0,64,0,432,0.18070240318775177
N064_A_seed0,64,0,433,0.4948982894420624
N064_A_seed0,64,0,434,0.1967044547200203
N064_A_seed0,64,0,435,0.43933242559432983
N064_A_seed0,64,0,436,0.21505451947450638
N064_A_seed0,64,0,437,0.2740050181746483
N064_A_seed0,64,0,438,0.23170660436153412
N064_A_seed0,64,0,439,0.306522399187088
N064_A_seed0,64,0,440,0.5763624906539917
N064_A_seed0,64,0,441,0.16047216206789017
N064_A_seed0,64,0,442,0.263435497879982
N064_A_seed0,64,0,443,0.29631660878658295
N064_A_seed0,64,0,444,0.21212483942508698
N064_A_seed0,64,0,445,0.234964057803154
N064_A_seed0,64,0,446,0.5181524306535721
N064_A_seed0,64,0,447,0.23737657070159912
N064_A_seed0,64,0,448,0.21660970151424408
N064_A_seed0,64,0,449,0.2475128322839737
N064_A_seed0,64,0,450,0.22856870293617249
N064_A_seed0,64,0,451,0.23248638957738876
N064_A_seed0,64,0,452,0.1690511256456375
N064_A_seed0,64,0,453,0.22198054194450378
N064_A_seed0,64,0,454,0.23271499574184418
N064_A_seed0,64,0,455,0.5443324446678162
N064_A_seed0,64,0,456,0.2865557223558426
N064_A_seed0,64,0,457,0.27585369348526
N064_A_seed0,64,0,458,0.25496700406074524
N064_A_seed0,64,0,459,0.3515595868229866
N064_A_seed0,64,0,460,0.2472929060459137
N064_A_seed0,64,0,461,0.3058931976556778
N064_A_seed0,64,0,462,0.26890894770622253
N064_A_seed0,64,0,463,0.5438514947891235
N064_A_seed0,64,0,464,0.21008706837892532
N064_A_seed0,64,0,465,0.23259558901190758
N064_A_seed0,64,0,466,0.14793910086154938
N064_A_seed0,64,0,467,0.19901058822870255
N064_A_seed0,64,0,468,0.5561946034431458
N064_A_seed0,64,0,469,0.2762494161725044
N064_A_seed0,64,0,470,0.3109949827194214
N064_A_seed0,64,0,471,0.23287194967269897
N064_A_seed0,64,0,472,0.38171403110027313
N064_A_seed0,64,0,473,0.2401139959692955
N064_A_seed0,64,0,474,0.26670967787504196
N064_A_seed0,64,0,475,0.6872844696044922
N064_A_seed0,64,0,476,0.18734028935432434
N064_A_seed0,64,0,477,0.25647762417793274
N064_A_seed0,64,0,478,0.22735820710659027
N064_A_seed0,64,0,479,0.16387610137462616
N064_A_seed0,64,0,480,0.2156362235546112
N064_A_seed0,64,0,481,0.2711021304130554
N064_A_seed0,64,0,482,0.18944745510816574
N064_A_seed0,64,0,483,0.1932164654135704
N064_A_seed0,64,0,484,0.4426644444465637
N064_A_seed0,64,0,485,0.3040105551481247
N064_A_seed0,64,0,486,0.158040352165699
N064_A_seed0,64,0,487,0.24202891439199448
N064_A_seed0,64,0,488,0.3241228312253952
N064_A_seed0,64,0,489,0.3316507488489151
N064_A_seed0,64,0,490,0.5660530924797058
N064_A_seed0,64,0,491,0.25607316195964813
N064_A_seed0,64,0,492,0.22262073308229446
N064_A_seed0,64,0,493,0.33955153822898865
N064_A_seed0,64,0,494,0.36170972138643265
N064_A_seed0,64,0,495,0.13515132665634155
N064_A_seed0,64,0,496,0.23966862261295319
N064_A_seed0,64,0,497,0.15029548108577728
N064_A_seed0,64,0,498,0.3993106186389923
N064_A_seed0,64,0,499,0.2424524873495102
N064_A_seed0,64,0,500,0.5278978794813156
N064_A_seed0,64,0,501,0.43555107712745667
N064_A_seed0,64,0,502,0.20553406327962875
N064_A_seed0,64,0,503,0.28463365137577057
N064_A_seed0,64,0,504,0.24973717331886292
N064_A_seed0,64,0,505,0.17222575098276138
N064_A_seed0,64,0,506,0.14420829713344574
N064_A_seed0,64,0,507,0.15224530547857285
N064_A_seed0,64,0,508,0.3897911310195923
N064_A_seed0,64,0,509,0.20226649940013885
N064_A_seed0,64,0,510,0.20015253126621246
N064_A_seed0,64,0,511,0.2327432632446289
N064_A_seed0,64,0,512,0.408898264169693
N064_A_seed0,64,0,513,0.2226497083902359
N064_A_seed0,64,0,514,0.37458984553813934
N064_A_seed0,64,0,515,0.15526878088712692
N064_A_seed0,64,0,516,0.16499438881874084
N064_A_seed0,64,0,517,0.24601860344409943
N064_A_seed0,64,0,518,0.15611325949430466
N064_A_seed0,64,0,519,0.25509317219257355
N064_A_seed0,64,0,520,0.18329209834337234
N064_A_seed0,64,0,521,0.1698339432477951
N064_A_seed0,64,0,522,0.13125278800725937
N064_A_seed0,64,0,523,0.16724088042974472
N064_A_seed0,64,0,524,0.30760110914707184
N064_A_seed0,64,0,525,0.3259178400039673
N064_A_seed0,64,0,526,0.14634201675653458
N064_A_seed0,64,0,527,0.22866445779800415
N064_A_seed0,64,0,528,0.19589582085609436
N064_A_seed0,64,0,529,0.2679656445980072
N064_A_seed0,64,0,530,0.29188112914562225
N064_A_seed0,64,0,531,0.26361653208732605
N064_A_seed0,64,0,532,0.2499535083770752
N064_A_seed0,64,0,533,0.2637540251016617
N064_A_seed0,64,0,534,0.37276826798915863
N064_A_seed0,64,0,535,0.13058769702911377
N064_A_seed0,64,0,536,0.24718370288610458
N064_A_seed0,64,0,537,0.23260168731212616
N064_A_seed0,64,0,538,0.24577876925468445
N064_A_seed0,64,0,539,0.1437317244708538
N064_A_seed0,64,0,540,0.42333322763442993
N064_A_seed0,64,0,541,0.19368615746498108
N064_A_seed0,64,0,542,0.17042016237974167
N064_A_seed0,64,0,543,0.36737577617168427
N064_A_seed0,64,0,544,0.2117212638258934
N064_A_seed0,64,0,545,0.26524555683135986
N064_A_seed0,64,0,546,0.23013540357351303
N064_A_seed0,64,0,547,0.4034373313188553
N064_A_seed0,64,0,548,0.16576672345399857
N064_A_seed0,64,0,549,0.23525334894657135
N064_A_seed0,64,0,550,0.2586205452680588
N064_A_seed0,64,0,551,0.3691708743572235
N064_A_seed0,64,0,552,0.1417420543730259
N064_A_seed0,64,0,553,0.12723033502697945
N064_A_seed0,64,0,554,0.1580079346895218
N064_A_seed0,64,0,555,0.2843759059906006
N064_A_seed0,64,0,556,0.2269924134016037
N064_A_seed0,64,0,557,0.239327073097229
N064_A_seed0,64,0,558,0.436477929353714
N064_A_seed0,64,0,559,0.19904664158821106
N064_A_seed0,64,0,560,0.24574854969978333
N064_A_seed0,64,0,561,0.21737952530384064
N064_A_seed0,64,0,562,0.2906077802181244
N064_A_seed0,64,0,563,0.17044324427843094
N064_A_seed0,64,0,564,0.13934718817472458
N064_A_seed0,64,0,565,0.23416565358638763
N064_A_seed0,64,0,566,0.1407550647854805
N064_A_seed0,64,0,567,0.19549202919006348
N064_A_seed0,64,0,568,0.20581603050231934
N064_A_seed0,64,0,569,0.15941446274518967
N064_A_seed0,64,0,570,0.358113132417202
N064_A_seed0,64,0,571,0.20203590393066406
N064_A_seed0,64,0,572,0.2052401416003704
N064_A_seed0,64,0,573,0.15710922330617905
N064_A_seed0,64,0,574,0.13290218263864517
N064_A_seed0,64,0,575,0.21602071821689606
N064_A_seed0,64,0,576,0.2582271099090576
N064_A_seed0,64,0,577,0.17690831422805786
N064_A_seed0,64,0,578,0.14786042273044586
N064_A_seed0,64,0,579,0.2241440936923027
N064_A_seed0,64,0,580,0.3514403700828552
N064_A_seed0,64,0,581,0.15057963505387306
N064_A_seed0,64,0,582,0.2784802168607712
N064_A_seed0,64,0,583,0.24104905128479004
N064_A_seed0,64,0,584,0.25775471329689026
N064_A_seed0,64,0,585,0.2620871216058731
N064_A_seed0,64,0,586,0.19149544090032578
N064_A_seed0,64,0,587,0.449308805167675
N064_A_seed0,64,0,588,0.2526730000972748
N064_A_seed0,64,0,589,0.40984974801540375
N064_A_seed0,64,0,590,0.3983972892165184
N064_A_seed0,64,0,591,0.14650004357099533
N064_A_seed0,64,0,592,0.4207778871059418
N064_A_seed0,64,0,593,0.38457127660512924
N064_A_seed0,64,0,594,0.18068675696849823
N064_A_seed0,64,0,595,0.3758757635951042
N064_A_seed0,64,0,596,0.13654588907957077
N064_A_seed0,64,0,597,0.17811962217092514
N064_A_seed0,64,0,598,0.19843246787786484
N064_A_seed0,64,0,599,0.21500910073518753
N064_A_seed0,64,0,600,0.15809405595064163
N064_A_seed0,64,0,601,0.27769140899181366
N064_A_seed0,64,0,602,0.2493615299463272
N064_A_seed0,64,0,603,0.18280534446239471
N064_A_seed0,64,0,604,0.1940591111779213
N064_A_seed0,64,0,605,0.24174577742815018
N064_A_seed0,64,0,606,0.28941531479358673
N064_A_seed0,64,0,607,0.20594851672649384
N064_A_seed0,64,0,608,0.2513304799795151
N064_A_seed0,64,0,609,0.1632569432258606
N064_A_seed0,64,0,610,0.21496465802192688
N064_A_seed0,64,0,611,0.20690810680389404
N064_A_seed0,64,0,612,0.2511371523141861
N064_A_seed0,64,0,613,0.14624878019094467
N064_A_seed0,64,0,614,0.2165352925658226
N064_A_seed0,64,0,615,0.21398180723190308
N064_A_seed0,64,0,616,0.20797200500965118
N064_A_seed0,64,0,617,0.28596261143684387
N064_A_seed0,64,0,618,0.20054582506418228
N064_A_seed0,64,0,619,0.4930843263864517
N064_A_seed0,64,0,620,0.22460542619228363
N064_A_seed0,64,0,621,0.3181001543998718
N064_A_seed0,64,0,622,0.4749031364917755
N064_A_seed0,64,0,623,0.2588917165994644
N064_A_seed0,64,0,624,0.27721862867474556
N064_A_seed0,64,0,625,0.426258847117424
N064_A_seed0,64,0,626,0.15168028324842453
N064_A_seed0,64,0,627,0.3114832788705826
N064_A_seed0,64,0,628,0.22642169892787933
N064_A_seed0,64,0,629,0.422590509057045
N064_A_seed0,64,0,630,0.23782043159008026
N064_A_seed0,64,0,631,0.2795529440045357
N064_A_seed0,64,0,632,0.2046988308429718
N064_A_seed0,64,0,633,0.13931352645158768
N064_A_seed0,64,0,634,0.2593008726835251
N064_A_seed0,64,0,635,0.13723073154687881
N064_A_seed0,64,0,636,0.18768419325351715
N064_A_seed0,64,0,637,0.30799779295921326
N064_A_seed0,64,0,638,0.1782132238149643
N064_A_seed0,64,0,639,0.15997712314128876
N064_A_seed0,64,0,640,0.26784858107566833
N064_A_seed0,64,0,641,0.19273845851421356
N064_A_seed0,64,0,642,0.3908156305551529
N064_A_seed0,64,0,643,0.13913393020629883
N064_A_seed0,64,0,644,0.3894355148077011
N064_A_seed0,64,0,645,0.2850174456834793
N064_A_seed0,64,0,646,0.1439661979675293
N064_A_seed0,64,0,647,0.23317523300647736
N064_A_seed0,64,0,648,0.21843434870243073
N064_A_seed0,64,0,649,0.288890078663826
N064_A_seed0,64,0,650,0.24868929386138916
N064_A_seed0,64,0,651,0.38419853895902634
N064_A_seed0,64,0,652,0.17200415581464767
N064_A_seed0,64,0,653,0.2662905156612396
N064_A_seed0,64,0,654,0.1386467069387436
N064_A_seed0,64,0,655,0.29865530133247375
N064_A_seed0,64,0,656,0.3027293533086777
N064_A_seed0,64,0,657,0.2674928531050682
N064_A_seed0,64,0,658,0.12227722257375717
N064_A_seed0,64,0,659,0.16111977398395538
N064_A_seed0,64,0,660,0.21001850068569183
N064_A_seed0,64,0,661,0.2972676008939743
N064_A_seed0,64,0,662,0.2142675295472145
N064_A_seed0,64,0,663,0.17577677965164185
N064_A_seed0,64,0,664,0.26306986808776855
N064_A_seed0,64,0,665,0.2771246135234833
N064_A_seed0,64,0,666,0.2051515132188797
N064_A_seed0,64,0,667,0.25157520174980164
N064_A_seed0,64,0,668,0.3483120799064636
N064_A_seed0,64,0,669,0.20493446290493011
N064_A_seed0,64,0,670,0.352599635720253
N064_A_seed0,64,0,671,0.21638771891593933
N064_A_seed0,64,0,672,0.1743175983428955
N064_A_seed0,64,0,673,0.2545551508665085
N064_A_seed0,64,0,674,0.20405568927526474
N064_A_seed0,64,0,675,0.5115230977535248
N064_A_seed0,64,0,676,0.2221536487340927
N064_A_seed0,64,0,677,0.1902294009923935
N064_A_seed0,64,0,678,0.14975960180163383
N064_A_seed0,64,0,679,0.4006020277738571
N064_A_seed0,64,0,680,0.18395478278398514
N064_A_seed0,64,0,681,0.09886663779616356
N064_A_seed0,64,0,682,0.24020680785179138
N064_A_seed0,64,0,683,0.1527542695403099
N064_A_seed0,64,0,684,0.21537838876247406
N064_A_seed0,64,0,685,0.14966590702533722
N064_A_seed0,64,0,686,0.27091220021247864
N064_A_seed0,64,0,687,0.31625519692897797
N064_A_seed0,64,0,688,0.17125210911035538
N064_A_seed0,64,0,689,0.18839530646800995
N064_A_seed0,64,0,690,0.2633269280195236
N064_A_seed0,64,0,691,0.5368132889270782
N064_A_seed0,64,0,692,0.19533497095108032
N064_A_seed0,64,0,693,0.1906770020723343
N064_A_seed0,64,0,694,0.234524667263031
N064_A_seed0,64,0,695,0.2208455726504326
N064_A_seed0,64,0,696,0.2626318782567978
N064_A_seed0,64,0,697,0.19485577195882797
N064_A_seed0,64,0,698,0.13464105501770973
N064_A_seed0,64,0,699,0.28838004171848297
N064_A_seed0,64,0,700,0.2037305384874344
N064_A_seed0,64,0,701,0.12835966795682907
N064_A_seed0,64,0,702,0.29131699353456497
N064_A_seed0,64,0,703,0.2015063241124153
N064_A_seed0,64,0,704,0.35946663096547127
N064_A_seed0,64,0,705,0.2059234455227852
N064_A_seed0,64,0,706,0.2152111753821373
N064_A_seed0,64,0,707,0.10709048062562943
N064_A_seed0,64,0,708,0.21619932353496552
N064_A_seed0,64,0,709,0.1357104554772377
N064_A_seed0,64,0,710,0.29914139211177826
N064_A_seed0,64,0,711,0.19158215075731277
N064_A_seed0,64,0,712,0.3154730647802353
N064_A_seed0,64,0,713,0.21764840930700302
N064_A_seed0,64,0,714,0.15239568799734116
N064_A_seed0,64,0,715,0.2192259356379509
N064_A_seed0,64,0,716,0.21027851104736328
N064_A_seed0,64,0,717,0.21301202476024628
N064_A_seed0,64,0,718,0.25185539573431015
N064_A_seed0,64,0,719,0.21133703738451004
N064_A_seed0,64,0,720,0.153964102268219
N064_A_seed0,64,0,721,0.1808071881532669
N064_A_seed0,64,0,722,0.2805311679840088
N064_A_seed0,64,0,723,0.2262757495045662
N064_A_seed0,64,0,724,0.15134289115667343
N064_A_seed0,64,0,725,0.16483822464942932
N064_A_seed0,64,0,726,0.19493410736322403
N064_A_seed0,64,0,727,0.2887917309999466
N064_A_seed0,64,0,728,0.16925349831581116
N064_A_seed0,64,0,729,0.3283004015684128
N064_A_seed0,64,0,730,0.15017971396446228
N064_A_seed0,64,0,731,0.1540934070944786
N064_A_seed0,64,0,732,0.18675274401903152
N064_A_seed0,64,0,733,0.2836252301931381
N064_A_seed0,64,0,734,0.13180220127105713
N064_A_seed0,64,0,735,0.23875711113214493
N064_A_seed0,64,0,736,0.17703018337488174
N064_A_seed0,64,0,737,0.26052669435739517
N064_A_seed0,64,0,738,0.4037840962409973
N064_A_seed0,64,0,739,0.37328676879405975
N064_A_seed0,64,0,740,0.22965484857559204
N064_A_seed0,64,0,741,0.15167822688817978
N064_A_seed0,64,0,742,0.21769660711288452
N064_A_seed0,64,0,743,0.2499755248427391
N064_A_seed0,64,0,744,0.2154194712638855
N064_A_seed0,64,0,745,0.22695443034172058
N064_A_seed0,64,0,746,0.1568850576877594
N064_A_seed0,64,0,747,0.3282783329486847
N064_A_seed0,64,0,748,0.21000606566667557
N064_A_seed0,64,0,749,0.23065189272165298
N064_A_seed0,64,0,750,0.12615247815847397
N064_A_seed0,64,0,751,0.15102244913578033
N064_A_seed0,64,0,752,0.13202471658587456
N064_A_seed0,64,0,753,0.3568513095378876
N064_A_seed0,64,0,754,0.15383926406502724
N064_A_seed0,64,0,755,0.12517347931861877
N064_A_seed0,64,0,756,0.33579718321561813
N064_A_seed0,64,0,757,0.1751001626253128
N064_A_seed0,64,0,758,0.2206936627626419
N064_A_seed0,64,0,759,0.19757164269685745
N064_A_seed0,64,0,760,0.1303011253476143
N064_A_seed0,64,0,761,0.16206617280840874
N064_A_seed0,64,0,762,0.13666224479675293
N064_A_seed0,64,0,763,0.18929912149906158
N064_A_seed0,64,0,764,0.11434955149888992
N064_A_seed0,64,0,765,0.4142213761806488
N064_A_seed0,64,0,766,0.25726626068353653
N064_A_seed0,64,0,767,0.15534204244613647
N064_A_seed0,64,0,768,0.25986024364829063
N064_A_seed0,64,0,769,0.24397549033164978
N064_A_seed0,64,0,770,0.14108149707317352
N064_A_seed0,64,0,771,0.22179406136274338
N064_A_seed0,64,0,772,0.22663722187280655
N064_A_seed0,64,0,773,0.22587626427412033
N064_A_seed0,64,0,774,0.1578199490904808
N064_A_seed0,64,0,775,0.15831313654780388
N064_A_seed0,64,0,776,0.29057444632053375
N064_A_seed0,64,0,777,0.24815690517425537
N064_A_seed0,64,0,778,0.1652340106666088
N064_A_seed0,64,0,779,0.13705381751060486
N064_A_seed0,64,0,780,0.16215598583221436
N064_A_seed0,64,0,781,0.23700188100337982
N064_A_seed0,64,0,782,0.21174581348896027
N064_A_seed0,64,0,783,0.1726321578025818
N064_A_seed0,64,0,784,0.2670375183224678
N064_A_seed0,64,0,785,0.18737846612930298
N064_A_seed0,64,0,786,0.2241509109735489
N064_A_seed0,64,0,787,0.20600709319114685
N064_A_seed0,64,0,788,0.20926057174801826
N064_A_seed0,64,0,789,0.2191968634724617
N064_A_seed0,64,0,790,0.16713981330394745
N064_A_seed0,64,0,791,0.24406485259532928
N064_A_seed0,64,0,792,0.21487843245267868
N064_A_seed0,64,0,793,0.1071663424372673
N064_A_seed0,64,0,794,0.13742979615926743
N064_A_seed0,64,0,795,0.2747788801789284
N064_A_seed0,64,0,796,0.24225453287363052
N064_A_seed0,64,0,797,0.13253803551197052
N064_A_seed0,64,0,798,0.2519754618406296
N064_A_seed0,64,0,799,0.18506129831075668
N064_A_seed0,64,0,800,0.24081948399543762
N064_A_seed0,64,0,801,0.22522176429629326
N064_A_seed0,64,0,802,0.18659444153308868
N064_A_seed0,64,0,803,0.26592499762773514
N064_A_seed0,64,0,804,0.33336497843265533
N064_A_seed0,64,0,805,0.13980800658464432
N064_A_seed0,64,0,806,0.14364838600158691
N064_A_seed0,64,0,807,0.30320851504802704
N064_A_seed0,64,0,808,0.23772218823432922
N064_A_seed0,64,0,809,0.34235067665576935
N064_A_seed0,64,0,810,0.15481571853160858
N064_A_seed0,64,0,811,0.17193709313869476
N064_A_seed0,64,0,812,0.2059720829129219
N064_A_seed0,64,0,813,0.1306735947728157
N064_A_seed0,64,0,814,0.18314410746097565
N064_A_seed0,64,0,815,0.1371602676808834
N064_A_seed0,64,0,816,0.2524441033601761
N064_A_seed0,64,0,817,0.26842252910137177
N064_A_seed0,64,0,818,0.1933067962527275
N064_A_seed0,64,0,819,0.18182413280010223
N064_A_seed0,64,0,820,0.13879992067813873
N064_A_seed0,64,0,821,0.1581486612558365
N064_A_seed0,64,0,822,0.19147014617919922
N064_A_seed0,64,0,823,0.196560338139534
N064_A_seed0,64,0,824,0.14805172383785248
N064_A_seed0,64,0,825,0.14104443415999413
N064_A_seed0,64,0,826,0.21619153022766113
N064_A_seed0,64,0,827,0.21136918663978577
N064_A_seed0,64,0,828,0.1317232847213745
N064_A_seed0,64,0,829,0.3069033548235893
N064_A_seed0,64,0,830,0.17014681547880173
N064_A_seed0,64,0,831,0.10355918854475021
N064_A_seed0,64,0,832,0.18963350355625153
N064_A_seed0,64,0,833,0.2340375930070877
N064_A_seed0,64,0,834,0.15159576013684273
N064_A_seed0,64,0,835,0.14576980471611023
N064_A_seed0,64,0,836,0.11847305670380592
N064_A_seed0,64,0,837,0.12332537770271301
N064_A_seed0,64,0,838,0.18664290010929108
N064_A_seed0,64,0,839,0.1426260843873024
N064_A_seed0,64,0,840,0.15354913473129272
N064_A_seed0,64,0,841,0.2035016268491745
N064_A_seed0,64,0,842,0.1298488974571228
N064_A_seed0,64,0,843,0.2602778971195221
N064_A_seed0,64,0,844,0.11622040718793869
N064_A_seed0,64,0,845,0.15968279540538788
N064_A_seed0,64,0,846,0.1894678995013237
N064_A_seed0,64,0,847,0.2226017639040947
N064_A_seed0,64,0,848,0.23350213468074799
N064_A_seed0,64,0,849,0.11873317137360573
N064_A_seed0,64,0,850,0.14495833963155746
N064_A_seed0,64,0,851,0.14079271256923676
N064_A_seed0,64,0,852,0.24032904207706451
N064_A_seed0,64,0,853,0.2327660247683525
N064_A_seed0,64,0,854,0.30560192465782166
N064_A_seed0,64,0,855,0.18221213668584824
N064_A_seed0,64,0,856,0.18474507331848145
N064_A_seed0,64,0,857,0.2396838366985321
N064_A_seed0,64,0,858,0.17848514765501022
N064_A_seed0,64,0,859,0.3141268640756607
N064_A_seed0,64,0,860,0.31286370754241943
N064_A_seed0,64,0,861,0.1508767306804657
N064_A_seed0,64,0,862,0.15405524522066116
N064_A_seed0,64,0,863,0.45083533227443695
N064_A_seed0,64,0,864,0.14451540261507034
N064_A_seed0,64,0,865,0.22049473226070404
N064_A_seed0,64,0,866,0.12488126009702682
N064_A_seed0,64,0,867,0.5157235413789749
N064_A_seed0,64,0,868,0.4354383796453476
N064_A_seed0,64,0,869,0.16889997571706772
N064_A_seed0,64,0,870,0.16372275352478027
N064_A_seed0,64,0,871,0.18226128816604614
N064_A_seed0,64,0,872,0.2823268473148346
N064_A_seed0,64,0,873,0.14437013119459152
N064_A_seed0,64,0,874,0.17011968046426773
N064_A_seed0,64,0,875,0.13045058399438858
N064_A_seed0,64,0,876,0.16503294557332993
N064_A_seed0,64,0,877,0.28622180223464966
N064_A_seed0,64,0,878,0.14779847860336304
N064_A_seed0,64,0,879,0.1845661997795105
N064_A_seed0,64,0,880,0.16331611573696136
N064_A_seed0,64,0,881,0.25594083219766617
N064_A_seed0,64,0,882,0.24178151041269302
N064_A_seed0,64,0,883,0.19003863632678986
N064_A_seed0,64,0,884,0.3619142472743988
N064_A_seed0,64,0,885,0.1523265391588211
N064_A_seed0,64,0,886,0.162558414041996
N064_A_seed0,64,0,887,0.230207160115242
N064_A_seed0,64,0,888,0.14655543863773346
N064_A_seed0,64,0,889,0.2755642831325531
N064_A_seed0,64,0,890,0.1346278190612793
N064_A_seed0,64,0,891,0.2594677656888962
N064_A_seed0,64,0,892,0.24574734270572662
N064_A_seed0,64,0,893,0.10256195813417435
N064_A_seed0,64,0,894,0.16576457768678665
N064_A_seed0,64,0,895,0.12546075135469437
N064_A_seed0,64,0,896,0.16701579838991165
N064_A_seed0,64,0,897,0.2380942553281784
N064_A_seed0,64,0,898,0.2834133505821228
N064_A_seed0,64,0,899,0.2615938186645508
N064_A_seed0,64,0,900,0.13135289400815964
N064_A_seed0,64,0,901,0.14928071200847626
N064_A_seed0,64,0,902,0.20662043988704681
N064_A_seed0,64,0,903,0.14806896448135376
N064_A_seed0,64,0,904,0.3275633603334427
N064_A_seed0,64,0,905,0.1593119576573372
N064_A_seed0,64,0,906,0.10675105452537537
N064_A_seed0,64,0,907,0.15546517446637154
N064_A_seed0,64,0,908,0.13953358680009842
N064_A_seed0,64,0,909,0.1829671710729599
N064_A_seed0,64,0,910,0.1621428020298481
N064_A_seed0,64,0,911,0.10198689997196198
N064_A_seed0,64,0,912,0.24004120379686356
N064_A_seed0,64,0,913,0.23715229332447052
N064_A_seed0,64,0,914,0.15132606029510498
N064_A_seed0,64,0,915,0.2397068738937378
N064_A_seed0,64,0,916,0.2448219209909439
N064_A_seed0,64,0,917,0.155332513153553
N064_A_seed0,64,0,918,0.1290162280201912
N064_A_seed0,64,0,919,0.14693666994571686
N064_A_seed0,64,0,920,0.13815028220415115
N064_A_seed0,64,0,921,0.14193499088287354
N064_A_seed0,64,0,922,0.21659791469573975
N064_A_seed0,64,0,923,0.15913810580968857
N064_A_seed0,64,0,924,0.09896808117628098
N064_A_seed0,64,0,925,0.16555355489253998
N064_A_seed0,64,0,926,0.1612279750406742
N064_A_seed0,64,0,927,0.4198029637336731
N064_A_seed0,64,0,928,0.15713446214795113
N064_A_seed0,64,0,929,0.24993987381458282
N064_A_seed0,64,0,930,0.13306263834238052
N064_A_seed0,64,0,931,0.1304663121700287
N064_A_seed0,64,0,932,0.31706682592630386
N064_A_seed0,64,0,933,0.2144603133201599
N064_A_seed0,64,0,934,0.1923486664891243
N064_A_seed0,64,0,935,0.13508044928312302
N064_A_seed0,64,0,936,0.18257471919059753
N064_A_seed0,64,0,937,0.16034747660160065
N064_A_seed0,64,0,938,0.16353102028369904
N064_A_seed0,64,0,939,0.19298481941223145
N064_A_seed0,64,0,940,0.23570985719561577
N064_A_seed0,64,0,941,0.3120660185813904
N064_A_seed0,64,0,942,0.202127143740654
N064_A_seed0,64,0,943,0.1454893797636032
N064_A_seed0,64,0,944,0.13588735088706017
N064_A_seed0,64,0,945,0.15673501044511795
N064_A_seed0,64,0,946,0.2982031926512718
N064_A_seed0,64,0,947,0.1509237438440323
N064_A_seed0,64,0,948,0.1488458663225174
N064_A_seed0,64,0,949,0.14441028982400894
N064_A_seed0,64,0,950,0.1768840253353119
N064_A_seed0,64,0,951,0.16573639959096909
N064_A_seed0,64,0,952,0.24844646453857422
N064_A_seed0,64,0,953,0.12974249571561813
N064_A_seed0,64,0,954,0.15972968190908432
N064_A_seed0,64,0,955,0.20779773592948914
N064_A_seed0,64,0,956,0.1261996477842331
N064_A_seed0,64,0,957,0.19919710606336594
N064_A_seed0,64,0,958,0.25237564742565155
N064_A_seed0,64,0,959,0.2845793217420578
N064_A_seed0,64,0,960,0.23212948441505432
N064_A_seed0,64,0,961,0.2435063123703003
N064_A_seed0,64,0,962,0.21374304592609406
N064_A_seed0,64,0,963,0.1358131617307663
N064_A_seed0,64,0,964,0.2312430888414383
N064_A_seed0,64,0,965,0.1544971726834774
N064_A_seed0,64,0,966,0.13333886116743088
N064_A_seed0,64,0,967,0.15882401913404465
N064_A_seed0,64,0,968,0.19773419201374054
N064_A_seed0,64,0,969,0.28308238089084625
N064_A_seed0,64,0,970,0.179600790143013
N064_A_seed0,64,0,971,0.15810249745845795
N064_A_seed0,64,0,972,0.13593784719705582
N064_A_seed0,64,0,973,0.42366259545087814
N064_A_seed0,64,0,974,0.31644363701343536
N064_A_seed0,64,0,975,0.6002129912376404
N064_A_seed0,64,0,976,0.22430287301540375
N064_A_seed0,64,0,977,0.2674974650144577
N064_A_seed0,64,0,978,0.23610786348581314
N064_A_seed0,64,0,979,0.22213953733444214
N064_A_seed0,64,0,980,0.18967974931001663
N064_A_seed0,64,0,981,0.15136194229125977
N064_A_seed0,64,0,982,0.1885198950767517
N064_A_seed0,64,0,983,0.26737092435359955
N064_A_seed0,64,0,984,0.19124963879585266
N064_A_seed0,64,0,985,0.15426970273256302
N064_A_seed0,64,0,986,0.20270980894565582
N064_A_seed0,64,0,987,0.27012665569782257
N064_A_seed0,64,0,988,0.130990382283926
N064_A_seed0,64,0,989,0.11237051337957382
N064_A_seed0,64,0,990,0.2268010824918747
N064_A_seed0,64,0,991,0.16358938068151474
N064_A_seed0,64,0,992,0.16526291519403458
N064_A_seed0,64,0,993,0.1839502826333046
N064_A_seed0,64,0,994,0.36905065178871155
N064_A_seed0,64,0,995,0.21202940493822098
N064_A_seed0,64,0,996,0.27450694888830185
N064_A_seed0,64,0,997,0.1623070240020752
N064_A_seed0,64,0,998,0.16051793098449707
N064_A_seed0,64,0,999,0.15825439989566803
N064_A_seed0,64,0,1000,0.17609763890504837
N064_A_seed1,64,1,1,1.0848124623298645
N064_A_seed1,64,1,2,1.3681446313858032
N064_A_seed1,64,1,3,1.1588698029518127
N064_A_seed1,64,1,4,1.3215029835700989
N064_A_seed1,64,1,5,1.1060178875923157
N064_A_seed1,64,1,6,1.3198668360710144
N064_A_seed1,64,1,7,1.0978216230869293
N064_A_seed1,64,1,8,1.2133600115776062
N064_A_seed1,64,1,9,1.086146593093872
N064_A_seed1,64,1,10,1.2661373615264893
N064_A_seed1,64,1,11,1.2078361511230469
N064_A_seed1,64,1,12,1.0840452909469604
N064_A_seed1,64,1,13,1.1840282082557678
N064_A_seed1,64,1,14,1.146830141544342
N064_A_seed1,64,1,15,1.2651513814926147
N064_A_seed1,64,1,16,1.186899185180664
N064_A_seed1,64,1,17,1.1417393684387207
N064_A_seed1,64,1,18,1.2257644534111023
N064_A_seed1,64,1,19,1.1233711242675781
N064_A_seed1,64,1,20,1.1690617203712463
N064_A_seed1,64,1,21,1.4134629964828491
N064_A_seed1,64,1,22,1.1843527555465698
N064_A_seed1,64,1,23,1.0467755496501923
N064_A_seed1,64,1,24,1.2890635132789612
N064_A_seed1,64,1,25,1.1266615986824036
N064_A_seed1,64,1,26,1.094914197921753
N064_A_seed1,64,1,27,1.1549862623214722
N064_A_seed1,64,1,28,0.9576266407966614
N064_A_seed1,64,1,29,1.281762719154358
N064_A_seed1,64,1,30,1.0690677762031555
N064_A_seed1,64,1,31,1.154451072216034
N064_A_seed1,64,1,32,1.1898354291915894
N064_A_seed1,64,1,33,1.2125030755996704
N064_A_seed1,64,1,34,1.0747780799865723
N064_A_seed1,64,1,35,1.3807896375656128
N064_A_seed1,64,1,36,1.0678447484970093
N064_A_seed1,64,1,37,1.0381201803684235
N064_A_seed1,64,1,38,1.2040536999702454
N064_A_seed1,64,1,39,1.1822952628135681
N064_A_seed1,64,1,40,0.9873875379562378
N064_A_seed1,64,1,41,1.1300005316734314
N064_A_seed1,64,1,42,1.1849347352981567
N064_A_seed1,64,1,43,1.0576698780059814
N064_A_seed1,64,1,44,1.3169973492622375
N064_A_seed1,64,1,45,1.194653570652008
N064_A_seed1,64,1,46,1.0121060907840729
N064_A_seed1,64,1,47,1.062842071056366
N064_A_seed1,64,1,48,1.0284656882286072
N064_A_seed1,64,1,49,1.1004866361618042
N064_A_seed1,64,1,50,1.2041332721710205
N064_A_seed1,64,1,51,1.1394879221916199
N064_A_seed1,64,1,52,1.0716971158981323
N064_A_seed1,64,1,53,1.158957600593567
N064_A_seed1,64,1,54,1.1222874522209167
N064_A_seed1,64,1,55,1.1006317138671875
N064_A_seed1,64,1,56,1.145487666130066
N064_A_seed1,64,1,57,1.081229329109192
N064_A_seed1,64,1,58,1.0519842505455017
N064_A_seed1,64,1,59,1.0856428146362305
N064_A_seed1,64,1,60,1.1066412925720215
N064_A_seed1,64,1,61,1.1138277649879456
N064_A_seed1,64,1,62,1.0045868456363678
N064_A_seed1,64,1,63,0.992151290178299
N064_A_seed1,64,1,64,1.1040331721305847
N064_A_seed1,64,1,65,1.0044623017311096
N064_A_seed1,64,1,66,1.2466034889221191
N064_A_seed1,64,1,67,1.147690773010254
N064_A_seed1,64,1,68,0.9986297488212585
N064_A_seed1,64,1,69,1.1902409791946411
N064_A_seed1,64,1,70,0.9828349947929382
N064_A_seed1,64,1,71,1.2097153067588806
N064_A_seed1,64,1,72,1.2954663038253784
N064_A_seed1,64,1,73,1.0822965502738953
N064_A_seed1,64,1,74,1.063144862651825
N064_A_seed1,64,1,75,1.3168126940727234
N064_A_seed1,64,1,76,0.8405990600585938
N064_A_seed1,64,1,77,0.9161362051963806
N064_A_seed1,64,1,78,1.0834660530090332
N064_A_seed1,64,1,79,1.0515865087509155
N064_A_seed1,64,1,80,1.1112145781517029
N064_A_seed1,64,1,81,0.9686791896820068
N064_A_seed1,64,1,82,0.9769683480262756
N064_A_seed1,64,1,83,1.0315796732902527
N064_A_seed1,64,1,84,1.0956905484199524
N064_A_seed1,64,1,85,1.1753110885620117
N064_A_seed1,64,1,86,1.0284836292266846
N064_A_seed1,64,1,87,0.9382761120796204
N064_A_seed1,64,1,88,1.0763197541236877
N064_A_seed1,64,1,89,0.9498828649520874
N064_A_seed1,64,1,90,1.0788618326187134
N064_A_seed1,64,1,91,1.1009582877159119
N064_A_seed1,64,1,92,0.9322021901607513
N064_A_seed1,64,1,93,0.9495295882225037
N064_A_seed1,64,1,94,0.848603218793869
N064_A_seed1,64,1,95,0.8064510524272919
N064_A_seed1,64,1,96,0.9259338080883026
N064_A_seed1,64,1,97,0.8946572244167328
N064_A_seed1,64,1,98,0.822853147983551
N064_A_seed1,64,1,99,0.8063496649265289
N064_A_seed1,64,1,100,1.0358302295207977
N064_A_seed1,64,1,101,0.9923592507839203
N064_A_seed1,64,1,102,0.7748093903064728
N064_A_seed1,64,1,103,0.8355734944343567
N064_A_seed1,64,1,104,0.8996934294700623
N064_A_seed1,64,1,105,0.801150918006897
N064_A_seed1,64,1,106,1.033700704574585
N064_A_seed1,64,1,107,0.9799349904060364
N064_A_seed1,64,1,108,0.8640483319759369
N064_A_seed1,64,1,109,0.8210819661617279
N064_A_seed1,64,1,110,0.8984315395355225
N064_A_seed1,64,1,111,0.7768046855926514
N064_A_seed1,64,1,112,0.7381929159164429
N064_A_seed1,64,1,113,0.6915383338928223
N064_A_seed1,64,1,114,0.9837955236434937
N064_A_seed1,64,1,115,0.8091160356998444
N064_A_seed1,64,1,116,0.7748963236808777
N064_A_seed1,64,1,117,0.8360199630260468
N064_A_seed1,64,1,118,0.7041571140289307
N064_A_seed1,64,1,119,0.780381590127945
N064_A_seed1,64,1,120,0.6491692066192627
N064_A_seed1,64,1,121,0.8382546007633209
N064_A_seed1,64,1,122,0.8769665658473969
N064_A_seed1,64,1,123,0.7906541228294373
N064_A_seed1,64,1,124,0.7238019704818726
N064_A_seed1,64,1,125,0.7664599418640137
N064_A_seed1,64,1,126,0.7377279996871948
N064_A_seed1,64,1,127,0.8826703131198883
N064_A_seed1,64,1,128,0.732900083065033
N064_A_seed1,64,1,129,0.6090457141399384
N064_A_seed1,64,1,130,0.656907320022583
N064_A_seed1,64,1,131,0.6949222385883331
N064_A_seed1,64,1,132,0.8148863315582275
N064_A_seed1,64,1,133,0.7396586537361145
N064_A_seed1,64,1,134,0.5885075926780701
N064_A_seed1,64,1,135,0.7992327213287354
N064_A_seed1,64,1,136,0.6124463826417923
N064_A_seed1,64,1,137,0.622526615858078
N064_A_seed1,64,1,138,0.8550387620925903
N064_A_seed1,64,1,139,0.6717450320720673
N064_A_seed1,64,1,140,0.43708981573581696
N064_A_seed1,64,1,141,0.7556952238082886
N064_A_seed1,64,1,142,0.6240085959434509
N064_A_seed1,64,1,143,0.5441695749759674
N064_A_seed1,64,1,144,0.6513693928718567
N064_A_seed1,64,1,145,0.5841825008392334
N064_A_seed1,64,1,146,0.6636418849229813
N064_A_seed1,64,1,147,0.42946746945381165
N064_A_seed1,64,1,148,0.5302524268627167
N064_A_seed1,64,1,149,0.5326506495475769
N064_A_seed1,64,1,150,0.6813133358955383
N064_A_seed1,64,1,151,0.5297684222459793
N064_A_seed1,64,1,152,0.5165602266788483
N064_A_seed1,64,1,153,0.5734500586986542
N064_A_seed1,64,1,154,0.7641952633857727
N064_A_seed1,64,1,155,0.6246563792228699
N064_A_seed1,64,1,156,0.49862411618232727
N064_A_seed1,64,1,157,0.6605698764324188
N064_A_seed1,64,1,158,0.6815716326236725
N064_A_seed1,64,1,159,0.4483134150505066
N064_A_seed1,64,1,160,0.5890218019485474
N064_A_seed1,64,1,161,0.47162869572639465
N064_A_seed1,64,1,162,0.6747918426990509
N064_A_seed1,64,1,163,0.6747949719429016
N064_A_seed1,64,1,164,0.5138560831546783
N064_A_seed1,64,1,165,0.6656245291233063
N064_A_seed1,64,1,166,0.3910399079322815
N064_A_seed1,64,1,167,0.5160456895828247
N064_A_seed1,64,1,168,0.4509222209453583
N064_A_seed1,64,1,169,0.5012155473232269
N064_A_seed1,64,1,170,0.587639182806015
N064_A_seed1,64,1,171,0.4324138015508652
N064_A_seed1,64,1,172,0.4748445600271225
N064_A_seed1,64,1,173,0.5848955065011978
N064_A_seed1,64,1,174,0.6560661792755127
N064_A_seed1,64,1,175,0.41576555371284485
N064_A_seed1,64,1,176,0.6932239830493927
N064_A_seed1,64,1,177,0.3912915587425232
N064_A_seed1,64,1,178,0.48969176411628723
N064_A_seed1,64,1,179,0.4443229138851166
N064_A_seed1,64,1,180,0.7744134664535522
N064_A_seed1,64,1,181,0.3477158546447754
N064_A_seed1,64,1,182,0.4121614843606949
N064_A_seed1,64,1,183,0.591370552778244
N064_A_seed1,64,1,184,0.7520104348659515
N064_A_seed1,64,1,185,0.49410291016101837
N064_A_seed1,64,1,186,0.5324821770191193
N064_A_seed1,64,1,187,0.4560404121875763
N064_A_seed1,64,1,188,0.6140972673892975
N064_A_seed1,64,1,189,0.5512494593858719
N064_A_seed1,64,1,190,0.459717333316803
N064_A_seed1,64,1,191,0.4793877601623535
N064_A_seed1,64,1,192,0.4579441100358963
N064_A_seed1,64,1,193,0.3290069252252579
N064_A_seed1,64,1,194,0.7010079622268677
N064_A_seed1,64,1,195,0.42084962129592896
N064_A_seed1,64,1,196,0.42423804104328156
N064_A_seed1,64,1,197,0.44222205877304077
N064_A_seed1,64,1,198,0.45061270147562027
N064_A_seed1,64,1,199,0.393192782998085
N064_A_seed1,64,1,200,0.5485203862190247
N064_A_seed1,64,1,201,0.38329482078552246
N064_A_seed1,64,1,202,0.23816733062267303
N064_A_seed1,64,1,203,0.45088666677474976
N064_A_seed1,64,1,204,0.5420095473527908
N064_A_seed1,64,1,205,0.32106107473373413
N064_A_seed1,64,1,206,0.3915156126022339
N064_A_seed1,64,1,207,0.3356286436319351
N064_A_seed1,64,1,208,0.27555355429649353
N064_A_seed1,64,1,209,0.502756655216217
N064_A_seed1,64,1,210,0.6245528757572174
N064_A_seed1,64,1,211,0.37799667567014694
N064_A_seed1,64,1,212,0.4826563000679016
N064_A_seed1,64,1,213,0.4696952998638153
N064_A_seed1,64,1,214,0.5172449946403503
N064_A_seed1,64,1,215,0.4974195957183838
N064_A_seed1,64,1,216,0.3127147853374481
N064_A_seed1,64,1,217,0.3206189423799515
N064_A_seed1,64,1,218,0.5192582234740257
N064_A_seed1,64,1,219,0.44863563776016235
N064_A_seed1,64,1,220,0.504604309797287
N064_A_seed1,64,1,221,0.29067854583263397
N064_A_seed1,64,1,222,0.4022963345050812
N064_A_seed1,64,1,223,0.2237042561173439
N064_A_seed1,64,1,224,0.2981594204902649
N064_A_seed1,64,1,225,0.28992901742458344
N064_A_seed1,64,1,226,0.28467366099357605
N064_A_seed1,64,1,227,0.3152683973312378
N064_A_seed1,64,1,228,0.3118741363286972
N064_A_seed1,64,1,229,0.39534449577331543
N064_A_seed1,64,1,230,0.359610915184021
N064_A_seed1,64,1,231,0.48414431512355804
N064_A_seed1,64,1,232,0.43670813739299774
N064_A_seed1,64,1,233,0.3169809430837631
N064_A_seed1,64,1,234,0.2707511931657791
N064_A_seed1,64,1,235,0.5283918976783752
N064_A_seed1,64,1,236,0.37984423339366913
N064_A_seed1,64,1,237,0.35080674290657043
N064_A_seed1,64,1,238,0.405225932598114
N064_A_seed1,64,1,239,0.3184725046157837
N064_A_seed1,64,1,240,0.29034067690372467
N064_A_seed1,64,1,241,0.43374860286712646
N064_A_seed1,64,1,242,0.4639497250318527
N064_A_seed1,64,1,243,0.38328084349632263
N064_A_seed1,64,1,244,0.3850691020488739
N064_A_seed1,64,1,245,0.36629101634025574
N064_A_seed1,64,1,246,0.35730569064617157
N064_A_seed1,64,1,247,0.554386705160141
N064_A_seed1,64,1,248,0.31648918986320496
N064_A_seed1,64,1,249,0.3749619126319885
N064_A_seed1,64,1,250,0.2570198327302933
N064_A_seed1,64,1,251,0.4019806236028671
N064_A_seed1,64,1,252,0.2805124521255493
N064_A_seed1,64,1,253,0.37987545132637024
N064_A_seed1,64,1,254,0.40605949610471725
N064_A_seed1,64,1,255,0.29497212171554565
N064_A_seed1,64,1,256,0.3571252375841141
N064_A_seed1,64,1,257,0.7159890234470367
N064_A_seed1,64,1,258,0.29572640359401703
N064_A_seed1,64,1,259,0.36487486958503723
N064_A_seed1,64,1,260,0.3613748699426651
N064_A_seed1,64,1,261,0.5145736485719681
N064_A_seed1,64,1,262,0.3486889600753784
N064_A_seed1,64,1,263,0.3397868275642395
N064_A_seed1,64,1,264,0.2590392082929611
N064_A_seed1,64,1,265,0.2384498119354248
N064_A_seed1,64,1,266,0.29831352084875107
N064_A_seed1,64,1,267,0.33114829659461975
N064_A_seed1,64,1,268,0.6711834073066711
N064_A_seed1,64,1,269,0.21198586374521255
N064_A_seed1,64,1,270,0.30746568739414215
N064_A_seed1,64,1,271,0.37475962936878204
N064_A_seed1,64,1,272,0.6160138547420502
N064_A_seed1,64,1,273,0.28970205783843994
N064_A_seed1,64,1,274,0.39278897643089294
N064_A_seed1,64,1,275,0.22924047708511353
N064_A_seed1,64,1,276,0.3800787925720215
N064_A_seed1,64,1,277,0.3560880869626999
N064_A_seed1,64,1,278,0.30471062660217285
N064_A_seed1,64,1,279,0.4131314605474472
N064_A_seed1,64,1,280,0.285477876663208
N064_A_seed1,64,1,281,0.6059969663619995
N064_A_seed1,64,1,282,0.26281920075416565
N064_A_seed1,64,1,283,0.24640008807182312
N064_A_seed1,64,1,284,0.26089364290237427
N064_A_seed1,64,1,285,0.422999307513237
N064_A_seed1,64,1,286,0.21277087181806564
N064_A_seed1,64,1,287,0.18370870500802994
N064_A_seed1,64,1,288,0.18452570587396622
N064_A_seed1,64,1,289,0.40275222063064575
N064_A_seed1,64,1,290,0.407235324382782
N064_A_seed1,64,1,291,0.26417848467826843
N064_A_seed1,64,1,292,0.286071352660656
N064_A_seed1,64,1,293,0.3754701018333435
N064_A_seed1,64,1,294,0.48674461245536804
N064_A_seed1,64,1,295,0.24565686285495758
N064_A_seed1,64,1,296,0.2588515430688858
N064_A_seed1,64,1,297,0.41268472373485565
N064_A_seed1,64,1,298,0.5374716222286224
N064_A_seed1,64,1,299,0.4148417115211487
N064_A_seed1,64,1,300,0.38470669090747833
N064_A_seed1,64,1,301,0.35421495884656906
N064_A_seed1,64,1,302,0.192974254488945
N064_A_seed1,64,1,303,0.35138797760009766
N064_A_seed1,64,1,304,0.25483277440071106
N064_A_seed1,64,1,305,0.2455548271536827
N064_A_seed1,64,1,306,0.32255135476589203
N064_A_seed1,64,1,307,0.47403407096862793
N064_A_seed1,64,1,308,0.25829017162323
N064_A_seed1,64,1,309,0.3149076998233795
N064_A_seed1,64,1,310,0.36650917679071426
N064_A_seed1,64,1,311,0.4127039462327957
N064_A_seed1,64,1,312,0.31880810856819153
N064_A_seed1,64,1,313,0.2847426235675812
N064_A_seed1,64,1,314,0.2498060017824173
N064_A_seed1,64,1,315,0.39214666187763214
N064_A_seed1,64,1,316,0.18717925250530243
N064_A_seed1,64,1,317,0.24394884705543518
N064_A_seed1,64,1,318,0.35085728764533997
N064_A_seed1,64,1,319,0.1998605877161026
N064_A_seed1,64,1,320,0.23199978470802307
N064_A_seed1,64,1,321,0.41860128939151764
N064_A_seed1,64,1,322,0.4199410676956177
N064_A_seed1,64,1,323,0.18146971613168716
N064_A_seed1,64,1,324,0.3634946048259735
N064_A_seed1,64,1,325,0.2256127968430519
N064_A_seed1,64,1,326,0.37915098667144775
N064_A_seed1,64,1,327,0.11628131568431854
N064_A_seed1,64,1,328,0.3271331936120987
N064_A_seed1,64,1,329,0.296306811273098
N064_A_seed1,64,1,330,0.16017404943704605
N064_A_seed1,64,1,331,0.2556583136320114
N064_A_seed1,64,1,332,0.6302094757556915
N064_A_seed1,64,1,333,0.3676283285021782
N064_A_seed1,64,1,334,0.28604109585285187
N064_A_seed1,64,1,335,0.34616076946258545
N064_A_seed1,64,1,336,0.4128807485103607
N064_A_seed1,64,1,337,0.2187175378203392
N064_A_seed1,64,1,338,0.18612521141767502
N064_A_seed1,64,1,339,0.21045587211847305
N064_A_seed1,64,1,340,0.24753788113594055
N064_A_seed1,64,1,341,0.2625923901796341
N064_A_seed1,64,1,342,0.4011828750371933
N064_A_seed1,64,1,343,0.3267998546361923
N064_A_seed1,64,1,344,0.19465868175029755
N064_A_seed1,64,1,345,0.23340895026922226
N064_A_seed1,64,1,346,0.26438260823488235
N064_A_seed1,64,1,347,0.5252336859703064
N064_A_seed1,64,1,348,0.32573065161705017
N064_A_seed1,64,1,349,0.42365387082099915
N064_A_seed1,64,1,350,0.3560989052057266
N064_A_seed1,64,1,351,0.3903915733098984
N064_A_seed1,64,1,352,0.23623661696910858
N064_A_seed1,64,1,353,0.2865927144885063
N064_A_seed1,64,1,354,0.45365235209465027
N064_A_seed1,64,1,355,0.23844973742961884
N064_A_seed1,64,1,356,0.2585790678858757
N064_A_seed1,64,1,357,0.3439577966928482
N064_A_seed1,64,1,358,0.2619752511382103
N064_A_seed1,64,1,359,0.40612395852804184
N064_A_seed1,64,1,360,0.21654731780290604
N064_A_seed1,64,1,361,0.38433487713336945
N064_A_seed1,64,1,362,0.3527965545654297
N064_A_seed1,64,1,363,0.2238105684518814
N064_A_seed1,64,1,364,0.24755319952964783
N064_A_seed1,64,1,365,0.27132467925548553
N064_A_seed1,64,1,366,0.5270773470401764
N064_A_seed1,64,1,367,0.17728809267282486
N064_A_seed1,64,1,368,0.6227135062217712
N064_A_seed1,64,1,369,0.24381862580776215
N064_A_seed1,64,1,370,0.30242379009723663
N064_A_seed1,64,1,371,0.26785507798194885
N064_A_seed1,64,1,372,0.31446871906518936
N064_A_seed1,64,1,373,0.13793672621250153
N064_A_seed1,64,1,374,0.21472663432359695
N064_A_seed1,64,1,375,0.26914266496896744
N064_A_seed1,64,1,376,0.22121647745370865
N064_A_seed1,64,1,377,0.19162095338106155
N064_A_seed1,64,1,378,0.32029901444911957
N064_A_seed1,64,1,379,0.20567014813423157
N064_A_seed1,64,1,380,0.29042547941207886
N064_A_seed1,64,1,381,0.29232121631503105
N064_A_seed1,64,1,382,0.16374901682138443
N064_A_seed1,64,1,383,0.6355823576450348
N064_A_seed1,64,1,384,0.2878871262073517
N064_A_seed1,64,1,385,0.15777358412742615
N064_A_seed1,64,1,386,0.24516334384679794
N064_A_seed1,64,1,387,0.16591323912143707
N064_A_seed1,64,1,388,0.21931898593902588
N064_A_seed1,64,1,389,0.27750204503536224
N064_A_seed1,64,1,390,0.24634235352277756
N064_A_seed1,64,1,391,0.27294574677944183
N064_A_seed1,64,1,392,0.31374824047088623
N064_A_seed1,64,1,393,0.20690049976110458
N064_A_seed1,64,1,394,0.2131567746400833
N064_A_seed1,64,1,395,0.3210747092962265
N064_A_seed1,64,1,396,0.2376464456319809
N064_A_seed1,64,1,397,0.2634657770395279
N064_A_seed1,64,1,398,0.15313909202814102
N064_A_seed1,64,1,399,0.3405444175004959
N064_A_seed1,64,1,400,0.48941029608249664
N064_A_seed1,64,1,401,0.10788627713918686
N064_A_seed1,64,1,402,0.18642322719097137
N064_A_seed1,64,1,403,0.3195165991783142
N064_A_seed1,64,1,404,0.25579021871089935
N064_A_seed1,64,1,405,0.27629613876342773
N064_A_seed1,64,1,406,0.2572009861469269
N064_A_seed1,64,1,407,0.18721983581781387
N064_A_seed1,64,1,408,0.3547028452157974
N064_A_seed1,64,1,409,0.2967139333486557
N064_A_seed1,64,1,410,0.4284658506512642
N064_A_seed1,64,1,411,0.21721037477254868
N064_A_seed1,64,1,412,0.39150480180978775
N064_A_seed1,64,1,413,0.21137093752622604
N064_A_seed1,64,1,414,0.4300096184015274
N064_A_seed1,64,1,415,0.19960129261016846
N064_A_seed1,64,1,416,0.35830334201455116
N064_A_seed1,64,1,417,0.23913434147834778
N064_A_seed1,64,1,418,0.15467463433742523
N064_A_seed1,64,1,419,0.20627255737781525
N064_A_seed1,64,1,420,0.234393909573555
N064_A_seed1,64,1,421,0.18892235308885574
N064_A_seed1,64,1,422,0.2755523547530174
N064_A_seed1,64,1,423,0.18023549020290375
N064_A_seed1,64,1,424,0.3463825285434723
N064_A_seed1,64,1,425,0.2690577507019043
N064_A_seed1,64,1,426,0.2518126666545868
N064_A_seed1,64,1,427,0.2724124938249588
N064_A_seed1,64,1,428,0.20655371993780136
N064_A_seed1,64,1,429,0.2178259864449501
N064_A_seed1,64,1,430,0.27094802260398865
N064_A_seed1,64,1,431,0.27901700139045715
N064_A_seed1,64,1,432,0.31979188323020935
N064_A_seed1,64,1,433,0.4614427983760834
N064_A_seed1,64,1,434,0.3733156695961952
N064_A_seed1,64,1,435,0.31904008984565735
N064_A_seed1,64,1,436,0.20731113106012344
N064_A_seed1,64,1,437,0.24648596346378326
N064_A_seed1,64,1,438,0.18660341203212738
N064_A_seed1,64,1,439,0.25054551661014557
N064_A_seed1,64,1,440,0.17527519166469574
N064_A_seed1,64,1,441,0.2245463877916336
N064_A_seed1,64,1,442,0.3796080946922302
N064_A_seed1,64,1,443,0.25929906964302063
N064_A_seed1,64,1,444,0.2501353770494461
N064_A_seed1,64,1,445,0.22281628847122192
N064_A_seed1,64,1,446,0.3126675933599472
N064_A_seed1,64,1,447,0.323697105050087
N064_A_seed1,64,1,448,0.30616119503974915
N064_A_seed1,64,1,449,0.2998410686850548
N064_A_seed1,64,1,450,0.2143654301762581
N064_A_seed1,64,1,451,0.3170372247695923
N064_A_seed1,64,1,452,0.3781561627984047
N064_A_seed1,64,1,453,0.41732242703437805
N064_A_seed1,64,1,454,0.340467669069767
N064_A_seed1,64,1,455,0.21563361585140228
N064_A_seed1,64,1,456,0.30333732068538666
N064_A_seed1,64,1,457,0.12541290372610092
N064_A_seed1,64,1,458,0.29630015790462494
N064_A_seed1,64,1,459,0.37206199765205383
N064_A_seed1,64,1,460,0.20009637624025345
N064_A_seed1,64,1,461,0.20359854400157928
N064_A_seed1,64,1,462,0.17602458596229553
N064_A_seed1,64,1,463,0.4099245220422745
N064_A_seed1,64,1,464,0.23320014774799347
N064_A_seed1,64,1,465,0.20367911458015442
N064_A_seed1,64,1,466,0.2088906094431877
N064_A_seed1,64,1,467,0.21268917620182037
N064_A_seed1,64,1,468,0.2330264449119568
N064_A_seed1,64,1,469,0.20863452553749084
N064_A_seed1,64,1,470,0.3413131535053253
N064_A_seed1,64,1,471,0.247407965362072
N064_A_seed1,64,1,472,0.32645726948976517
N064_A_seed1,64,1,473,0.34780120849609375
N064_A_seed1,64,1,474,0.2230375111103058
N064_A_seed1,64,1,475,0.19551493972539902
N064_A_seed1,64,1,476,0.20615637302398682
N064_A_seed1,64,1,477,0.4229074716567993
N064_A_seed1,64,1,478,0.2307894080877304
N064_A_seed1,64,1,479,0.1938203200697899
N064_A_seed1,64,1,480,0.15969670563936234
N064_A_seed1,64,1,481,0.2632221132516861
N064_A_seed1,64,1,482,0.3215844854712486
N064_A_seed1,64,1,483,0.2946091666817665
N064_A_seed1,64,1,484,0.3564300686120987
N064_A_seed1,64,1,485,0.2778335437178612
N064_A_seed1,64,1,486,0.47294968366622925
N064_A_seed1,64,1,487,0.24580424278974533
N064_A_seed1,64,1,488,0.23678652942180634
N064_A_seed1,64,1,489,0.5000619441270828
N064_A_seed1,64,1,490,0.21424363553524017
N064_A_seed1,64,1,491,0.34538033604621887
N064_A_seed1,64,1,492,0.2963961213827133
N064_A_seed1,64,1,493,0.20638060569763184
N064_A_seed1,64,1,494,0.190765842795372
N064_A_seed1,64,1,495,0.4335014969110489
N064_A_seed1,64,1,496,0.23965851217508316
N064_A_seed1,64,1,497,0.23185983300209045
N064_A_seed1,64,1,498,0.425495907664299
N064_A_seed1,64,1,499,0.303234338760376
N064_A_seed1,64,1,500,0.21981892734766006
N064_A_seed1,64,1,501,0.17890195548534393
N064_A_seed1,64,1,502,0.2307656928896904
N064_A_seed1,64,1,503,0.29654957354068756
N064_A_seed1,64,1,504,0.39213883876800537
N064_A_seed1,64,1,505,0.22766652703285217
N064_A_seed1,64,1,506,0.22415056824684143
N064_A_seed1,64,1,507,0.20389290153980255
N064_A_seed1,64,1,508,0.20966428518295288
N064_A_seed1,64,1,509,0.16884920746088028
N064_A_seed1,64,1,510,0.22273053973913193
N064_A_seed1,64,1,511,0.1310412734746933
N064_A_seed1,64,1,512,0.2951294034719467
N064_A_seed1,64,1,513,0.167478546500206
N064_A_seed1,64,1,514,0.1244257241487503
N064_A_seed1,64,1,515,0.26113490760326385
N064_A_seed1,64,1,516,0.4295468255877495
N064_A_seed1,64,1,517,0.22612912952899933
N064_A_seed1,64,1,518,0.1712111160159111
N064_A_seed1,64,1,519,0.4152253568172455
N064_A_seed1,64,1,520,0.36080899834632874
N064_A_seed1,64,1,521,0.3234711289405823
N064_A_seed1,64,1,522,0.19600294530391693
N064_A_seed1,64,1,523,0.23712876439094543
N064_A_seed1,64,1,524,0.22210659831762314
N064_A_seed1,64,1,525,0.1832064464688301
N064_A_seed1,64,1,526,0.2196347713470459
N064_A_seed1,64,1,527,0.13741249591112137
N064_A_seed1,64,1,528,0.30519814789295197
N064_A_seed1,64,1,529,0.23130928725004196
N064_A_seed1,64,1,530,0.24724532663822174
N064_A_seed1,64,1,531,0.2526657283306122
N064_A_seed1,64,1,532,0.16642838716506958
N064_A_seed1,64,1,533,0.19878654927015305
N064_A_seed1,64,1,534,0.28636327385902405
N064_A_seed1,64,1,535,0.3265225887298584
N064_A_seed1,64,1,536,0.2873806953430176
N064_A_seed1,64,1,537,0.21290358901023865
N064_A_seed1,64,1,538,0.2346111536026001
N064_A_seed1,64,1,539,0.17516566067934036
N064_A_seed1,64,1,540,0.37845806777477264
N064_A_seed1,64,1,541,0.3032614439725876
N064_A_seed1,64,1,542,0.14637219905853271
N064_A_seed1,64,1,543,0.18147745728492737
N064_A_seed1,64,1,544,0.38043826818466187
N064_A_seed1,64,1,545,0.19402458518743515
N064_A_seed1,64,1,546,0.22570514678955078
N064_A_seed1,64,1,547,0.23386035859584808
N064_A_seed1,64,1,548,0.41195958107709885
N064_A_seed1,64,1,549,0.1398581676185131
N064_A_seed1,64,1,550,0.1758253127336502
N064_A_seed1,64,1,551,0.17962343245744705
N064_A_seed1,64,1,552,0.3292964696884155
N064_A_seed1,64,1,553,0.23269735276699066
N064_A_seed1,64,1,554,0.14844082295894623
N064_A_seed1,64,1,555,0.2180551141500473
N064_A_seed1,64,1,556,0.3033745065331459
N064_A_seed1,64,1,557,0.1750570461153984
N064_A_seed1,64,1,558,0.28039151430130005
N064_A_seed1,64,1,559,0.25563402473926544
N064_A_seed1,64,1,560,0.24583448469638824
N064_A_seed1,64,1,561,0.22042492032051086
N064_A_seed1,64,1,562,0.330954372882843
N064_A_seed1,64,1,563,0.41439975798130035
N064_A_seed1,64,1,564,0.19260306656360626
N064_A_seed1,64,1,565,0.15330266952514648
N064_A_seed1,64,1,566,0.19941744953393936
N064_A_seed1,64,1,567,0.11169951036572456
N064_A_seed1,64,1,568,0.2492695301771164
N064_A_seed1,64,1,569,0.30851608514785767
N064_A_seed1,64,1,570,0.18386855721473694
N064_A_seed1,64,1,571,0.1801990270614624
N064_A_seed1,64,1,572,0.17493993788957596
N064_A_seed1,64,1,573,0.20863965153694153
N064_A_seed1,64,1,574,0.24702773988246918
N064_A_seed1,64,1,575,0.09873364493250847
N064_A_seed1,64,1,576,0.21320050209760666
N064_A_seed1,64,1,577,0.19810489565134048
N064_A_seed1,64,1,578,0.2977052628993988
N064_A_seed1,64,1,579,0.31605052202939987
N064_A_seed1,64,1,580,0.3243638426065445
N064_A_seed1,64,1,581,0.4637513756752014
N064_A_seed1,64,1,582,0.22345386445522308
N064_A_seed1,64,1,583,0.1723780296742916
N064_A_seed1,64,1,584,0.27104079723358154
N064_A_seed1,64,1,585,0.20708627253770828
N064_A_seed1,64,1,586,0.28387415409088135
N064_A_seed1,64,1,587,0.1740092933177948
N064_A_seed1,64,1,588,0.24196568131446838
N064_A_seed1,64,1,589,0.17550165206193924
N064_A_seed1,64,1,590,0.4579470753669739
N064_A_seed1,64,1,591,0.28330573439598083
N064_A_seed1,64,1,592,0.2616107612848282
N064_A_seed1,64,1,593,0.2462640106678009
N064_A_seed1,64,1,594,0.19456763565540314
N064_A_seed1,64,1,595,0.17924045026302338
N064_A_seed1,64,1,596,0.2418680228292942
N064_A_seed1,64,1,597,0.2285958230495453
N064_A_seed1,64,1,598,0.27187924087047577
N064_A_seed1,64,1,599,0.2698002904653549
N064_A_seed1,64,1,600,0.38167835772037506
N064_A_seed1,64,1,601,0.29148338735103607
N064_A_seed1,64,1,602,0.14149361103773117
N064_A_seed1,64,1,603,0.1865014135837555
N064_A_seed1,64,1,604,0.22038626670837402
N064_A_seed1,64,1,605,0.1757819503545761
N064_A_seed1,64,1,606,0.19046083092689514
N064_A_seed1,64,1,607,0.18029357492923737
N064_A_seed1,64,1,608,0.4027513861656189
N064_A_seed1,64,1,609,0.17500964552164078
N064_A_seed1,64,1,610,0.27832725644111633
N064_A_seed1,64,1,611,0.15835513919591904
N064_A_seed1,64,1,612,0.2053227424621582
N064_A_seed1,64,1,613,0.31388121098279953
N064_A_seed1,64,1,614,0.3954755812883377
N064_A_seed1,64,1,615,0.24891851842403412
N064_A_seed1,64,1,616,0.2180129736661911
N064_A_seed1,64,1,617,0.16770566254854202
N064_A_seed1,64,1,618,0.28945866227149963
N064_A_seed1,64,1,619,0.24877957999706268
N064_A_seed1,64,1,620,0.2528129667043686
N064_A_seed1,64,1,621,0.21911968290805817
N064_A_seed1,64,1,622,0.1508883312344551
N064_A_seed1,64,1,623,0.23122762143611908
N064_A_seed1,64,1,624,0.09570560976862907
N064_A_seed1,64,1,625,0.3019687235355377
N064_A_seed1,64,1,626,0.23160798102617264
N064_A_seed1,64,1,627,0.1709795892238617
N064_A_seed1,64,1,628,0.19752957671880722
N064_A_seed1,64,1,629,0.16560904681682587
N064_A_seed1,64,1,630,0.2900865972042084
N064_A_seed1,64,1,631,0.49823710322380066
N064_A_seed1,64,1,632,0.16310331225395203
N064_A_seed1,64,1,633,0.17689994722604752
N064_A_seed1,64,1,634,0.5351134836673737
N064_A_seed1,64,1,635,0.21495304256677628
N064_A_seed1,64,1,636,0.24019703269004822
N064_A_seed1,64,1,637,0.19900082051753998
N064_A_seed1,64,1,638,0.13116730004549026
N064_A_seed1,64,1,639,0.1836303174495697
N064_A_seed1,64,1,640,0.40731191635131836
N064_A_seed1,64,1,641,0.14240147173404694
N064_A_seed1,64,1,642,0.22216087579727173
N064_A_seed1,64,1,643,0.21252696216106415
N064_A_seed1,64,1,644,0.1958903670310974
N064_A_seed1,64,1,645,0.31036238372325897
N064_A_seed1,64,1,646,0.18307197093963623
N064_A_seed1,64,1,647,0.15179984271526337
N064_A_seed1,64,1,648,0.16924146562814713
N064_A_seed1,64,1,649,0.1522240936756134
N064_A_seed1,64,1,650,0.275422066450119
N064_A_seed1,64,1,651,0.21243373304605484
N064_A_seed1,64,1,652,0.33482806384563446
N064_A_seed1,64,1,653,0.18335778266191483
N064_A_seed1,64,1,654,0.4158756658434868
N064_A_seed1,64,1,655,0.244212556630373
N064_A_seed1,64,1,656,0.17827662825584412
N064_A_seed1,64,1,657,0.17246339470148087
N064_A_seed1,64,1,658,0.25109197944402695
N064_A_seed1,64,1,659,0.27471575140953064
N064_A_seed1,64,1,660,0.09827050194144249
N064_A_seed1,64,1,661,0.21920696645975113
N064_A_seed1,64,1,662,0.19955119490623474
N064_A_seed1,64,1,663,0.1814696565270424
N064_A_seed1,64,1,664,0.16276299208402634
N064_A_seed1,64,1,665,0.22909409180283546
N064_A_seed1,64,1,666,0.1717153675854206
N064_A_seed1,64,1,667,0.2187826856970787
N064_A_seed1,64,1,668,0.19399584084749222
N064_A_seed1,64,1,669,0.2408348023891449
N064_A_seed1,64,1,670,0.3117331489920616
N064_A_seed1,64,1,671,0.23052723705768585
N064_A_seed1,64,1,672,0.15977466106414795
N064_A_seed1,64,1,673,0.259262278676033
N064_A_seed1,64,1,674,0.19490590691566467
N064_A_seed1,64,1,675,0.13648097217082977
N064_A_seed1,64,1,676,0.15380632877349854
N064_A_seed1,64,1,677,0.1491006314754486
N064_A_seed1,64,1,678,0.2525961250066757
N064_A_seed1,64,1,679,0.29679156839847565
N064_A_seed1,64,1,680,0.13142387941479683
N064_A_seed1,64,1,681,0.15279947966337204
N064_A_seed1,64,1,682,0.13999459147453308
N064_A_seed1,64,1,683,0.19844640791416168
N064_A_seed1,64,1,684,0.17550739645957947
N064_A_seed1,64,1,685,0.18699854612350464
N064_A_seed1,64,1,686,0.17605579644441605
N064_A_seed1,64,1,687,0.1593167558312416
N064_A_seed1,64,1,688,0.20353322476148605
N064_A_seed1,64,1,689,0.5723623633384705
N064_A_seed1,64,1,690,0.3794756829738617
N064_A_seed1,64,1,691,0.37521734088659286
N064_A_seed1,64,1,692,0.22662530839443207
N064_A_seed1,64,1,693,0.24165330827236176
N064_A_seed1,64,1,694,0.16897892951965332
N064_A_seed1,64,1,695,0.228900708258152
N064_A_seed1,64,1,696,0.2852684035897255
N064_A_seed1,64,1,697,0.254392609000206
N064_A_seed1,64,1,698,0.3347768224775791
N064_A_seed1,64,1,699,0.13947487622499466
N064_A_seed1,64,1,700,0.1628955453634262
N064_A_seed1,64,1,701,0.15350376814603806
N064_A_seed1,64,1,702,0.13782653212547302
N064_A_seed1,64,1,703,0.17954500019550323
N064_A_seed1,64,1,704,0.27700185030698776
N064_A_seed1,64,1,705,0.2804918736219406
N064_A_seed1,64,1,706,0.22896616905927658
N064_A_seed1,64,1,707,0.16812735795974731
N064_A_seed1,64,1,708,0.20196331292390823
N064_A_seed1,64,1,709,0.37159495055675507
N064_A_seed1,64,1,710,0.20306257158517838
N064_A_seed1,64,1,711,0.18470679223537445
N064_A_seed1,64,1,712,0.12964355200529099
N064_A_seed1,64,1,713,0.16802651435136795
N064_A_seed1,64,1,714,0.15488769114017487
N064_A_seed1,64,1,715,0.26204460859298706
N064_A_seed1,64,1,716,0.40210122615098953
N064_A_seed1,64,1,717,0.1178566999733448
N064_A_seed1,64,1,718,0.2442176789045334
N064_A_seed1,64,1,719,0.14432911574840546
N064_A_seed1,64,1,720,0.17906741052865982
N064_A_seed1,64,1,721,0.2581650838255882
N064_A_seed1,64,1,722,0.3091665059328079
N064_A_seed1,64,1,723,0.20650851726531982
N064_A_seed1,64,1,724,0.17851421982049942
N064_A_seed1,64,1,725,0.1600300297141075
N064_A_seed1,64,1,726,0.3773110508918762
N064_A_seed1,64,1,727,0.3023605942726135
N064_A_seed1,64,1,728,0.2418079972267151
N064_A_seed1,64,1,729,0.20780576765537262
N064_A_seed1,64,1,730,0.1536610722541809
N064_A_seed1,64,1,731,0.1749550700187683
N064_A_seed1,64,1,732,0.18571315705776215
N064_A_seed1,64,1,733,0.14635346829891205
N064_A_seed1,64,1,734,0.29271892458200455
N064_A_seed1,64,1,735,0.22866430133581161
N064_A_seed1,64,1,736,0.19934967905282974
N064_A_seed1,64,1,737,0.17793461680412292
N064_A_seed1,64,1,738,0.18486794084310532
N064_A_seed1,64,1,739,0.20664146542549133
N064_A_seed1,64,1,740,0.16637573391199112
N064_A_seed1,64,1,741,0.15845101326704025
N064_A_seed1,64,1,742,0.18942797183990479
N064_A_seed1,64,1,743,0.15774784982204437
N064_A_seed1,64,1,744,0.11784975975751877
N064_A_seed1,64,1,745,0.20736202597618103
N064_A_seed1,64,1,746,0.41165778040885925
N064_A_seed1,64,1,747,0.25997890532016754
N064_A_seed1,64,1,748,0.198435477912426
N064_A_seed1,64,1,749,0.2603336572647095
N064_A_seed1,64,1,750,0.28137919306755066
N064_A_seed1,64,1,751,0.2427622377872467
N064_A_seed1,64,1,752,0.4397898316383362
N064_A_seed1,64,1,753,0.19884438812732697
N064_A_seed1,64,1,754,0.28541068732738495
N064_A_seed1,64,1,755,0.19193077832460403
N064_A_seed1,64,1,756,0.21673382073640823
N064_A_seed1,64,1,757,0.18391989916563034
N064_A_seed1,64,1,758,0.13003068044781685
N064_A_seed1,64,1,759,0.12309853732585907
N064_A_seed1,64,1,760,0.21095415204763412
N064_A_seed1,64,1,761,0.13951914012432098
N064_A_seed1,64,1,762,0.24216332286596298
N064_A_seed1,64,1,763,0.18412642180919647
N064_A_seed1,64,1,764,0.3458172678947449
N064_A_seed1,64,1,765,0.2654057703912258
N064_A_seed1,64,1,766,0.21287016570568085
N064_A_seed1,64,1,767,0.1647791936993599
N064_A_seed1,64,1,768,0.15612295269966125
N064_A_seed1,64,1,769,0.16902197897434235
N064_A_seed1,64,1,770,0.18548284471035004
N064_A_seed1,64,1,771,0.12368955835700035
N064_A_seed1,64,1,772,0.15554652363061905
N064_A_seed1,64,1,773,0.22888413816690445
N064_A_seed1,64,1,774,0.227523073554039
N064_A_seed1,64,1,775,0.38634005188941956
N064_A_seed1,64,1,776,0.21394671499729156
N064_A_seed1,64,1,777,0.24763597548007965
N064_A_seed1,64,1,778,0.14035942405462265
N064_A_seed1,64,1,779,0.16681022942066193
N064_A_seed1,64,1,780,0.22637943923473358
N064_A_seed1,64,1,781,0.14212604239583015
N064_A_seed1,64,1,782,0.21845459938049316
N064_A_seed1,64,1,783,0.17353051900863647
N064_A_seed1,64,1,784,0.2041376680135727
N064_A_seed1,64,1,785,0.3344825692474842
N064_A_seed1,64,1,786,0.20781246572732925
N064_A_seed1,64,1,787,0.219446562230587
N064_A_seed1,64,1,788,0.11672540381550789
N064_A_seed1,64,1,789,0.4749336242675781
N064_A_seed1,64,1,790,0.12354394048452377
N064_A_seed1,64,1,791,0.2286948636174202
N064_A_seed1,64,1,792,0.16456354409456253
N064_A_seed1,64,1,793,0.16791550815105438
N064_A_seed1,64,1,794,0.13942287489771843
N064_A_seed1,64,1,795,0.17563825845718384
N064_A_seed1,64,1,796,0.21789926290512085
N064_A_seed1,64,1,797,0.2450939193367958
N064_A_seed1,64,1,798,0.12425083667039871
N064_A_seed1,64,1,799,0.2894917130470276
N064_A_seed1,64,1,800,0.06518614664673805
N064_A_seed1,64,1,801,0.17200254648923874
N064_A_seed1,64,1,802,0.1758446767926216
N064_A_seed1,64,1,803,0.21982432901859283
N064_A_seed1,64,1,804,0.20369663834571838
N064_A_seed1,64,1,805,0.1697555147111416
N064_A_seed1,64,1,806,0.2169603854417801
N064_A_seed1,64,1,807,0.0954703539609909
N064_A_seed1,64,1,808,0.1609121412038803
N064_A_seed1,64,1,809,0.4399659335613251
N064_A_seed1,64,1,810,0.2616519331932068
N064_A_seed1,64,1,811,0.2444022223353386
N064_A_seed1,64,1,812,0.1906248778104782
N064_A_seed1,64,1,813,0.18335092067718506
N064_A_seed1,64,1,814,0.17718669772148132
N064_A_seed1,64,1,815,0.11008044332265854
N064_A_seed1,64,1,816,0.17955785244703293
N064_A_seed1,64,1,817,0.21153707057237625
N064_A_seed1,64,1,818,0.09942884370684624
N064_A_seed1,64,1,819,0.1505126878619194
N064_A_seed1,64,1,820,0.17143847048282623
N064_A_seed1,64,1,821,0.10206032171845436
N064_A_seed1,64,1,822,0.1672006919980049
N064_A_seed1,64,1,823,0.1981562077999115
N064_A_seed1,64,1,824,0.15242325514554977
N064_A_seed1,64,1,825,0.2165580652654171
N064_A_seed1,64,1,826,0.2496250420808792
N064_A_seed1,64,1,827,0.13431670889258385
N064_A_seed1,64,1,828,0.22317640483379364
N064_A_seed1,64,1,829,0.20772188156843185
N064_A_seed1,64,1,830,0.1674627736210823
N064_A_seed1,64,1,831,0.15449469536542892
N064_A_seed1,64,1,832,0.14621497690677643
N064_A_seed1,64,1,833,0.22120019793510437
N064_A_seed1,64,1,834,0.19369635730981827
N064_A_seed1,64,1,835,0.22676274925470352
N064_A_seed1,64,1,836,0.17721858620643616
N064_A_seed1,64,1,837,0.15714821964502335
N064_A_seed1,64,1,838,0.17700666189193726
N064_A_seed1,64,1,839,0.18135184049606323
N064_A_seed1,64,1,840,0.3165598213672638
N064_A_seed1,64,1,841,0.23429463058710098
N064_A_seed1,64,1,842,0.18547682464122772
N064_A_seed1,64,1,843,0.17319521307945251
N064_A_seed1,64,1,844,0.18475236743688583
N064_A_seed1,64,1,845,0.28406400978565216
N064_A_seed1,64,1,846,0.15352576225996017
N064_A_seed1,64,1,847,0.2013588771224022
N064_A_seed1,64,1,848,0.3833268731832504
N064_A_seed1,64,1,849,0.11899802833795547
N064_A_seed1,64,1,850,0.15335624292492867
N064_A_seed1,64,1,851,0.26901207864284515
N064_A_seed1,64,1,852,0.09408878535032272
N064_A_seed1,64,1,853,0.1959136612713337
N064_A_seed1,64,1,854,0.0995735228061676
N064_A_seed1,64,1,855,0.358369842171669
N064_A_seed1,64,1,856,0.33156080543994904
N064_A_seed1,64,1,857,0.12125688046216965
N064_A_seed1,64,1,858,0.12767300754785538
N064_A_seed1,64,1,859,0.17793070524930954
N064_A_seed1,64,1,860,0.19967569038271904
N064_A_seed1,64,1,861,0.2375696301460266
N064_A_seed1,64,1,862,0.18234721571207047
N064_A_seed1,64,1,863,0.18699722737073898
N064_A_seed1,64,1,864,0.157101109623909
N064_A_seed1,64,1,865,0.2932080328464508
N064_A_seed1,64,1,866,0.18199127912521362
N064_A_seed1,64,1,867,0.20160289853811264
N064_A_seed1,64,1,868,0.13786497712135315
N064_A_seed1,64,1,869,0.2527974173426628
N064_A_seed1,64,1,870,0.19162952527403831
N064_A_seed1,64,1,871,0.16725244373083115
N064_A_seed1,64,1,872,0.13439596444368362
N064_A_seed1,64,1,873,0.16616439074277878
N064_A_seed1,64,1,874,0.13407304137945175
N064_A_seed1,64,1,875,0.18384898453950882
N064_A_seed1,64,1,876,0.17822577059268951
N064_A_seed1,64,1,877,0.2474890798330307
N064_A_seed1,64,1,878,0.209811732172966
N064_A_seed1,64,1,879,0.17318428307771683
N064_A_seed1,64,1,880,0.15750306099653244
N064_A_seed1,64,1,881,0.21780546009540558
N064_A_seed1,64,1,882,0.1418716460466385
N064_A_seed1,64,1,883,0.1217440813779831
N064_A_seed1,64,1,884,0.20424014329910278
N064_A_seed1,64,1,885,0.22127262502908707
N064_A_seed1,64,1,886,0.1979789435863495
N064_A_seed1,64,1,887,0.09394639730453491
N064_A_seed1,64,1,888,0.15562431514263153
N064_A_seed1,64,1,889,0.2586163729429245
N064_A_seed1,64,1,890,0.16182489693164825
N064_A_seed1,64,1,891,0.17012862861156464
N064_A_seed1,64,1,892,0.16414321959018707
N064_A_seed1,64,1,893,0.1404125615954399
N064_A_seed1,64,1,894,0.3234558552503586
N064_A_seed1,64,1,895,0.14848411828279495
N064_A_seed1,64,1,896,0.26391100883483887
N064_A_seed1,64,1,897,0.1419762670993805
N064_A_seed1,64,1,898,0.12403751164674759
N064_A_seed1,64,1,899,0.18152248859405518
N064_A_seed1,64,1,900,0.17548979818820953
N064_A_seed1,64,1,901,0.2565864771604538
N064_A_seed1,64,1,902,0.2350362241268158
N064_A_seed1,64,1,903,0.23544275015592575
N064_A_seed1,64,1,904,0.22606007754802704
N064_A_seed1,64,1,905,0.19612031430006027
N064_A_seed1,64,1,906,0.3504638634622097
N064_A_seed1,64,1,907,0.348671019077301
N064_A_seed1,64,1,908,0.21345975250005722
N064_A_seed1,64,1,909,0.2307737022638321
N064_A_seed1,64,1,910,0.1683536097407341
N064_A_seed1,64,1,911,0.2084086686372757
N064_A_seed1,64,1,912,0.2554621696472168
N064_A_seed1,64,1,913,0.1523505449295044
N064_A_seed1,64,1,914,0.12017499655485153
N064_A_seed1,64,1,915,0.1371474787592888
N064_A_seed1,64,1,916,0.23298714309930801
N064_A_seed1,64,1,917,0.19342240691184998
N064_A_seed1,64,1,918,0.2679103761911392
N064_A_seed1,64,1,919,0.12602146714925766
N064_A_seed1,64,1,920,0.14810173213481903
N064_A_seed1,64,1,921,0.22645767033100128
N064_A_seed1,64,1,922,0.3447529450058937
N064_A_seed1,64,1,923,0.0766452755779028
N064_A_seed1,64,1,924,0.16730386763811111
N064_A_seed1,64,1,925,0.14299717172980309
N064_A_seed1,64,1,926,0.36794817447662354
N064_A_seed1,64,1,927,0.17321833223104477
N064_A_seed1,64,1,928,0.14658670127391815
N064_A_seed1,64,1,929,0.27308399975299835
N064_A_seed1,64,1,930,0.3357597328722477
N064_A_seed1,64,1,931,0.137550450861454
N064_A_seed1,64,1,932,0.23337166756391525
N064_A_seed1,64,1,933,0.1788286417722702
N064_A_seed1,64,1,934,0.21178583800792694
N064_A_seed1,64,1,935,0.13263342902064323
N064_A_seed1,64,1,936,0.13005713373422623
N064_A_seed1,64,1,937,0.2587284743785858
N064_A_seed1,64,1,938,0.16370420157909393
N064_A_seed1,64,1,939,0.22319617867469788
N064_A_seed1,64,1,940,0.18703843653202057
N064_A_seed1,64,1,941,0.14571785926818848
N064_A_seed1,64,1,942,0.21358781307935715
N064_A_seed1,64,1,943,0.16051623970270157
N064_A_seed1,64,1,944,0.2696046084165573
N064_A_seed1,64,1,945,0.13150062412023544
N064_A_seed1,64,1,946,0.1384926326572895
N064_A_seed1,64,1,947,0.10412944853305817
N064_A_seed1,64,1,948,0.169020377099514
N064_A_seed1,64,1,949,0.12539059668779373
N064_A_seed1,64,1,950,0.19277355074882507
N064_A_seed1,64,1,951,0.25835367292165756
N064_A_seed1,64,1,952,0.13603575527668
N064_A_seed1,64,1,953,0.19637786597013474
N064_A_seed1,64,1,954,0.2041143700480461
N064_A_seed1,64,1,955,0.33510346710681915
N064_A_seed1,64,1,956,0.30909210443496704
N064_A_seed1,64,1,957,0.10470113158226013
N064_A_seed1,64,1,958,0.2370067685842514
N064_A_seed1,64,1,959,0.22220519185066223
N064_A_seed1,64,1,960,0.2547547072172165
N064_A_seed1,64,1,961,0.1235017329454422
N064_A_seed1,64,1,962,0.12664272636175156
N064_A_seed1,64,1,963,0.31639181822538376
N064_A_seed1,64,1,964,0.3364274948835373
N064_A_seed1,64,1,965,0.11908991262316704
N064_A_seed1,64,1,966,0.2467462718486786
N064_A_seed1,64,1,967,0.12831781432032585
N064_A_seed1,64,1,968,0.2026146948337555
N064_A_seed1,64,1,969,0.1481936275959015
N064_A_seed1,64,1,970,0.10803442448377609
N064_A_seed1,64,1,971,0.30475272238254547
N064_A_seed1,64,1,972,0.18074695020914078
N064_A_seed1,64,1,973,0.25136906653642654
N064_A_seed1,64,1,974,0.15631643682718277
N064_A_seed1,64,1,975,0.19255170226097107
N064_A_seed1,64,1,976,0.17318347841501236
N064_A_seed1,64,1,977,0.1923990100622177
N064_A_seed1,64,1,978,0.19249561801552773
N064_A_seed1,64,1,979,0.19056406617164612
N064_A_seed1,64,1,980,0.37699827551841736
N064_A_seed1,64,1,981,0.12145274877548218
N064_A_seed1,64,1,982,0.24976035952568054
N064_A_seed1,64,1,983,0.23965688794851303
N064_A_seed1,64,1,984,0.17125891149044037
N064_A_seed1,64,1,985,0.3645811825990677
N064_A_seed1,64,1,986,0.5169783681631088
N064_A_seed1,64,1,987,0.3276865929365158
N064_A_seed1,64,1,988,0.14654866978526115
N064_A_seed1,64,1,989,0.2424076721072197
N064_A_seed1,64,1,990,0.08841011673212051
N064_A_seed1,64,1,991,0.18478696793317795
N064_A_seed1,64,1,992,0.1671351045370102
N064_A_seed1,64,1,993,0.12617504224181175
N064_A_seed1,64,1,994,0.2636003866791725
N064_A_seed1,64,1,995,0.29292119294404984
N064_A_seed1,64,1,996,0.25939929485321045
N064_A_seed1,64,1,997,0.17736874520778656
N064_A_seed1,64,1,998,0.2655685245990753
N064_A_seed1,64,1,999,0.19022423774003983
N064_A_seed1,64,1,1000,0.44603338092565536
N064_F-GT_seed0,64,0,1,1.21578848361969
N064_F-GT_seed0,64,0,2,1.2988297939300537
N064_F-GT_seed0,64,0,3,1.1844854354858398
N064_F-GT_seed0,64,0,4,1.1968659162521362
N064_F-GT_seed0,64,0,5,1.164680302143097
N064_F-GT_seed0,64,0,6,1.0219204425811768
N064_F-GT_seed0,64,0,7,1.1466510891914368
N064_F-GT_seed0,64,0,8,1.0643191933631897
N064_F-GT_seed0,64,0,9,1.4023394584655762
N064_F-GT_seed0,64,0,10,1.273179292678833
N064_F-GT_seed0,64,0,11,1.2375021576881409
N064_F-GT_seed0,64,0,12,1.3247895240783691
N064_F-GT_seed0,64,0,13,1.3573371767997742
N064_F-GT_seed0,64,0,14,1.019821584224701
N064_F-GT_seed0,64,0,15,1.221492350101471
N064_F-GT_seed0,64,0,16,1.0611001253128052
N064_F-GT_seed0,64,0,17,1.2092759609222412
N064_F-GT_seed0,64,0,18,1.0905017852783203
N064_F-GT_seed0,64,0,19,1.434479832649231
N064_F-GT_seed0,64,0,20,1.0399747490882874
N064_F-GT_seed0,64,0,21,1.2731713652610779
N064_F-GT_seed0,64,0,22,1.1927260160446167
N064_F-GT_seed0,64,0,23,1.0228729546070099
N064_F-GT_seed0,64,0,24,1.2068476676940918
N064_F-GT_seed0,64,0,25,1.0884215533733368
N064_F-GT_seed0,64,0,26,1.1426033973693848
N064_F-GT_seed0,64,0,27,1.116556167602539
N064_F-GT_seed0,64,0,28,1.0436466336250305
N064_F-GT_seed0,64,0,29,1.176927924156189
N064_F-GT_seed0,64,0,30,1.1358277797698975
N064_F-GT_seed0,64,0,31,1.1861528754234314
N064_F-GT_seed0,64,0,32,1.0857892036437988
N064_F-GT_seed0,64,0,33,1.2180532217025757
N064_F-GT_seed0,64,0,34,1.0347727537155151
N064_F-GT_seed0,64,0,35,1.1713420152664185
N064_F-GT_seed0,64,0,36,1.1041767597198486
N064_F-GT_seed0,64,0,37,1.1570836901664734
N064_F-GT_seed0,64,0,38,1.1203299760818481
N064_F-GT_seed0,64,0,39,1.0518832206726074
N064_F-GT_seed0,64,0,40,1.0628676414489746
N064_F-GT_seed0,64,0,41,1.2057543992996216
N064_F-GT_seed0,64,0,42,1.2739667296409607
N064_F-GT_seed0,64,0,43,1.0785066485404968
N064_F-GT_seed0,64,0,44,1.2821239829063416
N064_F-GT_seed0,64,0,45,1.2883594632148743
N064_F-GT_seed0,64,0,46,1.033758521080017
N064_F-GT_seed0,64,0,47,1.4704527854919434
N064_F-GT_seed0,64,0,48,1.1747981309890747
N064_F-GT_seed0,64,0,49,1.1322795748710632
N064_F-GT_seed0,64,0,50,1.2591456770896912
N064_F-GT_seed0,64,0,51,1.0164794921875
N064_F-GT_seed0,64,0,52,1.0233536660671234
N064_F-GT_seed0,64,0,53,1.0922064781188965
N064_F-GT_seed0,64,0,54,1.2157573103904724
N064_F-GT_seed0,64,0,55,1.2888492345809937
N064_F-GT_seed0,64,0,56,1.1266285181045532
N064_F-GT_seed0,64,0,57,1.4367250204086304
N064_F-GT_seed0,64,0,58,1.0560773015022278
N064_F-GT_seed0,64,0,59,1.0904011726379395
N064_F-GT_seed0,64,0,60,1.1503729820251465
N064_F-GT_seed0,64,0,61,1.1393391788005829
N064_F-GT_seed0,64,0,62,1.1604275703430176
N064_F-GT_seed0,64,0,63,1.0238185822963715
N064_F-GT_seed0,64,0,64,1.311429500579834
N064_F-GT_seed0,64,0,65,1.309017539024353
N064_F-GT_seed0,64,0,66,1.0902894735336304
N064_F-GT_seed0,64,0,67,1.097882866859436
N064_F-GT_seed0,64,0,68,1.295092523097992
N064_F-GT_seed0,64,0,69,1.1054659485816956
N064_F-GT_seed0,64,0,70,1.0468270182609558
N064_F-GT_seed0,64,0,71,1.1094395518302917
N064_F-GT_seed0,64,0,72,1.1716713905334473
N064_F-GT_seed0,64,0,73,1.0523874461650848
N064_F-GT_seed0,64,0,74,1.080966055393219
N064_F-GT_seed0,64,0,75,1.1803734302520752
N064_F-GT_seed0,64,0,76,0.961746335029602
N064_F-GT_seed0,64,0,77,0.9695488810539246
N064_F-GT_seed0,64,0,78,1.197384774684906
N064_F-GT_seed0,64,0,79,1.1545777916908264
N064_F-GT_seed0,64,0,80,1.1234408617019653
N064_F-GT_seed0,64,0,81,1.2629240155220032
N064_F-GT_seed0,64,0,82,1.169877827167511
N064_F-GT_seed0,64,0,83,1.0939494371414185
N064_F-GT_seed0,64,0,84,1.1052408814430237
N064_F-GT_seed0,64,0,85,1.0166563987731934
N064_F-GT_seed0,64,0,86,1.055321991443634
N064_F-GT_seed0,64,0,87,1.2187319993972778
N064_F-GT_seed0,64,0,88,1.099526286125183
N064_F-GT_seed0,64,0,89,1.0585141777992249
N064_F-GT_seed0,64,0,90,1.1970540285110474
N064_F-GT_seed0,64,0,91,1.1153146624565125
N064_F-GT_seed0,64,0,92,0.9899616241455078
N064_F-GT_seed0,64,0,93,0.9840620756149292
N064_F-GT_seed0,64,0,94,1.2641479969024658
N064_F-GT_seed0,64,0,95,1.0159810185432434
N064_F-GT_seed0,64,0,96,1.3079158067703247
N064_F-GT_seed0,64,0,97,1.137604832649231
N064_F-GT_seed0,64,0,98,1.0119720101356506
N064_F-GT_seed0,64,0,99,1.0920234322547913
N064_F-GT_seed0,64,0,100,1.1725890040397644
N064_F-GT_seed0,64,0,101,1.0616945624351501
N064_F-GT_seed0,64,0,102,1.0234779715538025
N064_F-GT_seed0,64,0,103,1.1563607454299927
N064_F-GT_seed0,64,0,104,1.164557158946991
N064_F-GT_seed0,64,0,105,1.1910923719406128
N064_F-GT_seed0,64,0,106,1.2000218033790588
N064_F-GT_seed0,64,0,107,1.0514037609100342
N064_F-GT_seed0,64,0,108,1.0244069695472717
N064_F-GT_seed0,64,0,109,1.1474851369857788
N064_F-GT_seed0,64,0,110,0.9749029278755188
N064_F-GT_seed0,64,0,111,1.2468554973602295
N064_F-GT_seed0,64,0,112,1.090109944343567
N064_F-GT_seed0,64,0,113,0.9897765517234802
N064_F-GT_seed0,64,0,114,1.188791275024414
N064_F-GT_seed0,64,0,115,1.0640618801116943
N064_F-GT_seed0,64,0,116,1.0677117705345154
N064_F-GT_seed0,64,0,117,1.0485514998435974
N064_F-GT_seed0,64,0,118,1.0167685747146606
N064_F-GT_seed0,64,0,119,1.1632087230682373
N064_F-GT_seed0,64,0,120,1.223146378993988
N064_F-GT_seed0,64,0,121,1.07393878698349
N064_F-GT_seed0,64,0,122,0.984980970621109
N064_F-GT_seed0,64,0,123,1.1423985958099365
N064_F-GT_seed0,64,0,124,1.0422066450119019
N064_F-GT_seed0,64,0,125,1.1761151552200317
N064_F-GT_seed0,64,0,126,1.1560069918632507
N064_F-GT_seed0,64,0,127,0.9204039573669434
N064_F-GT_seed0,64,0,128,1.0660865902900696
N064_F-GT_seed0,64,0,129,1.0197491943836212
N064_F-GT_seed0,64,0,130,1.0388896465301514
N064_F-GT_seed0,64,0,131,1.182342290878296
N064_F-GT_seed0,64,0,132,1.0994475483894348
N064_F-GT_seed0,64,0,133,0.9837197065353394
N064_F-GT_seed0,64,0,134,1.0940960049629211
N064_F-GT_seed0,64,0,135,0.9247141480445862
N064_F-GT_seed0,64,0,136,0.9263914227485657
N064_F-GT_seed0,64,0,137,0.9344081282615662
N064_F-GT_seed0,64,0,138,0.9291757643222809
N064_F-GT_seed0,64,0,139,1.0165570974349976
N064_F-GT_seed0,64,0,140,1.0166976749897003
N064_F-GT_seed0,64,0,141,1.081721544265747
N064_F-GT_seed0,64,0,142,1.0097478032112122
N064_F-GT_seed0,64,0,143,1.0485095381736755
N064_F-GT_seed0,64,0,144,0.9389021396636963
N064_F-GT_seed0,64,0,145,0.9267326593399048
N064_F-GT_seed0,64,0,146,0.9024882018566132
N064_F-GT_seed0,64,0,147,1.0035338699817657
N064_F-GT_seed0,64,0,148,0.9253189563751221
N064_F-GT_seed0,64,0,149,1.1121968030929565
N064_F-GT_seed0,64,0,150,1.0723600089550018
N064_F-GT_seed0,64,0,151,0.9456564784049988
N064_F-GT_seed0,64,0,152,1.0107775926589966
N064_F-GT_seed0,64,0,153,1.269232153892517
N064_F-GT_seed0,64,0,154,0.8275358378887177
N064_F-GT_seed0,64,0,155,1.0985870957374573
N064_F-GT_seed0,64,0,156,0.9193875193595886
N064_F-GT_seed0,64,0,157,0.7599530518054962
N064_F-GT_seed0,64,0,158,1.0271149277687073
N064_F-GT_seed0,64,0,159,0.8790682554244995
N064_F-GT_seed0,64,0,160,1.0097965598106384
N064_F-GT_seed0,64,0,161,0.8600644767284393
N064_F-GT_seed0,64,0,162,1.0061496496200562
N064_F-GT_seed0,64,0,163,0.9506117105484009
N064_F-GT_seed0,64,0,164,0.8298235535621643
N064_F-GT_seed0,64,0,165,0.8799839913845062
N064_F-GT_seed0,64,0,166,0.9031248986721039
N064_F-GT_seed0,64,0,167,1.0240723490715027
N064_F-GT_seed0,64,0,168,0.8557166755199432
N064_F-GT_seed0,64,0,169,1.0293798744678497
N064_F-GT_seed0,64,0,170,0.9581917226314545
N064_F-GT_seed0,64,0,171,0.9780402779579163
N064_F-GT_seed0,64,0,172,0.8395549058914185
N064_F-GT_seed0,64,0,173,0.9140287339687347
N064_F-GT_seed0,64,0,174,0.770245373249054
N064_F-GT_seed0,64,0,175,0.811919778585434
N064_F-GT_seed0,64,0,176,0.9401018619537354
N064_F-GT_seed0,64,0,177,0.9625062048435211
N064_F-GT_seed0,64,0,178,0.8785321414470673
N064_F-GT_seed0,64,0,179,1.0516974329948425
N064_F-GT_seed0,64,0,180,0.871176689863205
N064_F-GT_seed0,64,0,181,0.9445669651031494
N064_F-GT_seed0,64,0,182,0.8161836564540863
N064_F-GT_seed0,64,0,183,1.0188637673854828
N064_F-GT_seed0,64,0,184,0.8834364712238312
N064_F-GT_seed0,64,0,185,0.8278609216213226
N064_F-GT_seed0,64,0,186,0.7715106308460236
N064_F-GT_seed0,64,0,187,0.8594549298286438
N064_F-GT_seed0,64,0,188,0.8259614109992981
N064_F-GT_seed0,64,0,189,1.0266101360321045
N064_F-GT_seed0,64,0,190,0.7378731071949005
N064_F-GT_seed0,64,0,191,0.8255764544010162
N064_F-GT_seed0,64,0,192,0.7406063973903656
N064_F-GT_seed0,64,0,193,0.8798726201057434
N064_F-GT_seed0,64,0,194,0.8851546347141266
N064_F-GT_seed0,64,0,195,0.9419094622135162
N064_F-GT_seed0,64,0,196,0.7941232025623322
N064_F-GT_seed0,64,0,197,0.8608443737030029
N064_F-GT_seed0,64,0,198,0.87061607837677
N064_F-GT_seed0,64,0,199,0.7414218783378601
N064_F-GT_seed0,64,0,200,0.7887658476829529
N064_F-GT_seed0,64,0,201,0.8377771973609924
N064_F-GT_seed0,64,0,202,0.9310957193374634
N064_F-GT_seed0,64,0,203,0.6472041308879852
N064_F-GT_seed0,64,0,204,0.7781942188739777
N064_F-GT_seed0,64,0,205,0.8656981885433197
N064_F-GT_seed0,64,0,206,0.7578735947608948
N064_F-GT_seed0,64,0,207,0.8666965961456299
N064_F-GT_seed0,64,0,208,0.8520382046699524
N064_F-GT_seed0,64,0,209,0.6461857855319977
N064_F-GT_seed0,64,0,210,0.7900950908660889
N064_F-GT_seed0,64,0,211,1.055320143699646
N064_F-GT_seed0,64,0,212,0.6064315140247345
N064_F-GT_seed0,64,0,213,0.9181656241416931
N064_F-GT_seed0,64,0,214,0.7631780803203583
N064_F-GT_seed0,64,0,215,0.7352654039859772
N064_F-GT_seed0,64,0,216,0.746667891740799
N064_F-GT_seed0,64,0,217,0.6930593550205231
N064_F-GT_seed0,64,0,218,0.7197349071502686
N064_F-GT_seed0,64,0,219,0.7978868186473846
N064_F-GT_seed0,64,0,220,0.6768741309642792
N064_F-GT_seed0,64,0,221,0.5894445478916168
N064_F-GT_seed0,64,0,222,0.7319778203964233
N064_F-GT_seed0,64,0,223,0.7986086308956146
N064_F-GT_seed0,64,0,224,0.7547491788864136
N064_F-GT_seed0,64,0,225,0.8240128755569458
N064_F-GT_seed0,64,0,226,0.6812051236629486
N064_F-GT_seed0,64,0,227,0.6093447357416153
N064_F-GT_seed0,64,0,228,0.6746671199798584
N064_F-GT_seed0,64,0,229,0.5440440475940704
N064_F-GT_seed0,64,0,230,0.6585080027580261
N064_F-GT_seed0,64,0,231,0.5857228934764862
N064_F-GT_seed0,64,0,232,0.5666150748729706
N064_F-GT_seed0,64,0,233,0.6670070588588715
N064_F-GT_seed0,64,0,234,0.8015531897544861
N064_F-GT_seed0,64,0,235,0.716526448726654
N064_F-GT_seed0,64,0,236,0.5764614939689636
N064_F-GT_seed0,64,0,237,0.8481433093547821
N064_F-GT_seed0,64,0,238,0.6501522362232208
N064_F-GT_seed0,64,0,239,0.5922622084617615
N064_F-GT_seed0,64,0,240,0.6836766302585602
N064_F-GT_seed0,64,0,241,0.6209469735622406
N064_F-GT_seed0,64,0,242,0.8412937521934509
N064_F-GT_seed0,64,0,243,0.5888316035270691
N064_F-GT_seed0,64,0,244,0.5241726338863373
N064_F-GT_seed0,64,0,245,0.6609226763248444
N064_F-GT_seed0,64,0,246,0.552201434969902
N064_F-GT_seed0,64,0,247,0.6548647284507751
N064_F-GT_seed0,64,0,248,0.6091599464416504
N064_F-GT_seed0,64,0,249,0.5355352163314819
N064_F-GT_seed0,64,0,250,0.46111543476581573
N064_F-GT_seed0,64,0,251,0.6850075721740723
N064_F-GT_seed0,64,0,252,0.5965012013912201
N064_F-GT_seed0,64,0,253,0.7719781398773193
N064_F-GT_seed0,64,0,254,0.5977241396903992
N064_F-GT_seed0,64,0,255,0.8455938398838043
N064_F-GT_seed0,64,0,256,0.5981191694736481
N064_F-GT_seed0,64,0,257,0.528822049498558
N064_F-GT_seed0,64,0,258,0.6454397439956665
N064_F-GT_seed0,64,0,259,0.4713129550218582
N064_F-GT_seed0,64,0,260,0.553792878985405
N064_F-GT_seed0,64,0,261,0.5369013547897339
N064_F-GT_seed0,64,0,262,0.459075927734375
N064_F-GT_seed0,64,0,263,0.42575326561927795
N064_F-GT_seed0,64,0,264,0.5919196903705597
N064_F-GT_seed0,64,0,265,0.43360257148742676
N064_F-GT_seed0,64,0,266,0.6168000400066376
N064_F-GT_seed0,64,0,267,0.34310220181941986
N064_F-GT_seed0,64,0,268,0.5715326070785522
N064_F-GT_seed0,64,0,269,0.6586991846561432
N064_F-GT_seed0,64,0,270,0.43268272280693054
N064_F-GT_seed0,64,0,271,0.47906234860420227
N064_F-GT_seed0,64,0,272,0.5782538503408432
N064_F-GT_seed0,64,0,273,0.38944171369075775
N064_F-GT_seed0,64,0,274,0.4357530176639557
N064_F-GT_seed0,64,0,275,0.7191640138626099
N064_F-GT_seed0,64,0,276,0.5990850478410721
N064_F-GT_seed0,64,0,277,0.5427381992340088
N064_F-GT_seed0,64,0,278,0.5449870377779007
N064_F-GT_seed0,64,0,279,0.45873409509658813
N064_F-GT_seed0,64,0,280,0.495775043964386
N064_F-GT_seed0,64,0,281,0.4731982350349426
N064_F-GT_seed0,64,0,282,0.290693998336792
N064_F-GT_seed0,64,0,283,0.33461008965969086
N064_F-GT_seed0,64,0,284,0.5233530700206757
N064_F-GT_seed0,64,0,285,0.35948313772678375
N064_F-GT_seed0,64,0,286,0.3048032820224762
N064_F-GT_seed0,64,0,287,0.5290645360946655
N064_F-GT_seed0,64,0,288,0.2946300208568573
N064_F-GT_seed0,64,0,289,0.3245178535580635
N064_F-GT_seed0,64,0,290,0.3081381767988205
N064_F-GT_seed0,64,0,291,0.49298352003097534
N064_F-GT_seed0,64,0,292,0.5027791857719421
N064_F-GT_seed0,64,0,293,0.4431757926940918
N064_F-GT_seed0,64,0,294,0.6147474199533463
N064_F-GT_seed0,64,0,295,0.5225763320922852
N064_F-GT_seed0,64,0,296,0.3656698167324066
N064_F-GT_seed0,64,0,297,0.47312383353710175
N064_F-GT_seed0,64,0,298,0.4389251619577408
N064_F-GT_seed0,64,0,299,0.5205268412828445
N064_F-GT_seed0,64,0,300,0.4880974590778351
N064_F-GT_seed0,64,0,301,0.40009360015392303
N064_F-GT_seed0,64,0,302,0.37046271562576294
N064_F-GT_seed0,64,0,303,0.2900445759296417
N064_F-GT_seed0,64,0,304,0.3170364052057266
N064_F-GT_seed0,64,0,305,0.2507234960794449
N064_F-GT_seed0,64,0,306,0.45603829622268677
N064_F-GT_seed0,64,0,307,0.6833941042423248
N064_F-GT_seed0,64,0,308,0.4553171545267105
N064_F-GT_seed0,64,0,309,0.2898920625448227
N064_F-GT_seed0,64,0,310,0.585250198841095
N064_F-GT_seed0,64,0,311,0.43243686854839325
N064_F-GT_seed0,64,0,312,0.338813453912735
N064_F-GT_seed0,64,0,313,0.7321910262107849
N064_F-GT_seed0,64,0,314,0.5352174043655396
N064_F-GT_seed0,64,0,315,0.44366683065891266
N064_F-GT_seed0,64,0,316,0.41049546748399734
N064_F-GT_seed0,64,0,317,0.3778440058231354
N064_F-GT_seed0,64,0,318,0.6130105704069138
N064_F-GT_seed0,64,0,319,0.4244511127471924
N064_F-GT_seed0,64,0,320,0.2894555479288101
N064_F-GT_seed0,64,0,321,0.372292198240757
N064_F-GT_seed0,64,0,322,0.3102663904428482
N064_F-GT_seed0,64,0,323,0.5072975903749466
N064_F-GT_seed0,64,0,324,0.4657299071550369
N064_F-GT_seed0,64,0,325,0.37709470093250275
N064_F-GT_seed0,64,0,326,0.5453211665153503
N064_F-GT_seed0,64,0,327,0.31041400134563446
N064_F-GT_seed0,64,0,328,0.37768635153770447
N064_F-GT_seed0,64,0,329,0.25527940690517426
N064_F-GT_seed0,64,0,330,0.3960280418395996
N064_F-GT_seed0,64,0,331,0.344102144241333
N064_F-GT_seed0,64,0,332,0.3345724195241928
N064_F-GT_seed0,64,0,333,0.5590102076530457
N064_F-GT_seed0,64,0,334,0.32023273408412933
N064_F-GT_seed0,64,0,335,0.22333110123872757
N064_F-GT_seed0,64,0,336,0.28810371458530426
N064_F-GT_seed0,64,0,337,0.4296276271343231
N064_F-GT_seed0,64,0,338,0.29555363953113556
N064_F-GT_seed0,64,0,339,0.5971007198095322
N064_F-GT_seed0,64,0,340,0.22379697859287262
N064_F-GT_seed0,64,0,341,0.5310373604297638
N064_F-GT_seed0,64,0,342,0.3950994312763214
N064_F-GT_seed0,64,0,343,0.264777347445488
N064_F-GT_seed0,64,0,344,0.4043172299861908
N064_F-GT_seed0,64,0,345,0.20923787355422974
N064_F-GT_seed0,64,0,346,0.22543299198150635
N064_F-GT_seed0,64,0,347,0.16449137032032013
N064_F-GT_seed0,64,0,348,0.3820004463195801
N064_F-GT_seed0,64,0,349,0.22775468975305557
N064_F-GT_seed0,64,0,350,0.32109546661376953
N064_F-GT_seed0,64,0,351,0.32656608521938324
N064_F-GT_seed0,64,0,352,0.5569932460784912
N064_F-GT_seed0,64,0,353,0.17123939096927643
N064_F-GT_seed0,64,0,354,0.20158526301383972
N064_F-GT_seed0,64,0,355,0.35034292936325073
N064_F-GT_seed0,64,0,356,0.3673768937587738
N064_F-GT_seed0,64,0,357,0.23626375198364258
N064_F-GT_seed0,64,0,358,0.317985363304615
N064_F-GT_seed0,64,0,359,0.22945618629455566
N064_F-GT_seed0,64,0,360,0.22369924187660217
N064_F-GT_seed0,64,0,361,0.4803674817085266
N064_F-GT_seed0,64,0,362,0.25872543454170227
N064_F-GT_seed0,64,0,363,0.19800089299678802
N064_F-GT_seed0,64,0,364,0.19724280387163162
N064_F-GT_seed0,64,0,365,0.39015987515449524
N064_F-GT_seed0,64,0,366,0.3188338726758957
N064_F-GT_seed0,64,0,367,0.2726585268974304
N064_F-GT_seed0,64,0,368,0.24975121021270752
N064_F-GT_seed0,64,0,369,0.38626378774642944
N064_F-GT_seed0,64,0,370,0.14308667555451393
N064_F-GT_seed0,64,0,371,0.2874007299542427
N064_F-GT_seed0,64,0,372,0.22722375392913818
N064_F-GT_seed0,64,0,373,0.3553205132484436
N064_F-GT_seed0,64,0,374,0.18707921355962753
N064_F-GT_seed0,64,0,375,0.19719457626342773
N064_F-GT_seed0,64,0,376,0.2583971619606018
N064_F-GT_seed0,64,0,377,0.38058900833129883
N064_F-GT_seed0,64,0,378,0.23999755829572678
N064_F-GT_seed0,64,0,379,0.26802991330623627
N064_F-GT_seed0,64,0,380,0.3893264979124069
N064_F-GT_seed0,64,0,381,0.5402466356754303
N064_F-GT_seed0,64,0,382,0.4570795148611069
N064_F-GT_seed0,64,0,383,0.4031263440847397
N064_F-GT_seed0,64,0,384,0.475666344165802
N064_F-GT_seed0,64,0,385,0.21798454225063324
N064_F-GT_seed0,64,0,386,0.28984756767749786
N064_F-GT_seed0,64,0,387,0.44015130400657654
N064_F-GT_seed0,64,0,388,0.19641973823308945
N064_F-GT_seed0,64,0,389,0.2867702841758728
N064_F-GT_seed0,64,0,390,0.39368556439876556
N064_F-GT_seed0,64,0,391,0.19878487288951874
N064_F-GT_seed0,64,0,392,0.5245138704776764
N064_F-GT_seed0,64,0,393,0.2898467034101486
N064_F-GT_seed0,64,0,394,0.21670128405094147
N064_F-GT_seed0,64,0,395,0.1654057651758194
N064_F-GT_seed0,64,0,396,0.1615138128399849
N064_F-GT_seed0,64,0,397,0.22225240617990494
N064_F-GT_seed0,64,0,398,0.325435534119606
N064_F-GT_seed0,64,0,399,0.19167952239513397
N064_F-GT_seed0,64,0,400,0.3480212315917015
N064_F-GT_seed0,64,0,401,0.2147967368364334
N064_F-GT_seed0,64,0,402,0.12088064476847649
N064_F-GT_seed0,64,0,403,0.4299078583717346
N064_F-GT_seed0,64,0,404,0.5834268480539322
N064_F-GT_seed0,64,0,405,0.24528566747903824
N064_F-GT_seed0,64,0,406,0.21227453649044037
N064_F-GT_seed0,64,0,407,0.4683738648891449
N064_F-GT_seed0,64,0,408,0.1643415093421936
N064_F-GT_seed0,64,0,409,0.21408376097679138
N064_F-GT_seed0,64,0,410,0.27779875695705414
N064_F-GT_seed0,64,0,411,0.1464804783463478
N064_F-GT_seed0,64,0,412,0.32087162137031555
N064_F-GT_seed0,64,0,413,0.29488202184438705
N064_F-GT_seed0,64,0,414,0.4688726216554642
N064_F-GT_seed0,64,0,415,0.3214517682790756
N064_F-GT_seed0,64,0,416,0.23496893793344498
N064_F-GT_seed0,64,0,417,0.3108108639717102
N064_F-GT_seed0,64,0,418,0.2572391480207443
N064_F-GT_seed0,64,0,419,0.1920214220881462
N064_F-GT_seed0,64,0,420,0.13911093771457672
N064_F-GT_seed0,64,0,421,0.17139429599046707
N064_F-GT_seed0,64,0,422,0.22730306535959244
N064_F-GT_seed0,64,0,423,0.20512733608484268
N064_F-GT_seed0,64,0,424,0.22166505455970764
N064_F-GT_seed0,64,0,425,0.20691218972206116
N064_F-GT_seed0,64,0,426,0.34105872362852097
N064_F-GT_seed0,64,0,427,0.33471083641052246
N064_F-GT_seed0,64,0,428,0.1925588771700859
N064_F-GT_seed0,64,0,429,0.4779148995876312
N064_F-GT_seed0,64,0,430,0.14348218590021133
N064_F-GT_seed0,64,0,431,0.17188719287514687
N064_F-GT_seed0,64,0,432,0.185187466442585
N064_F-GT_seed0,64,0,433,0.4763804078102112
N064_F-GT_seed0,64,0,434,0.18258675932884216
N064_F-GT_seed0,64,0,435,0.5900709927082062
N064_F-GT_seed0,64,0,436,0.21028758585453033
N064_F-GT_seed0,64,0,437,0.37677423655986786
N064_F-GT_seed0,64,0,438,0.2213221788406372
N064_F-GT_seed0,64,0,439,0.3217177540063858
N064_F-GT_seed0,64,0,440,0.8324184715747833
N064_F-GT_seed0,64,0,441,0.1526264324784279
N064_F-GT_seed0,64,0,442,0.408207967877388
N064_F-GT_seed0,64,0,443,0.4290144443511963
N064_F-GT_seed0,64,0,444,0.27376148104667664
N064_F-GT_seed0,64,0,445,0.2037762627005577
N064_F-GT_seed0,64,0,446,0.5214658975601196
N064_F-GT_seed0,64,0,447,0.16217586398124695
N064_F-GT_seed0,64,0,448,0.19879747927188873
N064_F-GT_seed0,64,0,449,0.2366081029176712
N064_F-GT_seed0,64,0,450,0.22960003465414047
N064_F-GT_seed0,64,0,451,0.21685972064733505
N064_F-GT_seed0,64,0,452,0.21179955452680588
N064_F-GT_seed0,64,0,453,0.17685827612876892
N064_F-GT_seed0,64,0,454,0.2617546617984772
N064_F-GT_seed0,64,0,455,0.547741562128067
N064_F-GT_seed0,64,0,456,0.3362150639295578
N064_F-GT_seed0,64,0,457,0.31173811852931976
N064_F-GT_seed0,64,0,458,0.26656801998615265
N064_F-GT_seed0,64,0,459,0.3522537350654602
N064_F-GT_seed0,64,0,460,0.27689776569604874
N064_F-GT_seed0,64,0,461,0.4147379994392395
N064_F-GT_seed0,64,0,462,0.2483443096280098
N064_F-GT_seed0,64,0,463,0.46307769417762756
N064_F-GT_seed0,64,0,464,0.18460232019424438
N064_F-GT_seed0,64,0,465,0.18809576146304607
N064_F-GT_seed0,64,0,466,0.200058713555336
N064_F-GT_seed0,64,0,467,0.21958744153380394
N064_F-GT_seed0,64,0,468,0.5361056327819824
N064_F-GT_seed0,64,0,469,0.22038167715072632
N064_F-GT_seed0,64,0,470,0.35851234197616577
N064_F-GT_seed0,64,0,471,0.2152497097849846
N064_F-GT_seed0,64,0,472,0.3245128244161606
N064_F-GT_seed0,64,0,473,0.2578027546405792
N064_F-GT_seed0,64,0,474,0.3310968726873398
N064_F-GT_seed0,64,0,475,0.6451946347951889
N064_F-GT_seed0,64,0,476,0.15094894543290138
N064_F-GT_seed0,64,0,477,0.24465282261371613
N064_F-GT_seed0,64,0,478,0.23444657772779465
N064_F-GT_seed0,64,0,479,0.16108227521181107
N064_F-GT_seed0,64,0,480,0.21070170402526855
N064_F-GT_seed0,64,0,481,0.3133503645658493
N064_F-GT_seed0,64,0,482,0.22422245144844055
N064_F-GT_seed0,64,0,483,0.16193538904190063
N064_F-GT_seed0,64,0,484,0.3902232050895691
N064_F-GT_seed0,64,0,485,0.30456218123435974
N064_F-GT_seed0,64,0,486,0.14175240695476532
N064_F-GT_seed0,64,0,487,0.23772086948156357
N064_F-GT_seed0,64,0,488,0.30105987191200256
N064_F-GT_seed0,64,0,489,0.3184162378311157
N064_F-GT_seed0,64,0,490,0.564453125
N064_F-GT_seed0,64,0,491,0.2967836260795593
N064_F-GT_seed0,64,0,492,0.22914253920316696
N064_F-GT_seed0,64,0,493,0.313355028629303
N064_F-GT_seed0,64,0,494,0.2960496246814728
N064_F-GT_seed0,64,0,495,0.1182813011109829
N064_F-GT_seed0,64,0,496,0.2835792899131775
N064_F-GT_seed0,64,0,497,0.2142355665564537
N064_F-GT_seed0,64,0,498,0.3717605620622635
N064_F-GT_seed0,64,0,499,0.1848728358745575
N064_F-GT_seed0,64,0,500,0.501374639570713
N064_F-GT_seed0,64,0,501,0.37940623611211777
N064_F-GT_seed0,64,0,502,0.19456620514392853
N064_F-GT_seed0,64,0,503,0.27340303361415863
N064_F-GT_seed0,64,0,504,0.2065449208021164
N064_F-GT_seed0,64,0,505,0.1991712674498558
N064_F-GT_seed0,64,0,506,0.11846166476607323
N064_F-GT_seed0,64,0,507,0.14427821338176727
N064_F-GT_seed0,64,0,508,0.3600864112377167
N064_F-GT_seed0,64,0,509,0.2231219932436943
N064_F-GT_seed0,64,0,510,0.19304852187633514
N064_F-GT_seed0,64,0,511,0.18708721548318863
N064_F-GT_seed0,64,0,512,0.4670875668525696
N064_F-GT_seed0,64,0,513,0.19851523637771606
N064_F-GT_seed0,64,0,514,0.35669703781604767
N064_F-GT_seed0,64,0,515,0.14703798294067383
N064_F-GT_seed0,64,0,516,0.11887894943356514
N064_F-GT_seed0,64,0,517,0.21282745152711868
N064_F-GT_seed0,64,0,518,0.1357119455933571
N064_F-GT_seed0,64,0,519,0.2862247824668884
N064_F-GT_seed0,64,0,520,0.18271003663539886
N064_F-GT_seed0,64,0,521,0.18179449439048767
N064_F-GT_seed0,64,0,522,0.16123318672180176
N064_F-GT_seed0,64,0,523,0.18207910656929016
N064_F-GT_seed0,64,0,524,0.259792223572731
N064_F-GT_seed0,64,0,525,0.31388863921165466
N064_F-GT_seed0,64,0,526,0.12582282349467278
N064_F-GT_seed0,64,0,527,0.2175048254430294
N064_F-GT_seed0,64,0,528,0.1795787662267685
N064_F-GT_seed0,64,0,529,0.2518593370914459
N064_F-GT_seed0,64,0,530,0.24598167091608047
N064_F-GT_seed0,64,0,531,0.2797761559486389
N064_F-GT_seed0,64,0,532,0.2899029888212681
N064_F-GT_seed0,64,0,533,0.23391251266002655
N064_F-GT_seed0,64,0,534,0.37419794499874115
N064_F-GT_seed0,64,0,535,0.17007677257061005
N064_F-GT_seed0,64,0,536,0.23552484810352325
N064_F-GT_seed0,64,0,537,0.22987322509288788
N064_F-GT_seed0,64,0,538,0.23786373436450958
N064_F-GT_seed0,64,0,539,0.14598532021045685
N064_F-GT_seed0,64,0,540,0.42658789455890656
N064_F-GT_seed0,64,0,541,0.17055195569992065
N064_F-GT_seed0,64,0,542,0.1557852178812027
N064_F-GT_seed0,64,0,543,0.37039588391780853
N064_F-GT_seed0,64,0,544,0.22135431319475174
N064_F-GT_seed0,64,0,545,0.2682608515024185
N064_F-GT_seed0,64,0,546,0.23421569913625717
N064_F-GT_seed0,64,0,547,0.3781903386116028
N064_F-GT_seed0,64,0,548,0.16354283690452576
N064_F-GT_seed0,64,0,549,0.21521282196044922
N064_F-GT_seed0,64,0,550,0.22401629760861397
N064_F-GT_seed0,64,0,551,0.34682459384202957
N064_F-GT_seed0,64,0,552,0.15773294493556023
N064_F-GT_seed0,64,0,553,0.13809649646282196
N064_F-GT_seed0,64,0,554,0.15856126695871353
N064_F-GT_seed0,64,0,555,0.28089718520641327
N064_F-GT_seed0,64,0,556,0.2253253012895584
N064_F-GT_seed0,64,0,557,0.2255953848361969
N064_F-GT_seed0,64,0,558,0.44906415045261383
N064_F-GT_seed0,64,0,559,0.22257132455706596
N064_F-GT_seed0,64,0,560,0.23798058927059174
N064_F-GT_seed0,64,0,561,0.21332867443561554
N064_F-GT_seed0,64,0,562,0.27040764689445496
N064_F-GT_seed0,64,0,563,0.1630457639694214
N064_F-GT_seed0,64,0,564,0.1217905730009079
N064_F-GT_seed0,64,0,565,0.27709105610847473
N064_F-GT_seed0,64,0,566,0.20583805441856384
N064_F-GT_seed0,64,0,567,0.19631075859069824
N064_F-GT_seed0,64,0,568,0.22967805713415146
N064_F-GT_seed0,64,0,569,0.1516667641699314
N064_F-GT_seed0,64,0,570,0.3445347547531128
N064_F-GT_seed0,64,0,571,0.2517092302441597
N064_F-GT_seed0,64,0,572,0.15814058482646942
N064_F-GT_seed0,64,0,573,0.13982002437114716
N064_F-GT_seed0,64,0,574,0.1501462683081627
N064_F-GT_seed0,64,0,575,0.22867481410503387
N064_F-GT_seed0,64,0,576,0.285366028547287
N064_F-GT_seed0,64,0,577,0.16773033887147903
N064_F-GT_seed0,64,0,578,0.1318095289170742
N064_F-GT_seed0,64,0,579,0.22325637191534042
N064_F-GT_seed0,64,0,580,0.3172582536935806
N064_F-GT_seed0,64,0,581,0.16780303046107292
N064_F-GT_seed0,64,0,582,0.3097107708454132
N064_F-GT_seed0,64,0,583,0.24487805366516113
N064_F-GT_seed0,64,0,584,0.20325414836406708
N064_F-GT_seed0,64,0,585,0.24809330701828003
N064_F-GT_seed0,64,0,586,0.1597299873828888
N064_F-GT_seed0,64,0,587,0.4176866263151169
N064_F-GT_seed0,64,0,588,0.2461845763027668
N064_F-GT_seed0,64,0,589,0.3884783238172531
N064_F-GT_seed0,64,0,590,0.39811450242996216
N064_F-GT_seed0,64,0,591,0.1299559585750103
N064_F-GT_seed0,64,0,592,0.3953781723976135
N064_F-GT_seed0,64,0,593,0.3216308429837227
N064_F-GT_seed0,64,0,594,0.16896165907382965
N064_F-GT_seed0,64,0,595,0.3602939248085022
N064_F-GT_seed0,64,0,596,0.14185955002903938
N064_F-GT_seed0,64,0,597,0.15110695362091064
N064_F-GT_seed0,64,0,598,0.21551329642534256
N064_F-GT_seed0,64,0,599,0.2640267610549927
N064_F-GT_seed0,64,0,600,0.14121922850608826
N064_F-GT_seed0,64,0,601,0.25278888270258904
N064_F-GT_seed0,64,0,602,0.25885748118162155
N064_F-GT_seed0,64,0,603,0.17688824236392975
N064_F-GT_seed0,64,0,604,0.20003196597099304
N064_F-GT_seed0,64,0,605,0.21876224875450134
N064_F-GT_seed0,64,0,606,0.28853367269039154
N064_F-GT_seed0,64,0,607,0.17953910306096077
N064_F-GT_seed0,64,0,608,0.2311892881989479
N064_F-GT_seed0,64,0,609,0.11985339596867561
N064_F-GT_seed0,64,0,610,0.22870811820030212
N064_F-GT_seed0,64,0,611,0.2289130985736847
N064_F-GT_seed0,64,0,612,0.2625880241394043
N064_F-GT_seed0,64,0,613,0.1128372959792614
N064_F-GT_seed0,64,0,614,0.2712325304746628
N064_F-GT_seed0,64,0,615,0.23444968461990356
N064_F-GT_seed0,64,0,616,0.1800001859664917
N064_F-GT_seed0,64,0,617,0.27010437846183777
N064_F-GT_seed0,64,0,618,0.16022425144910812
N064_F-GT_seed0,64,0,619,0.5002451092004776
N064_F-GT_seed0,64,0,620,0.23901748657226562
N064_F-GT_seed0,64,0,621,0.27284568548202515
N064_F-GT_seed0,64,0,622,0.4404579848051071
N064_F-GT_seed0,64,0,623,0.22377082705497742
N064_F-GT_seed0,64,0,624,0.25765977799892426
N064_F-GT_seed0,64,0,625,0.5773351788520813
N064_F-GT_seed0,64,0,626,0.16638029366731644
N064_F-GT_seed0,64,0,627,0.29870515316724777
N064_F-GT_seed0,64,0,628,0.22603019326925278
N064_F-GT_seed0,64,0,629,0.35312628746032715
N064_F-GT_seed0,64,0,630,0.1944015845656395
N064_F-GT_seed0,64,0,631,0.2467910498380661
N064_F-GT_seed0,64,0,632,0.18465456366539001
N064_F-GT_seed0,64,0,633,0.1793546825647354
N064_F-GT_seed0,64,0,634,0.20019527524709702
N064_F-GT_seed0,64,0,635,0.15052170306444168
N064_F-GT_seed0,64,0,636,0.21042415499687195
N064_F-GT_seed0,64,0,637,0.28845322132110596
N064_F-GT_seed0,64,0,638,0.16186260432004929
N064_F-GT_seed0,64,0,639,0.12467119470238686
N064_F-GT_seed0,64,0,640,0.27294357120990753
N064_F-GT_seed0,64,0,641,0.2022441178560257
N064_F-GT_seed0,64,0,642,0.39966899156570435
N064_F-GT_seed0,64,0,643,0.14090608805418015
N064_F-GT_seed0,64,0,644,0.3599962890148163
N064_F-GT_seed0,64,0,645,0.22147032618522644
N064_F-GT_seed0,64,0,646,0.11405234038829803
N064_F-GT_seed0,64,0,647,0.2278692051768303
N064_F-GT_seed0,64,0,648,0.2676944136619568
N064_F-GT_seed0,64,0,649,0.26340413093566895
N064_F-GT_seed0,64,0,650,0.2314734011888504
N064_F-GT_seed0,64,0,651,0.3333308696746826
N064_F-GT_seed0,64,0,652,0.18608278036117554
N064_F-GT_seed0,64,0,653,0.24644138664007187
N064_F-GT_seed0,64,0,654,0.1323430985212326
N064_F-GT_seed0,64,0,655,0.2837810590863228
N064_F-GT_seed0,64,0,656,0.291702039539814
N064_F-GT_seed0,64,0,657,0.2833562195301056
N064_F-GT_seed0,64,0,658,0.12954846024513245
N064_F-GT_seed0,64,0,659,0.1348971463739872
N064_F-GT_seed0,64,0,660,0.19208680093288422
N064_F-GT_seed0,64,0,661,0.2761182561516762
N064_F-GT_seed0,64,0,662,0.17557679116725922
N064_F-GT_seed0,64,0,663,0.15563146024942398
N064_F-GT_seed0,64,0,664,0.3238639384508133
N064_F-GT_seed0,64,0,665,0.3020322471857071
N064_F-GT_seed0,64,0,666,0.18177492916584015
N064_F-GT_seed0,64,0,667,0.23710787296295166
N064_F-GT_seed0,64,0,668,0.3098914325237274
N064_F-GT_seed0,64,0,669,0.1807023137807846
N064_F-GT_seed0,64,0,670,0.3605833500623703
N064_F-GT_seed0,64,0,671,0.19255957007408142
N064_F-GT_seed0,64,0,672,0.15536724776029587
N064_F-GT_seed0,64,0,673,0.23575514554977417
N064_F-GT_seed0,64,0,674,0.17840956896543503
N064_F-GT_seed0,64,0,675,0.4970354586839676
N064_F-GT_seed0,64,0,676,0.2446250021457672
N064_F-GT_seed0,64,0,677,0.17629306018352509
N064_F-GT_seed0,64,0,678,0.13109436631202698
N064_F-GT_seed0,64,0,679,0.3709700368344784
N064_F-GT_seed0,64,0,680,0.1846531182527542
N064_F-GT_seed0,64,0,681,0.11570917814970016
N064_F-GT_seed0,64,0,682,0.2557489685714245
N064_F-GT_seed0,64,0,683,0.1486043557524681
N064_F-GT_seed0,64,0,684,0.20334812626242638
N064_F-GT_seed0,64,0,685,0.15612708777189255
N064_F-GT_seed0,64,0,686,0.26123960316181183
N064_F-GT_seed0,64,0,687,0.3081580363214016
N064_F-GT_seed0,64,0,688,0.1672275885939598
N064_F-GT_seed0,64,0,689,0.1750297099351883
N064_F-GT_seed0,64,0,690,0.22144700586795807
N064_F-GT_seed0,64,0,691,0.4813460558652878
N064_F-GT_seed0,64,0,692,0.17948203533887863
N064_F-GT_seed0,64,0,693,0.17138437926769257
N064_F-GT_seed0,64,0,694,0.2068943828344345
N064_F-GT_seed0,64,0,695,0.2188473865389824
N064_F-GT_seed0,64,0,696,0.2901671826839447
N064_F-GT_seed0,64,0,697,0.1710522472858429
N064_F-GT_seed0,64,0,698,0.11890970915555954
N064_F-GT_seed0,64,0,699,0.2786165922880173
N064_F-GT_seed0,64,0,700,0.21282199025154114
N064_F-GT_seed0,64,0,701,0.14527857303619385
N064_F-GT_seed0,64,0,702,0.24626220762729645
N064_F-GT_seed0,64,0,703,0.1872386857867241
N064_F-GT_seed0,64,0,704,0.29685330763459206
N064_F-GT_seed0,64,0,705,0.15938150882720947
N064_F-GT_seed0,64,0,706,0.1917995810508728
N064_F-GT_seed0,64,0,707,0.1017046682536602
N064_F-GT_seed0,64,0,708,0.1530608907341957
N064_F-GT_seed0,64,0,709,0.1494976431131363
N064_F-GT_seed0,64,0,710,0.20853093266487122
N064_F-GT_seed0,64,0,711,0.1662590205669403
N064_F-GT_seed0,64,0,712,0.2411401867866516
N064_F-GT_seed0,64,0,713,0.17882274836301804
N064_F-GT_seed0,64,0,714,0.18271591514348984
N064_F-GT_seed0,64,0,715,0.2101648598909378
N064_F-GT_seed0,64,0,716,0.1832035779953003
N064_F-GT_seed0,64,0,717,0.2037079557776451
N064_F-GT_seed0,64,0,718,0.222200445830822
N064_F-GT_seed0,64,0,719,0.1540125608444214
N064_F-GT_seed0,64,0,720,0.11174862831830978
N064_F-GT_seed0,64,0,721,0.17726817727088928
N064_F-GT_seed0,64,0,722,0.2659146636724472
N064_F-GT_seed0,64,0,723,0.19887670129537582
N064_F-GT_seed0,64,0,724,0.20350255072116852
N064_F-GT_seed0,64,0,725,0.1429297849535942
N064_F-GT_seed0,64,0,726,0.17734849452972412
N064_F-GT_seed0,64,0,727,0.2729990482330322
N064_F-GT_seed0,64,0,728,0.17865578830242157
N064_F-GT_seed0,64,0,729,0.2895456999540329
N064_F-GT_seed0,64,0,730,0.13920915126800537
N064_F-GT_seed0,64,0,731,0.1655661165714264
N064_F-GT_seed0,64,0,732,0.15688669681549072
N064_F-GT_seed0,64,0,733,0.24208088219165802
N064_F-GT_seed0,64,0,734,0.12724294513463974
N064_F-GT_seed0,64,0,735,0.20721417665481567
N064_F-GT_seed0,64,0,736,0.17912378162145615
N064_F-GT_seed0,64,0,737,0.24278606474399567
N064_F-GT_seed0,64,0,738,0.4344826489686966
N064_F-GT_seed0,64,0,739,0.39415059238672256
N064_F-GT_seed0,64,0,740,0.17770852893590927
N064_F-GT_seed0,64,0,741,0.1772882491350174
N064_F-GT_seed0,64,0,742,0.22193346172571182
N064_F-GT_seed0,64,0,743,0.1975635290145874
N064_F-GT_seed0,64,0,744,0.1776607409119606
N064_F-GT_seed0,64,0,745,0.2610483467578888
N064_F-GT_seed0,64,0,746,0.1349879801273346
N064_F-GT_seed0,64,0,747,0.2853273004293442
N064_F-GT_seed0,64,0,748,0.17421932518482208
N064_F-GT_seed0,64,0,749,0.1785801276564598
N064_F-GT_seed0,64,0,750,0.12183654308319092
N064_F-GT_seed0,64,0,751,0.14797209948301315
N064_F-GT_seed0,64,0,752,0.14287405833601952
N064_F-GT_seed0,64,0,753,0.33958765864372253
N064_F-GT_seed0,64,0,754,0.15831556171178818
N064_F-GT_seed0,64,0,755,0.12516099959611893
N064_F-GT_seed0,64,0,756,0.2577882930636406
N064_F-GT_seed0,64,0,757,0.15472529083490372
N064_F-GT_seed0,64,0,758,0.16341173648834229
N064_F-GT_seed0,64,0,759,0.146495521068573
N064_F-GT_seed0,64,0,760,0.1326851323246956
N064_F-GT_seed0,64,0,761,0.15490243211388588
N064_F-GT_seed0,64,0,762,0.10525519028306007
N064_F-GT_seed0,64,0,763,0.20197942852973938
N064_F-GT_seed0,64,0,764,0.10759130492806435
N064_F-GT_seed0,64,0,765,0.40018512308597565
N064_F-GT_seed0,64,0,766,0.21103934198617935
N064_F-GT_seed0,64,0,767,0.10235236212611198
N064_F-GT_seed0,64,0,768,0.18240757286548615
N064_F-GT_seed0,64,0,769,0.22609511017799377
N064_F-GT_seed0,64,0,770,0.11354941129684448
N064_F-GT_seed0,64,0,771,0.18331840634346008
N064_F-GT_seed0,64,0,772,0.20327690988779068
N064_F-GT_seed0,64,0,773,0.17772506177425385
N064_F-GT_seed0,64,0,774,0.19461221247911453
N064_F-GT_seed0,64,0,775,0.1482270322740078
N064_F-GT_seed0,64,0,776,0.270177885890007
N064_F-GT_seed0,64,0,777,0.2171458788216114
N064_F-GT_seed0,64,0,778,0.15160807222127914
N064_F-GT_seed0,64,0,779,0.1408843770623207
N064_F-GT_seed0,64,0,780,0.13036572188138962
N064_F-GT_seed0,64,0,781,0.2020663470029831
N064_F-GT_seed0,64,0,782,0.15662560611963272
N064_F-GT_seed0,64,0,783,0.15049241483211517
N064_F-GT_seed0,64,0,784,0.2687491402029991
N064_F-GT_seed0,64,0,785,0.1642766147851944
N064_F-GT_seed0,64,0,786,0.19554127752780914
N064_F-GT_seed0,64,0,787,0.17309702932834625
N064_F-GT_seed0,64,0,788,0.20048752427101135
N064_F-GT_seed0,64,0,789,0.1898254156112671
N064_F-GT_seed0,64,0,790,0.11882832646369934
N064_F-GT_seed0,64,0,791,0.20124897360801697
N064_F-GT_seed0,64,0,792,0.19046935439109802
N064_F-GT_seed0,64,0,793,0.07507246732711792
N064_F-GT_seed0,64,0,794,0.10101250559091568
N064_F-GT_seed0,64,0,795,0.21436919271945953
N064_F-GT_seed0,64,0,796,0.2206679955124855
N064_F-GT_seed0,64,0,797,0.11845476552844048
N064_F-GT_seed0,64,0,798,0.19605152308940887
N064_F-GT_seed0,64,0,799,0.18253324553370476
N064_F-GT_seed0,64,0,800,0.23220966756343842
N064_F-GT_seed0,64,0,801,0.17062071710824966
N064_F-GT_seed0,64,0,802,0.19579478353261948
N064_F-GT_seed0,64,0,803,0.20897622406482697
N064_F-GT_seed0,64,0,804,0.29971158504486084
N064_F-GT_seed0,64,0,805,0.12198476865887642
N064_F-GT_seed0,64,0,806,0.13721159473061562
N064_F-GT_seed0,64,0,807,0.24805398285388947
N064_F-GT_seed0,64,0,808,0.21157973259687424
N064_F-GT_seed0,64,0,809,0.28525230288505554
N064_F-GT_seed0,64,0,810,0.13921206444501877
N064_F-GT_seed0,64,0,811,0.15226467698812485
N064_F-GT_seed0,64,0,812,0.13919373601675034
N064_F-GT_seed0,64,0,813,0.12144921347498894
N064_F-GT_seed0,64,0,814,0.1714061051607132
N064_F-GT_seed0,64,0,815,0.09461353346705437
N064_F-GT_seed0,64,0,816,0.18925581872463226
N064_F-GT_seed0,64,0,817,0.20983169972896576
N064_F-GT_seed0,64,0,818,0.20600061118602753
N064_F-GT_seed0,64,0,819,0.17504318803548813
N064_F-GT_seed0,64,0,820,0.12704458460211754
N064_F-GT_seed0,64,0,821,0.166622132062912
N064_F-GT_seed0,64,0,822,0.17107175290584564
N064_F-GT_seed0,64,0,823,0.1712762489914894
N064_F-GT_seed0,64,0,824,0.14980638027191162
N064_F-GT_seed0,64,0,825,0.12048833817243576
N064_F-GT_seed0,64,0,826,0.20081594586372375
N064_F-GT_seed0,64,0,827,0.21317822486162186
N064_F-GT_seed0,64,0,828,0.10021533444523811
N064_F-GT_seed0,64,0,829,0.23218213021755219
N064_F-GT_seed0,64,0,830,0.20259124040603638
N064_F-GT_seed0,64,0,831,0.08501979522407055
N064_F-GT_seed0,64,0,832,0.14564380422234535
N064_F-GT_seed0,64,0,833,0.15671002864837646
N064_F-GT_seed0,64,0,834,0.13186127692461014
N064_F-GT_seed0,64,0,835,0.1482217237353325
N064_F-GT_seed0,64,0,836,0.11857821047306061
N064_F-GT_seed0,64,0,837,0.10302466154098511
N064_F-GT_seed0,64,0,838,0.21319880336523056
N064_F-GT_seed0,64,0,839,0.11345265805721283
N064_F-GT_seed0,64,0,840,0.14732195436954498
N064_F-GT_seed0,64,0,841,0.16789069026708603
N064_F-GT_seed0,64,0,842,0.10874731093645096
N064_F-GT_seed0,64,0,843,0.23190061748027802
N064_F-GT_seed0,64,0,844,0.09348413348197937
N064_F-GT_seed0,64,0,845,0.12383080646395683
N064_F-GT_seed0,64,0,846,0.16734576225280762
N064_F-GT_seed0,64,0,847,0.18930146098136902
N064_F-GT_seed0,64,0,848,0.24735385179519653
N064_F-GT_seed0,64,0,849,0.11660938337445259
N064_F-GT_seed0,64,0,850,0.12119800224900246
N064_F-GT_seed0,64,0,851,0.15146198123693466
N064_F-GT_seed0,64,0,852,0.1880088746547699
N064_F-GT_seed0,64,0,853,0.20754987746477127
N064_F-GT_seed0,64,0,854,0.2612542696297169
N064_F-GT_seed0,64,0,855,0.17332440614700317
N064_F-GT_seed0,64,0,856,0.19768878817558289
N064_F-GT_seed0,64,0,857,0.20841073989868164
N064_F-GT_seed0,64,0,858,0.1110595054924488
N064_F-GT_seed0,64,0,859,0.3203287124633789
N064_F-GT_seed0,64,0,860,0.2721950635313988
N064_F-GT_seed0,64,0,861,0.14292161911725998
N064_F-GT_seed0,64,0,862,0.15535635501146317
N064_F-GT_seed0,64,0,863,0.29083502292633057
N064_F-GT_seed0,64,0,864,0.17472979426383972
N064_F-GT_seed0,64,0,865,0.22549457848072052
N064_F-GT_seed0,64,0,866,0.1415335014462471
N064_F-GT_seed0,64,0,867,0.464248925447464
N064_F-GT_seed0,64,0,868,0.3639460727572441
N064_F-GT_seed0,64,0,869,0.13088850304484367
N064_F-GT_seed0,64,0,870,0.1347237229347229
N064_F-GT_seed0,64,0,871,0.15858998894691467
N064_F-GT_seed0,64,0,872,0.21608896553516388
N064_F-GT_seed0,64,0,873,0.17456628382205963
N064_F-GT_seed0,64,0,874,0.12442132830619812
N064_F-GT_seed0,64,0,875,0.10449669510126114
N064_F-GT_seed0,64,0,876,0.12832613289356232
N064_F-GT_seed0,64,0,877,0.2190883606672287
N064_F-GT_seed0,64,0,878,0.11452989280223846
N064_F-GT_seed0,64,0,879,0.19322478771209717
N064_F-GT_seed0,64,0,880,0.13492454588413239
N064_F-GT_seed0,64,0,881,0.1988368034362793
N064_F-GT_seed0,64,0,882,0.2318524643778801
N064_F-GT_seed0,64,0,883,0.15300455689430237
N064_F-GT_seed0,64,0,884,0.2363601252436638
N064_F-GT_seed0,64,0,885,0.10109052807092667
N064_F-GT_seed0,64,0,886,0.13110053539276123
N064_F-GT_seed0,64,0,887,0.22485186904668808
N064_F-GT_seed0,64,0,888,0.14833726733922958
N064_F-GT_seed0,64,0,889,0.22646507620811462
N064_F-GT_seed0,64,0,890,0.11747835204005241
N064_F-GT_seed0,64,0,891,0.22875070571899414
N064_F-GT_seed0,64,0,892,0.17579662799835205
N064_F-GT_seed0,64,0,893,0.07972263917326927
N064_F-GT_seed0,64,0,894,0.15038573741912842
N064_F-GT_seed0,64,0,895,0.1040564700961113
N064_F-GT_seed0,64,0,896,0.14368019998073578
N064_F-GT_seed0,64,0,897,0.12668240442872047
N064_F-GT_seed0,64,0,898,0.1823844313621521
N064_F-GT_seed0,64,0,899,0.2301318570971489
N064_F-GT_seed0,64,0,900,0.13239480555057526
N064_F-GT_seed0,64,0,901,0.1391557902097702
N064_F-GT_seed0,64,0,902,0.1538199633359909
N064_F-GT_seed0,64,0,903,0.15583766996860504
N064_F-GT_seed0,64,0,904,0.25629543513059616
N064_F-GT_seed0,64,0,905,0.13270829990506172
N064_F-GT_seed0,64,0,906,0.09469598531723022
N064_F-GT_seed0,64,0,907,0.13124027475714684
N064_F-GT_seed0,64,0,908,0.12510070204734802
N064_F-GT_seed0,64,0,909,0.12739668041467667
N064_F-GT_seed0,64,0,910,0.11879491806030273
N064_F-GT_seed0,64,0,911,0.1225559376180172
N064_F-GT_seed0,64,0,912,0.18146708980202675
N064_F-GT_seed0,64,0,913,0.192655548453331
N064_F-GT_seed0,64,0,914,0.1511193960905075
N064_F-GT_seed0,64,0,915,0.21202505379915237
N064_F-GT_seed0,64,0,916,0.1260935440659523
N064_F-GT_seed0,64,0,917,0.12283020466566086
N064_F-GT_seed0,64,0,918,0.1298879012465477
N064_F-GT_seed0,64,0,919,0.1150665283203125
N064_F-GT_seed0,64,0,920,0.10529889911413193
N064_F-GT_seed0,64,0,921,0.13872824609279633
N064_F-GT_seed0,64,0,922,0.1569792851805687
N064_F-GT_seed0,64,0,923,0.11835189908742905
N064_F-GT_seed0,64,0,924,0.10959659144282341
N064_F-GT_seed0,64,0,925,0.1608612835407257
N064_F-GT_seed0,64,0,926,0.11425357684493065
N064_F-GT_seed0,64,0,927,0.39701271057128906
N064_F-GT_seed0,64,0,928,0.1626831479370594
N064_F-GT_seed0,64,0,929,0.14099779725074768
N064_F-GT_seed0,64,0,930,0.1201254390180111
N064_F-GT_seed0,64,0,931,0.11860457435250282
N064_F-GT_seed0,64,0,932,0.2207607924938202
N064_F-GT_seed0,64,0,933,0.1281093806028366
N064_F-GT_seed0,64,0,934,0.15027784556150436
N064_F-GT_seed0,64,0,935,0.1097179539501667
N064_F-GT_seed0,64,0,936,0.10944728553295135
N064_F-GT_seed0,64,0,937,0.12794484198093414
N064_F-GT_seed0,64,0,938,0.15528469532728195
N064_F-GT_seed0,64,0,939,0.19068235903978348
N064_F-GT_seed0,64,0,940,0.21126896142959595
N064_F-GT_seed0,64,0,941,0.20079278945922852
N064_F-GT_seed0,64,0,942,0.1573271043598652
N064_F-GT_seed0,64,0,943,0.1273026466369629
N064_F-GT_seed0,64,0,944,0.11328114196658134
N064_F-GT_seed0,64,0,945,0.11868953704833984
N064_F-GT_seed0,64,0,946,0.27764374017715454
N064_F-GT_seed0,64,0,947,0.12958774715662003
N064_F-GT_seed0,64,0,948,0.14118102565407753
N064_F-GT_seed0,64,0,949,0.10587019473314285
N064_F-GT_seed0,64,0,950,0.12672733142971992
N064_F-GT_seed0,64,0,951,0.10427496209740639
N064_F-GT_seed0,64,0,952,0.2181876227259636
N064_F-GT_seed0,64,0,953,0.13407697528600693
N064_F-GT_seed0,64,0,954,0.1688568964600563
N064_F-GT_seed0,64,0,955,0.19353961199522018
N064_F-GT_seed0,64,0,956,0.1447550281882286
N064_F-GT_seed0,64,0,957,0.1731562688946724
N064_F-GT_seed0,64,0,958,0.18032292276620865
N064_F-GT_seed0,64,0,959,0.15621811896562576
N064_F-GT_seed0,64,0,960,0.1911119855940342
N064_F-GT_seed0,64,0,961,0.17321480810642242
N064_F-GT_seed0,64,0,962,0.2038174569606781
N064_F-GT_seed0,64,0,963,0.10985510051250458
N064_F-GT_seed0,64,0,964,0.19947070628404617
N064_F-GT_seed0,64,0,965,0.1400992050766945
N064_F-GT_seed0,64,0,966,0.13247618824243546
N064_F-GT_seed0,64,0,967,0.14004328101873398
N064_F-GT_seed0,64,0,968,0.17575619369745255
N064_F-GT_seed0,64,0,969,0.19364859908819199
N064_F-GT_seed0,64,0,970,0.1353667862713337
N064_F-GT_seed0,64,0,971,0.11311570927500725
N064_F-GT_seed0,64,0,972,0.1183883436024189
N064_F-GT_seed0,64,0,973,0.36363790929317474
N064_F-GT_seed0,64,0,974,0.306450292468071
N064_F-GT_seed0,64,0,975,0.5397398918867111
N064_F-GT_seed0,64,0,976,0.1733812615275383
N064_F-GT_seed0,64,0,977,0.20652849972248077
N064_F-GT_seed0,64,0,978,0.2147250920534134
N064_F-GT_seed0,64,0,979,0.23656411468982697
N064_F-GT_seed0,64,0,980,0.19149985909461975
N064_F-GT_seed0,64,0,981,0.15840337797999382
N064_F-GT_seed0,64,0,982,0.1903608813881874
N064_F-GT_seed0,64,0,983,0.21361549198627472
N064_F-GT_seed0,64,0,984,0.15689629316329956
N064_F-GT_seed0,64,0,985,0.09990537166595459
N064_F-GT_seed0,64,0,986,0.13454177975654602
N064_F-GT_seed0,64,0,987,0.1953282691538334
N064_F-GT_seed0,64,0,988,0.12078268453478813
N064_F-GT_seed0,64,0,989,0.08268171921372414
N064_F-GT_seed0,64,0,990,0.21761760115623474
N064_F-GT_seed0,64,0,991,0.12643636763095856
N064_F-GT_seed0,64,0,992,0.13489749282598495
N064_F-GT_seed0,64,0,993,0.18172283470630646
N064_F-GT_seed0,64,0,994,0.3563503548502922
N064_F-GT_seed0,64,0,995,0.11093408986926079
N064_F-GT_seed0,64,0,996,0.25648000836372375
N064_F-GT_seed0,64,0,997,0.1420695073902607
N064_F-GT_seed0,64,0,998,0.17304153740406036
N064_F-GT_seed0,64,0,999,0.1511036865413189
N064_F-GT_seed0,64,0,1000,0.07846253737807274
N064_F-GT_seed1,64,1,1,1.0837768912315369
N064_F-GT_seed1,64,1,2,1.3199713230133057
N064_F-GT_seed1,64,1,3,1.1610113382339478
N064_F-GT_seed1,64,1,4,1.2819405794143677
N064_F-GT_seed1,64,1,5,1.102851152420044
N064_F-GT_seed1,64,1,6,1.3138518333435059
N064_F-GT_seed1,64,1,7,1.1031753420829773
N064_F-GT_seed1,64,1,8,1.2082819938659668
N064_F-GT_seed1,64,1,9,1.1093523502349854
N064_F-GT_seed1,64,1,10,1.2499219179153442
N064_F-GT_seed1,64,1,11,1.2195044159889221
N064_F-GT_seed1,64,1,12,1.1025546789169312
N064_F-GT_seed1,64,1,13,1.2037083506584167
N064_F-GT_seed1,64,1,14,1.1841527223587036
N064_F-GT_seed1,64,1,15,1.2528599500656128
N064_F-GT_seed1,64,1,16,1.2072308659553528
N064_F-GT_seed1,64,1,17,1.1383635997772217
N064_F-GT_seed1,64,1,18,1.2496416568756104
N064_F-GT_seed1,64,1,19,1.1418203115463257
N064_F-GT_seed1,64,1,20,1.1726656556129456
N064_F-GT_seed1,64,1,21,1.443757712841034
N064_F-GT_seed1,64,1,22,1.199169933795929
N064_F-GT_seed1,64,1,23,1.05781888961792
N064_F-GT_seed1,64,1,24,1.2785056233406067
N064_F-GT_seed1,64,1,25,1.1366595029830933
N064_F-GT_seed1,64,1,26,1.0897186398506165
N064_F-GT_seed1,64,1,27,1.2084171175956726
N064_F-GT_seed1,64,1,28,0.9828277826309204
N064_F-GT_seed1,64,1,29,1.311021327972412
N064_F-GT_seed1,64,1,30,1.0846096277236938
N064_F-GT_seed1,64,1,31,1.1749504804611206
N064_F-GT_seed1,64,1,32,1.1804189085960388
N064_F-GT_seed1,64,1,33,1.259764313697815
N064_F-GT_seed1,64,1,34,1.0963646173477173
N064_F-GT_seed1,64,1,35,1.40179044008255
N064_F-GT_seed1,64,1,36,1.1082695126533508
N064_F-GT_seed1,64,1,37,1.0607205629348755
N064_F-GT_seed1,64,1,38,1.2379477620124817
N064_F-GT_seed1,64,1,39,1.205864131450653
N064_F-GT_seed1,64,1,40,1.0147055387496948
N064_F-GT_seed1,64,1,41,1.146865427494049
N064_F-GT_seed1,64,1,42,1.2162587642669678
N064_F-GT_seed1,64,1,43,1.0778160095214844
N064_F-GT_seed1,64,1,44,1.3273550271987915
N064_F-GT_seed1,64,1,45,1.2363094091415405
N064_F-GT_seed1,64,1,46,1.0325437188148499
N064_F-GT_seed1,64,1,47,1.074620008468628
N064_F-GT_seed1,64,1,48,1.0639717876911163
N064_F-GT_seed1,64,1,49,1.1297348737716675
N064_F-GT_seed1,64,1,50,1.2426756620407104
N064_F-GT_seed1,64,1,51,1.1622622609138489
N064_F-GT_seed1,64,1,52,1.0937343835830688
N064_F-GT_seed1,64,1,53,1.207249641418457
N064_F-GT_seed1,64,1,54,1.1800190806388855
N064_F-GT_seed1,64,1,55,1.1590213179588318
N064_F-GT_seed1,64,1,56,1.1719518303871155
N064_F-GT_seed1,64,1,57,1.1441004276275635
N064_F-GT_seed1,64,1,58,1.1331264972686768
N064_F-GT_seed1,64,1,59,1.154375433921814
N064_F-GT_seed1,64,1,60,1.1433135867118835
N064_F-GT_seed1,64,1,61,1.178313970565796
N064_F-GT_seed1,64,1,62,1.051443338394165
N064_F-GT_seed1,64,1,63,1.0725542604923248
N064_F-GT_seed1,64,1,64,1.1680421233177185
N064_F-GT_seed1,64,1,65,1.1243550777435303
N064_F-GT_seed1,64,1,66,1.332023561000824
N064_F-GT_seed1,64,1,67,1.2088888883590698
N064_F-GT_seed1,64,1,68,1.0761187672615051
N064_F-GT_seed1,64,1,69,1.2770938873291016
N064_F-GT_seed1,64,1,70,1.0365652441978455
N064_F-GT_seed1,64,1,71,1.2438992261886597
N064_F-GT_seed1,64,1,72,1.3489173650741577
N064_F-GT_seed1,64,1,73,1.2042863368988037
N064_F-GT_seed1,64,1,74,1.122630536556244
N064_F-GT_seed1,64,1,75,1.3179590702056885
N064_F-GT_seed1,64,1,76,0.9961951971054077
N064_F-GT_seed1,64,1,77,1.1114754676818848
N064_F-GT_seed1,64,1,78,1.165694773197174
N064_F-GT_seed1,64,1,79,1.153895616531372
N064_F-GT_seed1,64,1,80,1.2015522718429565
N064_F-GT_seed1,64,1,81,1.0605574250221252
N064_F-GT_seed1,64,1,82,1.2136239409446716
N064_F-GT_seed1,64,1,83,1.1857442259788513
N064_F-GT_seed1,64,1,84,1.2262675166130066
N064_F-GT_seed1,64,1,85,1.300658941268921
N064_F-GT_seed1,64,1,86,1.1802029013633728
N064_F-GT_seed1,64,1,87,1.1333892345428467
N064_F-GT_seed1,64,1,88,1.105748176574707
N064_F-GT_seed1,64,1,89,1.1050537824630737
N064_F-GT_seed1,64,1,90,1.241688311100006
N064_F-GT_seed1,64,1,91,1.1925917267799377
N064_F-GT_seed1,64,1,92,0.97325599193573
N064_F-GT_seed1,64,1,93,1.2138185501098633
N064_F-GT_seed1,64,1,94,1.039456069469452
N064_F-GT_seed1,64,1,95,1.0648566484451294
N064_F-GT_seed1,64,1,96,1.1159868836402893
N064_F-GT_seed1,64,1,97,1.028695285320282
N064_F-GT_seed1,64,1,98,1.037751317024231
N064_F-GT_seed1,64,1,99,1.0454429388046265
N064_F-GT_seed1,64,1,100,1.1946987509727478
N064_F-GT_seed1,64,1,101,1.1220693588256836
N064_F-GT_seed1,64,1,102,0.9747392535209656
N064_F-GT_seed1,64,1,103,1.0525727272033691
N064_F-GT_seed1,64,1,104,1.0025418102741241
N064_F-GT_seed1,64,1,105,1.1243066787719727
N064_F-GT_seed1,64,1,106,1.2617165446281433
N064_F-GT_seed1,64,1,107,1.1063592433929443
N064_F-GT_seed1,64,1,108,0.9956828951835632
N064_F-GT_seed1,64,1,109,1.0451232194900513
N064_F-GT_seed1,64,1,110,1.1150506734848022
N064_F-GT_seed1,64,1,111,1.0222947299480438
N064_F-GT_seed1,64,1,112,0.9753045737743378
N064_F-GT_seed1,64,1,113,0.9307764768600464
N064_F-GT_seed1,64,1,114,1.1608219742774963
N064_F-GT_seed1,64,1,115,1.0281979441642761
N064_F-GT_seed1,64,1,116,1.0566911697387695
N064_F-GT_seed1,64,1,117,0.9606389999389648
N064_F-GT_seed1,64,1,118,0.9673919677734375
N064_F-GT_seed1,64,1,119,1.0214648842811584
N064_F-GT_seed1,64,1,120,0.9526121616363525
N064_F-GT_seed1,64,1,121,1.127481997013092
N064_F-GT_seed1,64,1,122,1.0314945876598358
N064_F-GT_seed1,64,1,123,1.0792676210403442
N064_F-GT_seed1,64,1,124,1.051255464553833
N064_F-GT_seed1,64,1,125,1.0504615306854248
N064_F-GT_seed1,64,1,126,0.9716127514839172
N064_F-GT_seed1,64,1,127,1.1300270557403564
N064_F-GT_seed1,64,1,128,1.1220273971557617
N064_F-GT_seed1,64,1,129,1.0053991973400116
N064_F-GT_seed1,64,1,130,1.084054708480835
N064_F-GT_seed1,64,1,131,0.9193584322929382
N064_F-GT_seed1,64,1,132,0.9402564167976379
N064_F-GT_seed1,64,1,133,1.0374978184700012
N064_F-GT_seed1,64,1,134,0.9989466667175293
N064_F-GT_seed1,64,1,135,1.010813593864441
N064_F-GT_seed1,64,1,136,0.9659461379051208
N064_F-GT_seed1,64,1,137,0.9307848513126373
N064_F-GT_seed1,64,1,138,1.1653123497962952
N064_F-GT_seed1,64,1,139,1.0472862124443054
N064_F-GT_seed1,64,1,140,0.877759724855423
N064_F-GT_seed1,64,1,141,1.109432339668274
N064_F-GT_seed1,64,1,142,1.0629554688930511
N064_F-GT_seed1,64,1,143,1.0303926765918732
N064_F-GT_seed1,64,1,144,0.9626222848892212
N064_F-GT_seed1,64,1,145,0.9990736246109009
N064_F-GT_seed1,64,1,146,0.9781889021396637
N064_F-GT_seed1,64,1,147,0.8339720964431763
N064_F-GT_seed1,64,1,148,0.9817623794078827
N064_F-GT_seed1,64,1,149,1.0049273669719696
N064_F-GT_seed1,64,1,150,0.9962504208087921
N064_F-GT_seed1,64,1,151,0.9485560357570648
N064_F-GT_seed1,64,1,152,0.8551439940929413
N064_F-GT_seed1,64,1,153,0.9510959386825562
N064_F-GT_seed1,64,1,154,1.1192209422588348
N064_F-GT_seed1,64,1,155,0.9296431541442871
N064_F-GT_seed1,64,1,156,0.8372611105442047
N064_F-GT_seed1,64,1,157,0.9902603924274445
N064_F-GT_seed1,64,1,158,1.03439462184906
N064_F-GT_seed1,64,1,159,0.8747921586036682
N064_F-GT_seed1,64,1,160,1.0838446915149689
N064_F-GT_seed1,64,1,161,0.9291128814220428
N064_F-GT_seed1,64,1,162,1.0035412907600403
N064_F-GT_seed1,64,1,163,1.056933730840683
N064_F-GT_seed1,64,1,164,0.871966153383255
N064_F-GT_seed1,64,1,165,1.0223036408424377
N064_F-GT_seed1,64,1,166,0.7573645114898682
N064_F-GT_seed1,64,1,167,0.9670283794403076
N064_F-GT_seed1,64,1,168,0.9547006487846375
N064_F-GT_seed1,64,1,169,0.9121728539466858
N064_F-GT_seed1,64,1,170,1.07360178232193
N064_F-GT_seed1,64,1,171,0.8746136426925659
N064_F-GT_seed1,64,1,172,0.9382942318916321
N064_F-GT_seed1,64,1,173,0.9692907333374023
N064_F-GT_seed1,64,1,174,0.9438035786151886
N064_F-GT_seed1,64,1,175,0.9016935527324677
N064_F-GT_seed1,64,1,176,1.0667929649353027
N064_F-GT_seed1,64,1,177,0.8010186851024628
N064_F-GT_seed1,64,1,178,0.8174772560596466
N064_F-GT_seed1,64,1,179,0.8726590573787689
N064_F-GT_seed1,64,1,180,0.9451825618743896
N064_F-GT_seed1,64,1,181,0.6571604907512665
N064_F-GT_seed1,64,1,182,0.8342048227787018
N064_F-GT_seed1,64,1,183,0.9475236535072327
N064_F-GT_seed1,64,1,184,1.0130048394203186
N064_F-GT_seed1,64,1,185,0.8786880075931549
N064_F-GT_seed1,64,1,186,0.9717766344547272
N064_F-GT_seed1,64,1,187,0.8449270129203796
N064_F-GT_seed1,64,1,188,0.980181097984314
N064_F-GT_seed1,64,1,189,0.94224414229393
N064_F-GT_seed1,64,1,190,0.9943956434726715
N064_F-GT_seed1,64,1,191,0.9557357430458069
N064_F-GT_seed1,64,1,192,0.9707665145397186
N064_F-GT_seed1,64,1,193,0.8344870805740356
N064_F-GT_seed1,64,1,194,0.9698294401168823
N064_F-GT_seed1,64,1,195,0.8194305002689362
N064_F-GT_seed1,64,1,196,0.9460265040397644
N064_F-GT_seed1,64,1,197,0.8172698020935059
N064_F-GT_seed1,64,1,198,0.8782202899456024
N064_F-GT_seed1,64,1,199,0.8962758481502533
N064_F-GT_seed1,64,1,200,0.8891913592815399
N064_F-GT_seed1,64,1,201,0.8018303513526917
N064_F-GT_seed1,64,1,202,0.6878325641155243
N064_F-GT_seed1,64,1,203,0.7927841246128082
N064_F-GT_seed1,64,1,204,0.9328351020812988
N064_F-GT_seed1,64,1,205,0.774822860956192
N064_F-GT_seed1,64,1,206,0.795365035533905
N064_F-GT_seed1,64,1,207,0.8608986735343933
N064_F-GT_seed1,64,1,208,0.6928980350494385
N064_F-GT_seed1,64,1,209,0.9284318089485168
N064_F-GT_seed1,64,1,210,0.9086299538612366
N064_F-GT_seed1,64,1,211,0.8029168248176575
N064_F-GT_seed1,64,1,212,0.9136914014816284
N064_F-GT_seed1,64,1,213,0.9084345400333405
N064_F-GT_seed1,64,1,214,0.9177414774894714
N064_F-GT_seed1,64,1,215,0.8620985746383667
N064_F-GT_seed1,64,1,216,0.64016193151474
N064_F-GT_seed1,64,1,217,0.8806271851062775
N064_F-GT_seed1,64,1,218,0.8222572803497314
N064_F-GT_seed1,64,1,219,0.8782488703727722
N064_F-GT_seed1,64,1,220,0.7979465126991272
N064_F-GT_seed1,64,1,221,0.7605027258396149
N064_F-GT_seed1,64,1,222,0.800531417131424
N064_F-GT_seed1,64,1,223,0.5790548920631409
N064_F-GT_seed1,64,1,224,0.7466659843921661
N064_F-GT_seed1,64,1,225,0.6837458312511444
N064_F-GT_seed1,64,1,226,0.7256977558135986
N064_F-GT_seed1,64,1,227,0.6650022268295288
N064_F-GT_seed1,64,1,228,0.6562305986881256
N064_F-GT_seed1,64,1,229,0.769914299249649
N064_F-GT_seed1,64,1,230,0.7296534478664398
N064_F-GT_seed1,64,1,231,0.9943579137325287
N064_F-GT_seed1,64,1,232,0.932927131652832
N064_F-GT_seed1,64,1,233,0.7365050613880157
N064_F-GT_seed1,64,1,234,0.6241351068019867
N064_F-GT_seed1,64,1,235,0.8331724107265472
N064_F-GT_seed1,64,1,236,0.7132619917392731
N064_F-GT_seed1,64,1,237,0.729358971118927
N064_F-GT_seed1,64,1,238,0.7212465405464172
N064_F-GT_seed1,64,1,239,0.683651864528656
N064_F-GT_seed1,64,1,240,0.7984384298324585
N064_F-GT_seed1,64,1,241,0.7578887343406677
N064_F-GT_seed1,64,1,242,0.7600215673446655
N064_F-GT_seed1,64,1,243,0.7766816914081573
N064_F-GT_seed1,64,1,244,0.7119140028953552
N064_F-GT_seed1,64,1,245,0.6733789443969727
N064_F-GT_seed1,64,1,246,0.6117709875106812
N064_F-GT_seed1,64,1,247,0.8215253949165344
N064_F-GT_seed1,64,1,248,0.7053358256816864
N064_F-GT_seed1,64,1,249,0.6846895813941956
N064_F-GT_seed1,64,1,250,0.5561010539531708
N064_F-GT_seed1,64,1,251,0.755896806716919
N064_F-GT_seed1,64,1,252,0.5811951756477356
N064_F-GT_seed1,64,1,253,0.6361658275127411
N064_F-GT_seed1,64,1,254,0.6834241151809692
N064_F-GT_seed1,64,1,255,0.5838722288608551
N064_F-GT_seed1,64,1,256,0.60902538895607
N064_F-GT_seed1,64,1,257,0.8587554395198822
N064_F-GT_seed1,64,1,258,0.5642878115177155
N064_F-GT_seed1,64,1,259,0.7386977076530457
N064_F-GT_seed1,64,1,260,0.5809407830238342
N064_F-GT_seed1,64,1,261,0.838038444519043
N064_F-GT_seed1,64,1,262,0.6698994636535645
N064_F-GT_seed1,64,1,263,0.640336662530899
N064_F-GT_seed1,64,1,264,0.5407666712999344
N064_F-GT_seed1,64,1,265,0.46292851865291595
N064_F-GT_seed1,64,1,266,0.5660599321126938
N064_F-GT_seed1,64,1,267,0.8243372440338135
N064_F-GT_seed1,64,1,268,0.9139329791069031
N064_F-GT_seed1,64,1,269,0.46279506385326385
N064_F-GT_seed1,64,1,270,0.6698611974716187
N064_F-GT_seed1,64,1,271,0.6688124537467957
N064_F-GT_seed1,64,1,272,0.8231497704982758
N064_F-GT_seed1,64,1,273,0.5407169461250305
N064_F-GT_seed1,64,1,274,0.5611228793859482
N064_F-GT_seed1,64,1,275,0.5064062625169754
N064_F-GT_seed1,64,1,276,0.5633673667907715
N064_F-GT_seed1,64,1,277,0.46594229340553284
N064_F-GT_seed1,64,1,278,0.49595215916633606
N064_F-GT_seed1,64,1,279,0.6314113736152649
N064_F-GT_seed1,64,1,280,0.4052969813346863
N064_F-GT_seed1,64,1,281,0.6820681393146515
N064_F-GT_seed1,64,1,282,0.46247418224811554
N064_F-GT_seed1,64,1,283,0.5047046095132828
N064_F-GT_seed1,64,1,284,0.47535252571105957
N064_F-GT_seed1,64,1,285,0.5420470237731934
N064_F-GT_seed1,64,1,286,0.35250401496887207
N064_F-GT_seed1,64,1,287,0.4439988136291504
N064_F-GT_seed1,64,1,288,0.30512961745262146
N064_F-GT_seed1,64,1,289,0.5742377489805222
N064_F-GT_seed1,64,1,290,0.674984484910965
N064_F-GT_seed1,64,1,291,0.5181659758090973
N064_F-GT_seed1,64,1,292,0.6580367088317871
N064_F-GT_seed1,64,1,293,0.563207358121872
N064_F-GT_seed1,64,1,294,0.5918497443199158
N064_F-GT_seed1,64,1,295,0.3613407462835312
N064_F-GT_seed1,64,1,296,0.3896400034427643
N064_F-GT_seed1,64,1,297,0.6842426359653473
N064_F-GT_seed1,64,1,298,0.5607596933841705
N064_F-GT_seed1,64,1,299,0.5653020441532135
N064_F-GT_seed1,64,1,300,0.6140944957733154
N064_F-GT_seed1,64,1,301,0.4728647917509079
N064_F-GT_seed1,64,1,302,0.2959606945514679
N064_F-GT_seed1,64,1,303,0.4976339042186737
N064_F-GT_seed1,64,1,304,0.4441363215446472
N064_F-GT_seed1,64,1,305,0.48693472146987915
N064_F-GT_seed1,64,1,306,0.42523299157619476
N064_F-GT_seed1,64,1,307,0.5371755063533783
N064_F-GT_seed1,64,1,308,0.3333376944065094
N064_F-GT_seed1,64,1,309,0.4654945135116577
N064_F-GT_seed1,64,1,310,0.46436557173728943
N064_F-GT_seed1,64,1,311,0.4950054883956909
N064_F-GT_seed1,64,1,312,0.36371883749961853
N064_F-GT_seed1,64,1,313,0.475885346531868
N064_F-GT_seed1,64,1,314,0.5236249417066574
N064_F-GT_seed1,64,1,315,0.4712510406970978
N064_F-GT_seed1,64,1,316,0.2673080414533615
N064_F-GT_seed1,64,1,317,0.31324486434459686
N064_F-GT_seed1,64,1,318,0.4194851219654083
N064_F-GT_seed1,64,1,319,0.29632115364074707
N064_F-GT_seed1,64,1,320,0.3115101754665375
N064_F-GT_seed1,64,1,321,0.5176224857568741
N064_F-GT_seed1,64,1,322,0.45701584219932556
N064_F-GT_seed1,64,1,323,0.271988108754158
N064_F-GT_seed1,64,1,324,0.37493664771318436
N064_F-GT_seed1,64,1,325,0.283186674118042
N064_F-GT_seed1,64,1,326,0.46968549489974976
N064_F-GT_seed1,64,1,327,0.17108366638422012
N064_F-GT_seed1,64,1,328,0.35025256872177124
N064_F-GT_seed1,64,1,329,0.3401637673377991
N064_F-GT_seed1,64,1,330,0.20655940473079681
N064_F-GT_seed1,64,1,331,0.364284411072731
N064_F-GT_seed1,64,1,332,0.7868760824203491
N064_F-GT_seed1,64,1,333,0.43956251442432404
N064_F-GT_seed1,64,1,334,0.43986061215400696
N064_F-GT_seed1,64,1,335,0.40489058196544647
N064_F-GT_seed1,64,1,336,0.4474690109491348
N064_F-GT_seed1,64,1,337,0.25719448924064636
N064_F-GT_seed1,64,1,338,0.30366797745227814
N064_F-GT_seed1,64,1,339,0.2526618391275406
N064_F-GT_seed1,64,1,340,0.29945918917655945
N064_F-GT_seed1,64,1,341,0.30286985635757446
N064_F-GT_seed1,64,1,342,0.5580389648675919
N064_F-GT_seed1,64,1,343,0.5998598337173462
N064_F-GT_seed1,64,1,344,0.3289259672164917
N064_F-GT_seed1,64,1,345,0.4217866361141205
N064_F-GT_seed1,64,1,346,0.4664807617664337
N064_F-GT_seed1,64,1,347,0.542169988155365
N064_F-GT_seed1,64,1,348,0.3204154968261719
N064_F-GT_seed1,64,1,349,0.43175266683101654
N064_F-GT_seed1,64,1,350,0.32090915739536285
N064_F-GT_seed1,64,1,351,0.4149438142776489
N064_F-GT_seed1,64,1,352,0.24011815339326859
N064_F-GT_seed1,64,1,353,0.33891892433166504
N064_F-GT_seed1,64,1,354,0.47952014207839966
N064_F-GT_seed1,64,1,355,0.3489522710442543
N064_F-GT_seed1,64,1,356,0.3180413618683815
N064_F-GT_seed1,64,1,357,0.3399079367518425
N064_F-GT_seed1,64,1,358,0.336695060133934
N064_F-GT_seed1,64,1,359,0.4319482445716858
N064_F-GT_seed1,64,1,360,0.23984982073307037
N064_F-GT_seed1,64,1,361,0.4003582000732422
N064_F-GT_seed1,64,1,362,0.3964751064777374
N064_F-GT_seed1,64,1,363,0.24717798829078674
N064_F-GT_seed1,64,1,364,0.2802543416619301
N064_F-GT_seed1,64,1,365,0.2871355265378952
N064_F-GT_seed1,64,1,366,0.49752768874168396
N064_F-GT_seed1,64,1,367,0.3024943470954895
N064_F-GT_seed1,64,1,368,0.6401550769805908
N064_F-GT_seed1,64,1,369,0.24976864457130432
N064_F-GT_seed1,64,1,370,0.2931225895881653
N064_F-GT_seed1,64,1,371,0.2541355863213539
N064_F-GT_seed1,64,1,372,0.33405475318431854
N064_F-GT_seed1,64,1,373,0.14950226992368698
N064_F-GT_seed1,64,1,374,0.27354904264211655
N064_F-GT_seed1,64,1,375,0.28769613802433014
N064_F-GT_seed1,64,1,376,0.2065601423382759
N064_F-GT_seed1,64,1,377,0.20318082720041275
N064_F-GT_seed1,64,1,378,0.3510051518678665
N064_F-GT_seed1,64,1,379,0.20617979019880295
N064_F-GT_seed1,64,1,380,0.2899908497929573
N064_F-GT_seed1,64,1,381,0.4147982746362686
N064_F-GT_seed1,64,1,382,0.23970156908035278
N064_F-GT_seed1,64,1,383,0.5788432955741882
N064_F-GT_seed1,64,1,384,0.30940866470336914
N064_F-GT_seed1,64,1,385,0.2479567974805832
N064_F-GT_seed1,64,1,386,0.3161891773343086
N064_F-GT_seed1,64,1,387,0.1707104593515396
N064_F-GT_seed1,64,1,388,0.32577309757471085
N064_F-GT_seed1,64,1,389,0.26330894976854324
N064_F-GT_seed1,64,1,390,0.34304457902908325
N064_F-GT_seed1,64,1,391,0.3270113915205002
N064_F-GT_seed1,64,1,392,0.44272489845752716
N064_F-GT_seed1,64,1,393,0.298994779586792
N064_F-GT_seed1,64,1,394,0.21324186027050018
N064_F-GT_seed1,64,1,395,0.3017715960741043
N064_F-GT_seed1,64,1,396,0.2967888340353966
N064_F-GT_seed1,64,1,397,0.254635825753212
N064_F-GT_seed1,64,1,398,0.15226610749959946
N064_F-GT_seed1,64,1,399,0.34529510140419006
N064_F-GT_seed1,64,1,400,0.490509569644928
N064_F-GT_seed1,64,1,401,0.15228363126516342
N064_F-GT_seed1,64,1,402,0.2521296292543411
N064_F-GT_seed1,64,1,403,0.49918538331985474
N064_F-GT_seed1,64,1,404,0.2339562475681305
N064_F-GT_seed1,64,1,405,0.3238416463136673
N064_F-GT_seed1,64,1,406,0.3443438410758972
N064_F-GT_seed1,64,1,407,0.3079179525375366
N064_F-GT_seed1,64,1,408,0.37652282416820526
N064_F-GT_seed1,64,1,409,0.3472837656736374
N064_F-GT_seed1,64,1,410,0.4043097272515297
N064_F-GT_seed1,64,1,411,0.25885119289159775
N064_F-GT_seed1,64,1,412,0.37038543820381165
N064_F-GT_seed1,64,1,413,0.20934423059225082
N064_F-GT_seed1,64,1,414,0.45147527754306793
N064_F-GT_seed1,64,1,415,0.22757457941770554
N064_F-GT_seed1,64,1,416,0.496102187782526
N064_F-GT_seed1,64,1,417,0.231722392141819
N064_F-GT_seed1,64,1,418,0.16864807158708572
N064_F-GT_seed1,64,1,419,0.2739256024360657
N064_F-GT_seed1,64,1,420,0.26789283752441406
N064_F-GT_seed1,64,1,421,0.21922915428876877
N064_F-GT_seed1,64,1,422,0.25562984496355057
N064_F-GT_seed1,64,1,423,0.2115294262766838
N064_F-GT_seed1,64,1,424,0.38914814591407776
N064_F-GT_seed1,64,1,425,0.2724803164601326
N064_F-GT_seed1,64,1,426,0.31736113131046295
N064_F-GT_seed1,64,1,427,0.3151010274887085
N064_F-GT_seed1,64,1,428,0.19975437223911285
N064_F-GT_seed1,64,1,429,0.21830657869577408
N064_F-GT_seed1,64,1,430,0.24209032952785492
N064_F-GT_seed1,64,1,431,0.3524639308452606
N064_F-GT_seed1,64,1,432,0.3601193279027939
N064_F-GT_seed1,64,1,433,0.47364842891693115
N064_F-GT_seed1,64,1,434,0.3554505556821823
N064_F-GT_seed1,64,1,435,0.47010495886206627
N064_F-GT_seed1,64,1,436,0.20700469613075256
N064_F-GT_seed1,64,1,437,0.24916553497314453
N064_F-GT_seed1,64,1,438,0.19566503167152405
N064_F-GT_seed1,64,1,439,0.2521013393998146
N064_F-GT_seed1,64,1,440,0.1677108258008957
N064_F-GT_seed1,64,1,441,0.23016812652349472
N064_F-GT_seed1,64,1,442,0.3778669387102127
N064_F-GT_seed1,64,1,443,0.26075105369091034
N064_F-GT_seed1,64,1,444,0.24681342393159866
N064_F-GT_seed1,64,1,445,0.24608797580003738
N064_F-GT_seed1,64,1,446,0.25452981144189835
N064_F-GT_seed1,64,1,447,0.31089020147919655
N064_F-GT_seed1,64,1,448,0.26161812990903854
N064_F-GT_seed1,64,1,449,0.28026241064071655
N064_F-GT_seed1,64,1,450,0.2630913704633713
N064_F-GT_seed1,64,1,451,0.4059370383620262
N064_F-GT_seed1,64,1,452,0.37078629434108734
N064_F-GT_seed1,64,1,453,0.3897440433502197
N064_F-GT_seed1,64,1,454,0.36609528958797455
N064_F-GT_seed1,64,1,455,0.25643232464790344
N064_F-GT_seed1,64,1,456,0.35307231545448303
N064_F-GT_seed1,64,1,457,0.2663552314043045
N064_F-GT_seed1,64,1,458,0.2483281046152115
N064_F-GT_seed1,64,1,459,0.34812788665294647
N064_F-GT_seed1,64,1,460,0.22578712552785873
N064_F-GT_seed1,64,1,461,0.1995009481906891
N064_F-GT_seed1,64,1,462,0.17787005752325058
N064_F-GT_seed1,64,1,463,0.4214777946472168
N064_F-GT_seed1,64,1,464,0.38437727093696594
N064_F-GT_seed1,64,1,465,0.22764918208122253
N064_F-GT_seed1,64,1,466,0.1760270893573761
N064_F-GT_seed1,64,1,467,0.23376894742250443
N064_F-GT_seed1,64,1,468,0.25990918278694153
N064_F-GT_seed1,64,1,469,0.21830059587955475
N064_F-GT_seed1,64,1,470,0.377069354057312
N064_F-GT_seed1,64,1,471,0.2172747701406479
N064_F-GT_seed1,64,1,472,0.32512351870536804
N064_F-GT_seed1,64,1,473,0.32497070729732513
N064_F-GT_seed1,64,1,474,0.2777302786707878
N064_F-GT_seed1,64,1,475,0.20333144813776016
N064_F-GT_seed1,64,1,476,0.2377261146903038
N064_F-GT_seed1,64,1,477,0.39377759397029877
N064_F-GT_seed1,64,1,478,0.4030108153820038
N064_F-GT_seed1,64,1,479,0.2174343466758728
N064_F-GT_seed1,64,1,480,0.12647359818220139
N064_F-GT_seed1,64,1,481,0.2888684570789337
N064_F-GT_seed1,64,1,482,0.3774118423461914
N064_F-GT_seed1,64,1,483,0.2971622198820114
N064_F-GT_seed1,64,1,484,0.35049691796302795
N064_F-GT_seed1,64,1,485,0.32579290866851807
N064_F-GT_seed1,64,1,486,0.4739646762609482
N064_F-GT_seed1,64,1,487,0.2711350545287132
N064_F-GT_seed1,64,1,488,0.22751843929290771
N064_F-GT_seed1,64,1,489,0.4717215299606323
N064_F-GT_seed1,64,1,490,0.2871597185730934
N064_F-GT_seed1,64,1,491,0.3899470865726471
N064_F-GT_seed1,64,1,492,0.35762497782707214
N064_F-GT_seed1,64,1,493,0.1890910416841507
N064_F-GT_seed1,64,1,494,0.1974787712097168
N064_F-GT_seed1,64,1,495,0.42870882898569107
N064_F-GT_seed1,64,1,496,0.2288418859243393
N064_F-GT_seed1,64,1,497,0.2850681021809578
N064_F-GT_seed1,64,1,498,0.42095278203487396
N064_F-GT_seed1,64,1,499,0.2679113447666168
N064_F-GT_seed1,64,1,500,0.2812524661421776
N064_F-GT_seed1,64,1,501,0.19622808694839478
N064_F-GT_seed1,64,1,502,0.24025339633226395
N064_F-GT_seed1,64,1,503,0.3133581727743149
N064_F-GT_seed1,64,1,504,0.4457430839538574
N064_F-GT_seed1,64,1,505,0.23102418333292007
N064_F-GT_seed1,64,1,506,0.2360418140888214
N064_F-GT_seed1,64,1,507,0.2285354807972908
N064_F-GT_seed1,64,1,508,0.22477256506681442
N064_F-GT_seed1,64,1,509,0.19513525813817978
N064_F-GT_seed1,64,1,510,0.21798302978277206
N064_F-GT_seed1,64,1,511,0.12910595908761024
N064_F-GT_seed1,64,1,512,0.32949307560920715
N064_F-GT_seed1,64,1,513,0.1689748838543892
N064_F-GT_seed1,64,1,514,0.141164842993021
N064_F-GT_seed1,64,1,515,0.276666060090065
N064_F-GT_seed1,64,1,516,0.4171527102589607
N064_F-GT_seed1,64,1,517,0.1928899884223938
N064_F-GT_seed1,64,1,518,0.17703525722026825
N064_F-GT_seed1,64,1,519,0.39179567992687225
N064_F-GT_seed1,64,1,520,0.3697625696659088
N064_F-GT_seed1,64,1,521,0.29406406730413437
N064_F-GT_seed1,64,1,522,0.23374000191688538
N064_F-GT_seed1,64,1,523,0.3275543674826622
N064_F-GT_seed1,64,1,524,0.21100030839443207
N064_F-GT_seed1,64,1,525,0.1829872727394104
N064_F-GT_seed1,64,1,526,0.20670224726200104
N064_F-GT_seed1,64,1,527,0.1319219172000885
N064_F-GT_seed1,64,1,528,0.32179083675146103
N064_F-GT_seed1,64,1,529,0.26417428255081177
N064_F-GT_seed1,64,1,530,0.245366171002388
N064_F-GT_seed1,64,1,531,0.2265961617231369
N064_F-GT_seed1,64,1,532,0.15258200094103813
N064_F-GT_seed1,64,1,533,0.17290259152650833
N064_F-GT_seed1,64,1,534,0.31091679632663727
N064_F-GT_seed1,64,1,535,0.3155864477157593
N064_F-GT_seed1,64,1,536,0.31828024983406067
N064_F-GT_seed1,64,1,537,0.24648690223693848
N064_F-GT_seed1,64,1,538,0.2867378741502762
N064_F-GT_seed1,64,1,539,0.1596529185771942
N064_F-GT_seed1,64,1,540,0.40208758413791656
N064_F-GT_seed1,64,1,541,0.3469996973872185
N064_F-GT_seed1,64,1,542,0.12195351719856262
N064_F-GT_seed1,64,1,543,0.15435741096735
N064_F-GT_seed1,64,1,544,0.3624793142080307
N064_F-GT_seed1,64,1,545,0.24153751134872437
N064_F-GT_seed1,64,1,546,0.219480961561203
N064_F-GT_seed1,64,1,547,0.18456612527370453
N064_F-GT_seed1,64,1,548,0.40645691752433777
N064_F-GT_seed1,64,1,549,0.14744391292333603
N064_F-GT_seed1,64,1,550,0.2039649710059166
N064_F-GT_seed1,64,1,551,0.17740041762590408
N064_F-GT_seed1,64,1,552,0.339217409491539
N064_F-GT_seed1,64,1,553,0.26162275671958923
N064_F-GT_seed1,64,1,554,0.15832673013210297
N064_F-GT_seed1,64,1,555,0.16454657912254333
N064_F-GT_seed1,64,1,556,0.3166212737560272
N064_F-GT_seed1,64,1,557,0.16617707163095474
N064_F-GT_seed1,64,1,558,0.31111498177051544
N064_F-GT_seed1,64,1,559,0.28597235679626465
N064_F-GT_seed1,64,1,560,0.27545811235904694
N064_F-GT_seed1,64,1,561,0.18781495839357376
N064_F-GT_seed1,64,1,562,0.29878415167331696
N064_F-GT_seed1,64,1,563,0.44883275032043457
N064_F-GT_seed1,64,1,564,0.20237232744693756
N064_F-GT_seed1,64,1,565,0.16166970878839493
N064_F-GT_seed1,64,1,566,0.19031859934329987
N064_F-GT_seed1,64,1,567,0.09811500087380409
N064_F-GT_seed1,64,1,568,0.21715296804904938
N064_F-GT_seed1,64,1,569,0.29252786934375763
N064_F-GT_seed1,64,1,570,0.20268108695745468
N064_F-GT_seed1,64,1,571,0.19543005526065826
N064_F-GT_seed1,64,1,572,0.18199539184570312
N064_F-GT_seed1,64,1,573,0.2299046516418457
N064_F-GT_seed1,64,1,574,0.27903610467910767
N064_F-GT_seed1,64,1,575,0.09993577376008034
N064_F-GT_seed1,64,1,576,0.21266375482082367
N064_F-GT_seed1,64,1,577,0.21221037209033966
N064_F-GT_seed1,64,1,578,0.27490533888339996
N064_F-GT_seed1,64,1,579,0.291150264441967
N064_F-GT_seed1,64,1,580,0.3306696265935898
N064_F-GT_seed1,64,1,581,0.44032080471515656
N064_F-GT_seed1,64,1,582,0.21215102076530457
N064_F-GT_seed1,64,1,583,0.17753463983535767
N064_F-GT_seed1,64,1,584,0.21225279569625854
N064_F-GT_seed1,64,1,585,0.21264635771512985
N064_F-GT_seed1,64,1,586,0.3394598439335823
N064_F-GT_seed1,64,1,587,0.19152726233005524
N064_F-GT_seed1,64,1,588,0.23474286496639252
N064_F-GT_seed1,64,1,589,0.18298550695180893
N064_F-GT_seed1,64,1,590,0.4627811908721924
N064_F-GT_seed1,64,1,591,0.33614037185907364
N064_F-GT_seed1,64,1,592,0.2917790487408638
N064_F-GT_seed1,64,1,593,0.25099630653858185
N064_F-GT_seed1,64,1,594,0.1889733076095581
N064_F-GT_seed1,64,1,595,0.15387918800115585
N064_F-GT_seed1,64,1,596,0.23362421244382858
N064_F-GT_seed1,64,1,597,0.2676680088043213
N064_F-GT_seed1,64,1,598,0.32804057002067566
N064_F-GT_seed1,64,1,599,0.27627867460250854
N064_F-GT_seed1,64,1,600,0.37322719395160675
N064_F-GT_seed1,64,1,601,0.3073759973049164
N064_F-GT_seed1,64,1,602,0.11350913345813751
N064_F-GT_seed1,64,1,603,0.17547281458973885
N064_F-GT_seed1,64,1,604,0.21412020921707153
N064_F-GT_seed1,64,1,605,0.18313505500555038
N064_F-GT_seed1,64,1,606,0.2114679142832756
N064_F-GT_seed1,64,1,607,0.2505149394273758
N064_F-GT_seed1,64,1,608,0.4260399341583252
N064_F-GT_seed1,64,1,609,0.16587810218334198
N064_F-GT_seed1,64,1,610,0.3067537695169449
N064_F-GT_seed1,64,1,611,0.15699012577533722
N064_F-GT_seed1,64,1,612,0.2522045820951462
N064_F-GT_seed1,64,1,613,0.31775425374507904
N064_F-GT_seed1,64,1,614,0.3629448413848877
N064_F-GT_seed1,64,1,615,0.22504936158657074
N064_F-GT_seed1,64,1,616,0.1797882318496704
N064_F-GT_seed1,64,1,617,0.15538380295038223
N064_F-GT_seed1,64,1,618,0.27372001111507416
N064_F-GT_seed1,64,1,619,0.24869410693645477
N064_F-GT_seed1,64,1,620,0.2407785728573799
N064_F-GT_seed1,64,1,621,0.2243548408150673
N064_F-GT_seed1,64,1,622,0.1447814404964447
N064_F-GT_seed1,64,1,623,0.21097716689109802
N064_F-GT_seed1,64,1,624,0.10690366476774216
N064_F-GT_seed1,64,1,625,0.296226903796196
N064_F-GT_seed1,64,1,626,0.2073250114917755
N064_F-GT_seed1,64,1,627,0.18921904265880585
N064_F-GT_seed1,64,1,628,0.20492557436227798
N064_F-GT_seed1,64,1,629,0.1785123646259308
N064_F-GT_seed1,64,1,630,0.23541133105754852
N064_F-GT_seed1,64,1,631,0.482532799243927
N064_F-GT_seed1,64,1,632,0.15118923783302307
N064_F-GT_seed1,64,1,633,0.18936029821634293
N064_F-GT_seed1,64,1,634,0.534463495016098
N064_F-GT_seed1,64,1,635,0.15872379392385483
N064_F-GT_seed1,64,1,636,0.19982166588306427
N064_F-GT_seed1,64,1,637,0.2677406966686249
N064_F-GT_seed1,64,1,638,0.1349150389432907
N064_F-GT_seed1,64,1,639,0.1962076798081398
N064_F-GT_seed1,64,1,640,0.3692212328314781
N064_F-GT_seed1,64,1,641,0.16265962272882462
N064_F-GT_seed1,64,1,642,0.18975336104631424
N064_F-GT_seed1,64,1,643,0.21681180596351624
N064_F-GT_seed1,64,1,644,0.23569420725107193
N064_F-GT_seed1,64,1,645,0.3434777781367302
N064_F-GT_seed1,64,1,646,0.16906120628118515
N064_F-GT_seed1,64,1,647,0.15534712374210358
N064_F-GT_seed1,64,1,648,0.15681080520153046
N064_F-GT_seed1,64,1,649,0.11845677345991135
N064_F-GT_seed1,64,1,650,0.29688548296689987
N064_F-GT_seed1,64,1,651,0.23750965297222137
N064_F-GT_seed1,64,1,652,0.32147589325904846
N064_F-GT_seed1,64,1,653,0.1706356778740883
N064_F-GT_seed1,64,1,654,0.3794880509376526
N064_F-GT_seed1,64,1,655,0.21191563457250595
N064_F-GT_seed1,64,1,656,0.15824763476848602
N064_F-GT_seed1,64,1,657,0.2058071568608284
N064_F-GT_seed1,64,1,658,0.2929686903953552
N064_F-GT_seed1,64,1,659,0.2307451069355011
N064_F-GT_seed1,64,1,660,0.10102903842926025
N064_F-GT_seed1,64,1,661,0.1662517488002777
N064_F-GT_seed1,64,1,662,0.24568168818950653
N064_F-GT_seed1,64,1,663,0.1909559965133667
N064_F-GT_seed1,64,1,664,0.1486973837018013
N064_F-GT_seed1,64,1,665,0.24476847052574158
N064_F-GT_seed1,64,1,666,0.19446707144379616
N064_F-GT_seed1,64,1,667,0.23292935639619827
N064_F-GT_seed1,64,1,668,0.18807891011238098
N064_F-GT_seed1,64,1,669,0.2681698650121689
N064_F-GT_seed1,64,1,670,0.35897600650787354
N064_F-GT_seed1,64,1,671,0.26387424767017365
N064_F-GT_seed1,64,1,672,0.15812044590711594
N064_F-GT_seed1,64,1,673,0.229721799492836
N064_F-GT_seed1,64,1,674,0.20398681610822678
N064_F-GT_seed1,64,1,675,0.14226683229207993
N064_F-GT_seed1,64,1,676,0.15222176164388657
N064_F-GT_seed1,64,1,677,0.11640704423189163
N064_F-GT_seed1,64,1,678,0.2584332749247551
N064_F-GT_seed1,64,1,679,0.24116238951683044
N064_F-GT_seed1,64,1,680,0.12819001823663712
N064_F-GT_seed1,64,1,681,0.15586410462856293
N064_F-GT_seed1,64,1,682,0.14984532445669174
N064_F-GT_seed1,64,1,683,0.21352559328079224
N064_F-GT_seed1,64,1,684,0.2030915841460228
N064_F-GT_seed1,64,1,685,0.16308914870023727
N064_F-GT_seed1,64,1,686,0.20222724229097366
N064_F-GT_seed1,64,1,687,0.15202221274375916
N064_F-GT_seed1,64,1,688,0.19033551961183548
N064_F-GT_seed1,64,1,689,0.5537743866443634
N064_F-GT_seed1,64,1,690,0.3452373445034027
N064_F-GT_seed1,64,1,691,0.2924025058746338
N064_F-GT_seed1,64,1,692,0.2071024626493454
N064_F-GT_seed1,64,1,693,0.21274663507938385
N064_F-GT_seed1,64,1,694,0.138162761926651
N064_F-GT_seed1,64,1,695,0.22821879386901855
N064_F-GT_seed1,64,1,696,0.20660948753356934
N064_F-GT_seed1,64,1,697,0.19657205790281296
N064_F-GT_seed1,64,1,698,0.31312936544418335
N064_F-GT_seed1,64,1,699,0.15612846612930298
N064_F-GT_seed1,64,1,700,0.147244393825531
N064_F-GT_seed1,64,1,701,0.14395124837756157
N064_F-GT_seed1,64,1,702,0.14285916090011597
N064_F-GT_seed1,64,1,703,0.1773790642619133
N064_F-GT_seed1,64,1,704,0.2217247486114502
N064_F-GT_seed1,64,1,705,0.26234491914510727
N064_F-GT_seed1,64,1,706,0.2668428421020508
N064_F-GT_seed1,64,1,707,0.1691252440214157
N064_F-GT_seed1,64,1,708,0.14418277889490128
N064_F-GT_seed1,64,1,709,0.29827310144901276
N064_F-GT_seed1,64,1,710,0.14195693284273148
N064_F-GT_seed1,64,1,711,0.19199995696544647
N064_F-GT_seed1,64,1,712,0.11663739755749702
N064_F-GT_seed1,64,1,713,0.16854354739189148
N064_F-GT_seed1,64,1,714,0.14976926147937775
N064_F-GT_seed1,64,1,715,0.2550860792398453
N064_F-GT_seed1,64,1,716,0.42510707676410675
N064_F-GT_seed1,64,1,717,0.111858319491148
N064_F-GT_seed1,64,1,718,0.26206354051828384
N064_F-GT_seed1,64,1,719,0.14480838924646378
N064_F-GT_seed1,64,1,720,0.17162244766950607
N064_F-GT_seed1,64,1,721,0.2143409252166748
N064_F-GT_seed1,64,1,722,0.3180719316005707
N064_F-GT_seed1,64,1,723,0.16966407001018524
N064_F-GT_seed1,64,1,724,0.15757955610752106
N064_F-GT_seed1,64,1,725,0.12385541200637817
N064_F-GT_seed1,64,1,726,0.3315705358982086
N064_F-GT_seed1,64,1,727,0.24149209260940552
N064_F-GT_seed1,64,1,728,0.2496335357427597
N064_F-GT_seed1,64,1,729,0.16855807229876518
N064_F-GT_seed1,64,1,730,0.14583951607346535
N064_F-GT_seed1,64,1,731,0.18422584235668182
N064_F-GT_seed1,64,1,732,0.17408256977796555
N064_F-GT_seed1,64,1,733,0.13623730838298798
N064_F-GT_seed1,64,1,734,0.2861684486269951
N064_F-GT_seed1,64,1,735,0.20467855781316757
N064_F-GT_seed1,64,1,736,0.1894385740160942
N064_F-GT_seed1,64,1,737,0.14906703680753708
N064_F-GT_seed1,64,1,738,0.17262011766433716
N064_F-GT_seed1,64,1,739,0.18356890231370926
N064_F-GT_seed1,64,1,740,0.16026023030281067
N064_F-GT_seed1,64,1,741,0.14667712152004242
N064_F-GT_seed1,64,1,742,0.17392287403345108
N064_F-GT_seed1,64,1,743,0.14766552299261093
N064_F-GT_seed1,64,1,744,0.12380335852503777
N064_F-GT_seed1,64,1,745,0.17277226597070694
N064_F-GT_seed1,64,1,746,0.3927393779158592
N064_F-GT_seed1,64,1,747,0.21027407050132751
N064_F-GT_seed1,64,1,748,0.18810763955116272
N064_F-GT_seed1,64,1,749,0.24877116829156876
N064_F-GT_seed1,64,1,750,0.2270505353808403
N064_F-GT_seed1,64,1,751,0.20986879616975784
N064_F-GT_seed1,64,1,752,0.4193347170948982
N064_F-GT_seed1,64,1,753,0.25835348665714264
N064_F-GT_seed1,64,1,754,0.22884267568588257
N064_F-GT_seed1,64,1,755,0.25625043362379074
N064_F-GT_seed1,64,1,756,0.223561629652977
N064_F-GT_seed1,64,1,757,0.17963670939207077
N064_F-GT_seed1,64,1,758,0.10717583075165749
N064_F-GT_seed1,64,1,759,0.12192028015851974
N064_F-GT_seed1,64,1,760,0.2241726815700531
N064_F-GT_seed1,64,1,761,0.1351022645831108
N064_F-GT_seed1,64,1,762,0.22669373452663422
N064_F-GT_seed1,64,1,763,0.15179676562547684
N064_F-GT_seed1,64,1,764,0.31970013678073883
N064_F-GT_seed1,64,1,765,0.24735459685325623
N064_F-GT_seed1,64,1,766,0.1512947864830494
N064_F-GT_seed1,64,1,767,0.14540757983922958
N064_F-GT_seed1,64,1,768,0.1429767906665802
N064_F-GT_seed1,64,1,769,0.14558174088597298
N064_F-GT_seed1,64,1,770,0.15302369743585587
N064_F-GT_seed1,64,1,771,0.09456803277134895
N064_F-GT_seed1,64,1,772,0.15827064216136932
N064_F-GT_seed1,64,1,773,0.2069961279630661
N064_F-GT_seed1,64,1,774,0.19587042182683945
N064_F-GT_seed1,64,1,775,0.29939574003219604
N064_F-GT_seed1,64,1,776,0.2220669835805893
N064_F-GT_seed1,64,1,777,0.25690218061208725
N064_F-GT_seed1,64,1,778,0.11099569499492645
N064_F-GT_seed1,64,1,779,0.1337599717080593
N064_F-GT_seed1,64,1,780,0.22021424770355225
N064_F-GT_seed1,64,1,781,0.13494810461997986
N064_F-GT_seed1,64,1,782,0.1934908777475357
N064_F-GT_seed1,64,1,783,0.1943976730108261
N064_F-GT_seed1,64,1,784,0.21435122191905975
N064_F-GT_seed1,64,1,785,0.3073136508464813
N064_F-GT_seed1,64,1,786,0.18309666216373444
N064_F-GT_seed1,64,1,787,0.23249166458845139
N064_F-GT_seed1,64,1,788,0.14503993839025497
N064_F-GT_seed1,64,1,789,0.4289567321538925
N064_F-GT_seed1,64,1,790,0.13026408106088638
N064_F-GT_seed1,64,1,791,0.25626854598522186
N064_F-GT_seed1,64,1,792,0.13755448907613754
N064_F-GT_seed1,64,1,793,0.13505809009075165
N064_F-GT_seed1,64,1,794,0.15159551426768303
N064_F-GT_seed1,64,1,795,0.16032721102237701
N064_F-GT_seed1,64,1,796,0.20645398646593094
N064_F-GT_seed1,64,1,797,0.19593467563390732
N064_F-GT_seed1,64,1,798,0.10628462955355644
N064_F-GT_seed1,64,1,799,0.2869194447994232
N064_F-GT_seed1,64,1,800,0.0703674666583538
N064_F-GT_seed1,64,1,801,0.14832284301519394
N064_F-GT_seed1,64,1,802,0.14324960112571716
N064_F-GT_seed1,64,1,803,0.22153648734092712
N064_F-GT_seed1,64,1,804,0.17614774405956268
N064_F-GT_seed1,64,1,805,0.15699126571416855
N064_F-GT_seed1,64,1,806,0.18245330080389977
N064_F-GT_seed1,64,1,807,0.10437581688165665
N064_F-GT_seed1,64,1,808,0.15721632167696953
N064_F-GT_seed1,64,1,809,0.407900407910347
N064_F-GT_seed1,64,1,810,0.23460674285888672
N064_F-GT_seed1,64,1,811,0.23035918176174164
N064_F-GT_seed1,64,1,812,0.1575634479522705
N064_F-GT_seed1,64,1,813,0.1659795194864273
N064_F-GT_seed1,64,1,814,0.14501185342669487
N064_F-GT_seed1,64,1,815,0.10260944440960884
N064_F-GT_seed1,64,1,816,0.1717216558754444
N064_F-GT_seed1,64,1,817,0.17598692700266838
N064_F-GT_seed1,64,1,818,0.08541369438171387
N064_F-GT_seed1,64,1,819,0.11419616267085075
N064_F-GT_seed1,64,1,820,0.1882353350520134
N064_F-GT_seed1,64,1,821,0.09202234447002411
N064_F-GT_seed1,64,1,822,0.18155460804700851
N064_F-GT_seed1,64,1,823,0.15713931247591972
N064_F-GT_seed1,64,1,824,0.1583230011165142
N064_F-GT_seed1,64,1,825,0.18704082071781158
N064_F-GT_seed1,64,1,826,0.17407865822315216
N064_F-GT_seed1,64,1,827,0.11498106643557549
N064_F-GT_seed1,64,1,828,0.1760464683175087
N064_F-GT_seed1,64,1,829,0.21551726758480072
N064_F-GT_seed1,64,1,830,0.12895714864134789
N064_F-GT_seed1,64,1,831,0.14830398559570312
N064_F-GT_seed1,64,1,832,0.13754764199256897
N064_F-GT_seed1,64,1,833,0.17243612930178642
N064_F-GT_seed1,64,1,834,0.13896441459655762
N064_F-GT_seed1,64,1,835,0.21587827056646347
N064_F-GT_seed1,64,1,836,0.13951218128204346
N064_F-GT_seed1,64,1,837,0.1596422642469406
N064_F-GT_seed1,64,1,838,0.16877806931734085
N064_F-GT_seed1,64,1,839,0.18776369839906693
N064_F-GT_seed1,64,1,840,0.2921438068151474
N064_F-GT_seed1,64,1,841,0.2164086028933525
N064_F-GT_seed1,64,1,842,0.1744200959801674
N064_F-GT_seed1,64,1,843,0.1537880375981331
N064_F-GT_seed1,64,1,844,0.19503123313188553
N064_F-GT_seed1,64,1,845,0.28024613857269287
N064_F-GT_seed1,64,1,846,0.13272954523563385
N064_F-GT_seed1,64,1,847,0.18136175721883774
N064_F-GT_seed1,64,1,848,0.2931628078222275
N064_F-GT_seed1,64,1,849,0.11937282234430313
N064_F-GT_seed1,64,1,850,0.16251160204410553
N064_F-GT_seed1,64,1,851,0.18530553579330444
N064_F-GT_seed1,64,1,852,0.10391443222761154
N064_F-GT_seed1,64,1,853,0.19843486696481705
N064_F-GT_seed1,64,1,854,0.0829322598874569
N064_F-GT_seed1,64,1,855,0.2934480980038643
N064_F-GT_seed1,64,1,856,0.2763650566339493
N064_F-GT_seed1,64,1,857,0.09221743047237396
N064_F-GT_seed1,64,1,858,0.10740632936358452
N064_F-GT_seed1,64,1,859,0.1491449475288391
N064_F-GT_seed1,64,1,860,0.2000696025788784
N064_F-GT_seed1,64,1,861,0.1853698045015335
N064_F-GT_seed1,64,1,862,0.17258259654045105
N064_F-GT_seed1,64,1,863,0.2009880691766739
N064_F-GT_seed1,64,1,864,0.11470122262835503
N064_F-GT_seed1,64,1,865,0.2672301456332207
N064_F-GT_seed1,64,1,866,0.1853957176208496
N064_F-GT_seed1,64,1,867,0.1532767117023468
N064_F-GT_seed1,64,1,868,0.09290414676070213
N064_F-GT_seed1,64,1,869,0.18099837005138397
N064_F-GT_seed1,64,1,870,0.16859173774719238
N064_F-GT_seed1,64,1,871,0.16030678153038025
N064_F-GT_seed1,64,1,872,0.15570177137851715
N064_F-GT_seed1,64,1,873,0.11531365662813187
N064_F-GT_seed1,64,1,874,0.11993658915162086
N064_F-GT_seed1,64,1,875,0.1301349699497223
N064_F-GT_seed1,64,1,876,0.15020056813955307
N064_F-GT_seed1,64,1,877,0.2845253646373749
N064_F-GT_seed1,64,1,878,0.16869448870420456
N064_F-GT_seed1,64,1,879,0.1623452827334404
N064_F-GT_seed1,64,1,880,0.14840427786111832
N064_F-GT_seed1,64,1,881,0.13121026754379272
N064_F-GT_seed1,64,1,882,0.07455289550125599
N064_F-GT_seed1,64,1,883,0.12587852776050568
N064_F-GT_seed1,64,1,884,0.15998368710279465
N064_F-GT_seed1,64,1,885,0.19498421251773834
N064_F-GT_seed1,64,1,886,0.17027372494339943
N064_F-GT_seed1,64,1,887,0.08173611015081406
N064_F-GT_seed1,64,1,888,0.13455947488546371
N064_F-GT_seed1,64,1,889,0.24447447061538696
N064_F-GT_seed1,64,1,890,0.15316712111234665
N064_F-GT_seed1,64,1,891,0.1511952467262745
N064_F-GT_seed1,64,1,892,0.18279798328876495
N064_F-GT_seed1,64,1,893,0.11492270231246948
N064_F-GT_seed1,64,1,894,0.2826221287250519
N064_F-GT_seed1,64,1,895,0.14154314249753952
N064_F-GT_seed1,64,1,896,0.21916448324918747
N064_F-GT_seed1,64,1,897,0.15753276646137238
N064_F-GT_seed1,64,1,898,0.10483670234680176
N064_F-GT_seed1,64,1,899,0.15050841495394707
N064_F-GT_seed1,64,1,900,0.13968543708324432
N064_F-GT_seed1,64,1,901,0.18615636229515076
N064_F-GT_seed1,64,1,902,0.22696058452129364
N064_F-GT_seed1,64,1,903,0.22568315640091896
N064_F-GT_seed1,64,1,904,0.23545384407043457
N064_F-GT_seed1,64,1,905,0.15153981745243073
N064_F-GT_seed1,64,1,906,0.3115467093884945
N064_F-GT_seed1,64,1,907,0.23993173241615295
N064_F-GT_seed1,64,1,908,0.22552035748958588
N064_F-GT_seed1,64,1,909,0.20720002055168152
N064_F-GT_seed1,64,1,910,0.14711131900548935
N064_F-GT_seed1,64,1,911,0.17178866267204285
N064_F-GT_seed1,64,1,912,0.21119728684425354
N064_F-GT_seed1,64,1,913,0.14750762283802032
N064_F-GT_seed1,64,1,914,0.19260482490062714
N064_F-GT_seed1,64,1,915,0.1083647608757019
N064_F-GT_seed1,64,1,916,0.20193885266780853
N064_F-GT_seed1,64,1,917,0.16609349846839905
N064_F-GT_seed1,64,1,918,0.22185354679822922
N064_F-GT_seed1,64,1,919,0.11426335200667381
N064_F-GT_seed1,64,1,920,0.16023744642734528
N064_F-GT_seed1,64,1,921,0.21546026319265366
N064_F-GT_seed1,64,1,922,0.2658036798238754
N064_F-GT_seed1,64,1,923,0.0997307077050209
N064_F-GT_seed1,64,1,924,0.16527003049850464
N064_F-GT_seed1,64,1,925,0.12461266666650772
N064_F-GT_seed1,64,1,926,0.3600955307483673
N064_F-GT_seed1,64,1,927,0.1545049585402012
N064_F-GT_seed1,64,1,928,0.12915192171931267
N064_F-GT_seed1,64,1,929,0.2217991054058075
N064_F-GT_seed1,64,1,930,0.3248577155172825
N064_F-GT_seed1,64,1,931,0.16014354676008224
N064_F-GT_seed1,64,1,932,0.25434067100286484
N064_F-GT_seed1,64,1,933,0.1870352104306221
N064_F-GT_seed1,64,1,934,0.17157159000635147
N064_F-GT_seed1,64,1,935,0.13415774703025818
N064_F-GT_seed1,64,1,936,0.10879364609718323
N064_F-GT_seed1,64,1,937,0.25382280349731445
N064_F-GT_seed1,64,1,938,0.15499350801110268
N064_F-GT_seed1,64,1,939,0.1806744784116745
N064_F-GT_seed1,64,1,940,0.18458649516105652
N064_F-GT_seed1,64,1,941,0.10720701888203621
N064_F-GT_seed1,64,1,942,0.18474211543798447
N064_F-GT_seed1,64,1,943,0.158521369099617
N064_F-GT_seed1,64,1,944,0.2543092966079712
N064_F-GT_seed1,64,1,945,0.13063210248947144
N064_F-GT_seed1,64,1,946,0.156918752938509
N064_F-GT_seed1,64,1,947,0.09774287045001984
N064_F-GT_seed1,64,1,948,0.15339338406920433
N064_F-GT_seed1,64,1,949,0.13214804232120514
N064_F-GT_seed1,64,1,950,0.16824062913656235
N064_F-GT_seed1,64,1,951,0.21432824432849884
N064_F-GT_seed1,64,1,952,0.1275179758667946
N064_F-GT_seed1,64,1,953,0.19400925189256668
N064_F-GT_seed1,64,1,954,0.16117431968450546
N064_F-GT_seed1,64,1,955,0.28602465987205505
N064_F-GT_seed1,64,1,956,0.3041094243526459
N064_F-GT_seed1,64,1,957,0.09865400940179825
N064_F-GT_seed1,64,1,958,0.17165565863251686
N064_F-GT_seed1,64,1,959,0.15480773150920868
N064_F-GT_seed1,64,1,960,0.21207942068576813
N064_F-GT_seed1,64,1,961,0.14356683939695358
N064_F-GT_seed1,64,1,962,0.13092148676514626
N064_F-GT_seed1,64,1,963,0.2765255346894264
N064_F-GT_seed1,64,1,964,0.24611548334360123
N064_F-GT_seed1,64,1,965,0.10814707726240158
N064_F-GT_seed1,64,1,966,0.2267622873187065
N064_F-GT_seed1,64,1,967,0.14618343859910965
N064_F-GT_seed1,64,1,968,0.19051195681095123
N064_F-GT_seed1,64,1,969,0.09578850865364075
N064_F-GT_seed1,64,1,970,0.09081871062517166
N064_F-GT_seed1,64,1,971,0.2539774924516678
N064_F-GT_seed1,64,1,972,0.16035231947898865
N064_F-GT_seed1,64,1,973,0.2176915481686592
N064_F-GT_seed1,64,1,974,0.1289496049284935
N064_F-GT_seed1,64,1,975,0.16621986404061317
N064_F-GT_seed1,64,1,976,0.09142677113413811
N064_F-GT_seed1,64,1,977,0.11570173501968384
N064_F-GT_seed1,64,1,978,0.15236150100827217
N064_F-GT_seed1,64,1,979,0.1311304047703743
N064_F-GT_seed1,64,1,980,0.27740319073200226
N064_F-GT_seed1,64,1,981,0.10922037810087204
N064_F-GT_seed1,64,1,982,0.19020796567201614
N064_F-GT_seed1,64,1,983,0.14878341928124428
N064_F-GT_seed1,64,1,984,0.15214376896619797
N064_F-GT_seed1,64,1,985,0.357995942234993
N064_F-GT_seed1,64,1,986,0.4272678792476654
N064_F-GT_seed1,64,1,987,0.29478010907769203
N064_F-GT_seed1,64,1,988,0.12950196489691734
N064_F-GT_seed1,64,1,989,0.2002410963177681
N064_F-GT_seed1,64,1,990,0.08438592031598091
N064_F-GT_seed1,64,1,991,0.18417447805404663
N064_F-GT_seed1,64,1,992,0.13588429987430573
N064_F-GT_seed1,64,1,993,0.11382724717259407
N064_F-GT_seed1,64,1,994,0.23586255311965942
N064_F-GT_seed1,64,1,995,0.27024824172258377
N064_F-GT_seed1,64,1,996,0.2512926161289215
N064_F-GT_seed1,64,1,997,0.13365812599658966
N064_F-GT_seed1,64,1,998,0.21483686566352844
N064_F-GT_seed1,64,1,999,0.15902645885944366
N064_F-GT_seed1,64,1,1000,0.4258228540420532
N064_R_seed0,64,0,1,1.2305928468704224
N064_R_seed0,64,0,2,1.3125747442245483
N064_R_seed0,64,0,3,1.2021114230155945
N064_R_seed0,64,0,4,1.1995329856872559
N064_R_seed0,64,0,5,1.1558982729911804
N064_R_seed0,64,0,6,1.0172466039657593
N064_R_seed0,64,0,7,1.16376531124115
N064_R_seed0,64,0,8,1.074116826057434
N064_R_seed0,64,0,9,1.4124337434768677
N064_R_seed0,64,0,10,1.2737770676612854
N064_R_seed0,64,0,11,1.2472371459007263
N064_R_seed0,64,0,12,1.3358806371688843
N064_R_seed0,64,0,13,1.3848273754119873
N064_R_seed0,64,0,14,1.0208918154239655
N064_R_seed0,64,0,15,1.2268797159194946
N064_R_seed0,64,0,16,1.0641756057739258
N064_R_seed0,64,0,17,1.2183347940444946
N064_R_seed0,64,0,18,1.104984164237976
N064_R_seed0,64,0,19,1.4348185062408447
N064_R_seed0,64,0,20,1.0435522198677063
N064_R_seed0,64,0,21,1.2714241743087769
N064_R_seed0,64,0,22,1.1988180875778198
N064_R_seed0,64,0,23,1.0263658463954926
N064_R_seed0,64,0,24,1.1980066895484924
N064_R_seed0,64,0,25,1.0924524664878845
N064_R_seed0,64,0,26,1.1416662335395813
N064_R_seed0,64,0,27,1.1212103366851807
N064_R_seed0,64,0,28,1.0507464110851288
N064_R_seed0,64,0,29,1.1748197674751282
N064_R_seed0,64,0,30,1.1491292715072632
N064_R_seed0,64,0,31,1.1917992234230042
N064_R_seed0,64,0,32,1.0736513435840607
N064_R_seed0,64,0,33,1.2395735383033752
N064_R_seed0,64,0,34,1.0383306741714478
N064_R_seed0,64,0,35,1.1544560194015503
N064_R_seed0,64,0,36,1.102456510066986
N064_R_seed0,64,0,37,1.17535799741745
N064_R_seed0,64,0,38,1.1227688789367676
N064_R_seed0,64,0,39,1.0435697436332703
N064_R_seed0,64,0,40,1.0638870596885681
N064_R_seed0,64,0,41,1.2166686654090881
N064_R_seed0,64,0,42,1.2892526388168335
N064_R_seed0,64,0,43,1.0788008570671082
N064_R_seed0,64,0,44,1.285820722579956
N064_R_seed0,64,0,45,1.3253241181373596
N064_R_seed0,64,0,46,1.0420519709587097
N064_R_seed0,64,0,47,1.4766170978546143
N064_R_seed0,64,0,48,1.1876242756843567
N064_R_seed0,64,0,49,1.1629133224487305
N064_R_seed0,64,0,50,1.2667449116706848
N064_R_seed0,64,0,51,1.0289142727851868
N064_R_seed0,64,0,52,1.0342209935188293
N064_R_seed0,64,0,53,1.1100443005561829
N064_R_seed0,64,0,54,1.224351704120636
N064_R_seed0,64,0,55,1.3056316375732422
N064_R_seed0,64,0,56,1.1270412802696228
N064_R_seed0,64,0,57,1.4330224990844727
N064_R_seed0,64,0,58,1.0678130984306335
N064_R_seed0,64,0,59,1.0969042778015137
N064_R_seed0,64,0,60,1.163886845111847
N064_R_seed0,64,0,61,1.146389752626419
N064_R_seed0,64,0,62,1.1772572994232178
N064_R_seed0,64,0,63,1.025278776884079
N064_R_seed0,64,0,64,1.327231526374817
N064_R_seed0,64,0,65,1.3239780068397522
N064_R_seed0,64,0,66,1.111360788345337
N064_R_seed0,64,0,67,1.088549017906189
N064_R_seed0,64,0,68,1.2929149866104126
N064_R_seed0,64,0,69,1.123820424079895
N064_R_seed0,64,0,70,1.0473703742027283
N064_R_seed0,64,0,71,1.1130187511444092
N064_R_seed0,64,0,72,1.1763516664505005
N064_R_seed0,64,0,73,1.049611747264862
N064_R_seed0,64,0,74,1.0895805358886719
N064_R_seed0,64,0,75,1.204158902168274
N064_R_seed0,64,0,76,0.9708203375339508
N064_R_seed0,64,0,77,0.994846761226654
N064_R_seed0,64,0,78,1.205229938030243
N064_R_seed0,64,0,79,1.1574843525886536
N064_R_seed0,64,0,80,1.1489505767822266
N064_R_seed0,64,0,81,1.2603380680084229
N064_R_seed0,64,0,82,1.1684383153915405
N064_R_seed0,64,0,83,1.105647325515747
N064_R_seed0,64,0,84,1.1361673474311829
N064_R_seed0,64,0,85,1.026733160018921
N064_R_seed0,64,0,86,1.0570994913578033
N064_R_seed0,64,0,87,1.2371457815170288
N064_R_seed0,64,0,88,1.1085832715034485
N064_R_seed0,64,0,89,1.069490909576416
N064_R_seed0,64,0,90,1.215796709060669
N064_R_seed0,64,0,91,1.1494932174682617
N064_R_seed0,64,0,92,1.0048620104789734
N064_R_seed0,64,0,93,1.0143620371818542
N064_R_seed0,64,0,94,1.2681494355201721
N064_R_seed0,64,0,95,1.0384654104709625
N064_R_seed0,64,0,96,1.34209406375885
N064_R_seed0,64,0,97,1.1565322279930115
N064_R_seed0,64,0,98,1.04279363155365
N064_R_seed0,64,0,99,1.120194137096405
N064_R_seed0,64,0,100,1.2154121398925781
N064_R_seed0,64,0,101,1.096156656742096
N064_R_seed0,64,0,102,1.0355076789855957
N064_R_seed0,64,0,103,1.1755918264389038
N064_R_seed0,64,0,104,1.157219648361206
N064_R_seed0,64,0,105,1.227038562297821
N064_R_seed0,64,0,106,1.1829952597618103
N064_R_seed0,64,0,107,1.0922974944114685
N064_R_seed0,64,0,108,1.0359164774417877
N064_R_seed0,64,0,109,1.1747567653656006
N064_R_seed0,64,0,110,0.9872305393218994
N064_R_seed0,64,0,111,1.2687490582466125
N064_R_seed0,64,0,112,1.1206775903701782
N064_R_seed0,64,0,113,1.0191692411899567
N064_R_seed0,64,0,114,1.2397530674934387
N064_R_seed0,64,0,115,1.102252721786499
N064_R_seed0,64,0,116,1.108838677406311
N064_R_seed0,64,0,117,1.054916799068451
N064_R_seed0,64,0,118,1.0315288305282593
N064_R_seed0,64,0,119,1.1923373937606812
N064_R_seed0,64,0,120,1.2498704195022583
N064_R_seed0,64,0,121,1.1057543754577637
N064_R_seed0,64,0,122,1.0104604959487915
N064_R_seed0,64,0,123,1.1722888946533203
N064_R_seed0,64,0,124,1.0953479409217834
N064_R_seed0,64,0,125,1.2336126565933228
N064_R_seed0,64,0,126,1.169573724269867
N064_R_seed0,64,0,127,0.9547969698905945
N064_R_seed0,64,0,128,1.1044229865074158
N064_R_seed0,64,0,129,1.0397971272468567
N064_R_seed0,64,0,130,1.0830219984054565
N064_R_seed0,64,0,131,1.1939499378204346
N064_R_seed0,64,0,132,1.1801837086677551
N064_R_seed0,64,0,133,0.9726725816726685
N064_R_seed0,64,0,134,1.1151082515716553
N064_R_seed0,64,0,135,0.9236311316490173
N064_R_seed0,64,0,136,0.9469412267208099
N064_R_seed0,64,0,137,0.9630107581615448
N064_R_seed0,64,0,138,0.9332159161567688
N064_R_seed0,64,0,139,1.0460116863250732
N064_R_seed0,64,0,140,1.0717999935150146
N064_R_seed0,64,0,141,1.1208057403564453
N064_R_seed0,64,0,142,1.0326218903064728
N064_R_seed0,64,0,143,1.102381706237793
N064_R_seed0,64,0,144,0.9846896529197693
N064_R_seed0,64,0,145,0.9344094395637512
N064_R_seed0,64,0,146,0.9204899668693542
N064_R_seed0,64,0,147,1.054233431816101
N064_R_seed0,64,0,148,0.9376931190490723
N064_R_seed0,64,0,149,1.14894700050354
N064_R_seed0,64,0,150,1.0698411464691162
N064_R_seed0,64,0,151,0.9448907375335693
N064_R_seed0,64,0,152,1.025578111410141
N064_R_seed0,64,0,153,1.3134945034980774
N064_R_seed0,64,0,154,0.8590146899223328
N064_R_seed0,64,0,155,1.134355068206787
N064_R_seed0,64,0,156,0.9215684831142426
N064_R_seed0,64,0,157,0.8322272300720215
N064_R_seed0,64,0,158,1.038337528705597
N064_R_seed0,64,0,159,0.934074342250824
N064_R_seed0,64,0,160,1.025412142276764
N064_R_seed0,64,0,161,0.8832138180732727
N064_R_seed0,64,0,162,1.0440785884857178
N064_R_seed0,64,0,163,0.9681072533130646
N064_R_seed0,64,0,164,0.8697664439678192
N064_R_seed0,64,0,165,0.918629914522171
N064_R_seed0,64,0,166,0.9399873614311218
N064_R_seed0,64,0,167,1.0336933732032776
N064_R_seed0,64,0,168,0.9359734952449799
N064_R_seed0,64,0,169,1.0556951761245728
N064_R_seed0,64,0,170,0.9638586640357971
N064_R_seed0,64,0,171,1.0180503129959106
N064_R_seed0,64,0,172,0.8751254975795746
N064_R_seed0,64,0,173,0.956134021282196
N064_R_seed0,64,0,174,0.8037448227405548
N064_R_seed0,64,0,175,0.842415452003479
N064_R_seed0,64,0,176,1.0039502382278442
N064_R_seed0,64,0,177,1.0259245038032532
N064_R_seed0,64,0,178,0.9219781458377838
N064_R_seed0,64,0,179,1.055698424577713
N064_R_seed0,64,0,180,0.8907043635845184
N064_R_seed0,64,0,181,1.0039610862731934
N064_R_seed0,64,0,182,0.8533391058444977
N064_R_seed0,64,0,183,1.0425798892974854
N064_R_seed0,64,0,184,0.9432636201381683
N064_R_seed0,64,0,185,0.8537331819534302
N064_R_seed0,64,0,186,0.8056113421916962
N064_R_seed0,64,0,187,0.924736738204956
N064_R_seed0,64,0,188,0.8529863953590393
N064_R_seed0,64,0,189,1.1206986904144287
N064_R_seed0,64,0,190,0.7789296507835388
N064_R_seed0,64,0,191,0.8177700638771057
N064_R_seed0,64,0,192,0.825917661190033
N064_R_seed0,64,0,193,0.8745889961719513
N064_R_seed0,64,0,194,0.9852907359600067
N064_R_seed0,64,0,195,0.9766339063644409
N064_R_seed0,64,0,196,0.8135007619857788
N064_R_seed0,64,0,197,0.8887796700000763
N064_R_seed0,64,0,198,0.9160384833812714
N064_R_seed0,64,0,199,0.7918956279754639
N064_R_seed0,64,0,200,0.8259703516960144
N064_R_seed0,64,0,201,0.8880318999290466
N064_R_seed0,64,0,202,0.9210785329341888
N064_R_seed0,64,0,203,0.7077910602092743
N064_R_seed0,64,0,204,0.8362223207950592
N064_R_seed0,64,0,205,0.8768758475780487
N064_R_seed0,64,0,206,0.8085072934627533
N064_R_seed0,64,0,207,0.8600638806819916
N064_R_seed0,64,0,208,0.9060069918632507
N064_R_seed0,64,0,209,0.7521475553512573
N064_R_seed0,64,0,210,0.874223917722702
N064_R_seed0,64,0,211,1.123188853263855
N064_R_seed0,64,0,212,0.6786269843578339
N064_R_seed0,64,0,213,0.9854027330875397
N064_R_seed0,64,0,214,0.8148818612098694
N064_R_seed0,64,0,215,0.7897920906543732
N064_R_seed0,64,0,216,0.8274010717868805
N064_R_seed0,64,0,217,0.7385683357715607
N064_R_seed0,64,0,218,0.7624415159225464
N064_R_seed0,64,0,219,0.8479568958282471
N064_R_seed0,64,0,220,0.7246482372283936
N064_R_seed0,64,0,221,0.639863520860672
N064_R_seed0,64,0,222,0.8099739253520966
N064_R_seed0,64,0,223,0.8453527987003326
N064_R_seed0,64,0,224,0.8068465888500214
N064_R_seed0,64,0,225,0.8566761314868927
N064_R_seed0,64,0,226,0.7200053334236145
N064_R_seed0,64,0,227,0.6406925022602081
N064_R_seed0,64,0,228,0.7432503700256348
N064_R_seed0,64,0,229,0.6660224795341492
N064_R_seed0,64,0,230,0.7169105708599091
N064_R_seed0,64,0,231,0.6871914863586426
N064_R_seed0,64,0,232,0.6296868324279785
N064_R_seed0,64,0,233,0.6956271529197693
N064_R_seed0,64,0,234,0.8660957217216492
N064_R_seed0,64,0,235,0.8156795501708984
N064_R_seed0,64,0,236,0.6092942953109741
N064_R_seed0,64,0,237,0.8633301258087158
N064_R_seed0,64,0,238,0.7035352289676666
N064_R_seed0,64,0,239,0.6619304120540619
N064_R_seed0,64,0,240,0.7131280303001404
N064_R_seed0,64,0,241,0.6740762293338776
N064_R_seed0,64,0,242,0.8750399947166443
N064_R_seed0,64,0,243,0.6555414199829102
N064_R_seed0,64,0,244,0.5960524678230286
N064_R_seed0,64,0,245,0.6766710579395294
N064_R_seed0,64,0,246,0.5340393781661987
N064_R_seed0,64,0,247,0.7437341809272766
N064_R_seed0,64,0,248,0.647357851266861
N064_R_seed0,64,0,249,0.5840761363506317
N064_R_seed0,64,0,250,0.553031712770462
N064_R_seed0,64,0,251,0.7588044703006744
N064_R_seed0,64,0,252,0.6669342219829559
N064_R_seed0,64,0,253,0.8069725036621094
N064_R_seed0,64,0,254,0.6750763654708862
N064_R_seed0,64,0,255,0.8691875338554382
N064_R_seed0,64,0,256,0.5803872644901276
N064_R_seed0,64,0,257,0.5859069228172302
N064_R_seed0,64,0,258,0.6966358721256256
N064_R_seed0,64,0,259,0.5275169014930725
N064_R_seed0,64,0,260,0.569059282541275
N064_R_seed0,64,0,261,0.5631592273712158
N064_R_seed0,64,0,262,0.5257105082273483
N064_R_seed0,64,0,263,0.4755106121301651
N064_R_seed0,64,0,264,0.6162131130695343
N064_R_seed0,64,0,265,0.4868929535150528
N064_R_seed0,64,0,266,0.6648389995098114
N064_R_seed0,64,0,267,0.4078042209148407
N064_R_seed0,64,0,268,0.6155920624732971
N064_R_seed0,64,0,269,0.6262678056955338
N064_R_seed0,64,0,270,0.4651527404785156
N064_R_seed0,64,0,271,0.48952460289001465
N064_R_seed0,64,0,272,0.5883143097162247
N064_R_seed0,64,0,273,0.40730026364326477
N064_R_seed0,64,0,274,0.4445675164461136
N064_R_seed0,64,0,275,0.7020765841007233
N064_R_seed0,64,0,276,0.6435868591070175
N064_R_seed0,64,0,277,0.5677283406257629
N064_R_seed0,64,0,278,0.571804866194725
N064_R_seed0,64,0,279,0.5159505903720856
N064_R_seed0,64,0,280,0.5215171426534653
N064_R_seed0,64,0,281,0.48010942339897156
N064_R_seed0,64,0,282,0.3147226423025131
N064_R_seed0,64,0,283,0.35722482204437256
N064_R_seed0,64,0,284,0.5370891243219376
N064_R_seed0,64,0,285,0.3632400780916214
N064_R_seed0,64,0,286,0.3263726383447647
N064_R_seed0,64,0,287,0.5447063595056534
N064_R_seed0,64,0,288,0.3169986754655838
N064_R_seed0,64,0,289,0.358892485499382
N064_R_seed0,64,0,290,0.3128295838832855
N064_R_seed0,64,0,291,0.5149716436862946
N064_R_seed0,64,0,292,0.5384594798088074
N064_R_seed0,64,0,293,0.5071497559547424
N064_R_seed0,64,0,294,0.6543501168489456
N064_R_seed0,64,0,295,0.5200281143188477
N064_R_seed0,64,0,296,0.4054410308599472
N064_R_seed0,64,0,297,0.45354557037353516
N064_R_seed0,64,0,298,0.43337027728557587
N064_R_seed0,64,0,299,0.48199792206287384
N064_R_seed0,64,0,300,0.5425490140914917
N064_R_seed0,64,0,301,0.41135257482528687
N064_R_seed0,64,0,302,0.4075974375009537
N064_R_seed0,64,0,303,0.3011524975299835
N064_R_seed0,64,0,304,0.37103845179080963
N064_R_seed0,64,0,305,0.2827407941222191
N064_R_seed0,64,0,306,0.46403011679649353
N064_R_seed0,64,0,307,0.7329657971858978
N064_R_seed0,64,0,308,0.4382663518190384
N064_R_seed0,64,0,309,0.32809288799762726
N064_R_seed0,64,0,310,0.5845096707344055
N064_R_seed0,64,0,311,0.4403453767299652
N064_R_seed0,64,0,312,0.3614715412259102
N064_R_seed0,64,0,313,0.6862291544675827
N064_R_seed0,64,0,314,0.5104248523712158
N064_R_seed0,64,0,315,0.4300662949681282
N064_R_seed0,64,0,316,0.3833639547228813
N064_R_seed0,64,0,317,0.37691670656204224
N064_R_seed0,64,0,318,0.5903593897819519
N064_R_seed0,64,0,319,0.49744048714637756
N064_R_seed0,64,0,320,0.3581792563199997
N064_R_seed0,64,0,321,0.4297903850674629
N064_R_seed0,64,0,322,0.3483807146549225
N064_R_seed0,64,0,323,0.5733747035264969
N064_R_seed0,64,0,324,0.48116637766361237
N064_R_seed0,64,0,325,0.3963528349995613
N064_R_seed0,64,0,326,0.5445323884487152
N064_R_seed0,64,0,327,0.2901260107755661
N064_R_seed0,64,0,328,0.3752075880765915
N064_R_seed0,64,0,329,0.2601384148001671
N064_R_seed0,64,0,330,0.37738287448883057
N064_R_seed0,64,0,331,0.38716065883636475
N064_R_seed0,64,0,332,0.32048746198415756
N064_R_seed0,64,0,333,0.634026050567627
N064_R_seed0,64,0,334,0.38811245560646057
N064_R_seed0,64,0,335,0.2265523001551628
N064_R_seed0,64,0,336,0.3577782213687897
N064_R_seed0,64,0,337,0.45914939045906067
N064_R_seed0,64,0,338,0.36084824800491333
N064_R_seed0,64,0,339,0.5818411633372307
N064_R_seed0,64,0,340,0.22578973323106766
N064_R_seed0,64,0,341,0.5486333817243576
N064_R_seed0,64,0,342,0.42062729597091675
N064_R_seed0,64,0,343,0.2646482139825821
N064_R_seed0,64,0,344,0.42854495346546173
N064_R_seed0,64,0,345,0.21837227791547775
N064_R_seed0,64,0,346,0.23843388259410858
N064_R_seed0,64,0,347,0.1694873943924904
N064_R_seed0,64,0,348,0.38345445692539215
N064_R_seed0,64,0,349,0.2179269790649414
N064_R_seed0,64,0,350,0.32221439480781555
N064_R_seed0,64,0,351,0.39058247208595276
N064_R_seed0,64,0,352,0.6087875664234161
N064_R_seed0,64,0,353,0.19612273573875427
N064_R_seed0,64,0,354,0.2175646498799324
N064_R_seed0,64,0,355,0.3705131858587265
N064_R_seed0,64,0,356,0.3832864314317703
N064_R_seed0,64,0,357,0.262968972325325
N064_R_seed0,64,0,358,0.3163182735443115
N064_R_seed0,64,0,359,0.2245214432477951
N064_R_seed0,64,0,360,0.1968698427081108
N064_R_seed0,64,0,361,0.4754221588373184
N064_R_seed0,64,0,362,0.278485044836998
N064_R_seed0,64,0,363,0.21297954767942429
N064_R_seed0,64,0,364,0.2146081030368805
N064_R_seed0,64,0,365,0.36869826912879944
N064_R_seed0,64,0,366,0.341121181845665
N064_R_seed0,64,0,367,0.2657623738050461
N064_R_seed0,64,0,368,0.24964109063148499
N064_R_seed0,64,0,369,0.3616209924221039
N064_R_seed0,64,0,370,0.13353831321001053
N064_R_seed0,64,0,371,0.28240834176540375
N064_R_seed0,64,0,372,0.23009835928678513
N064_R_seed0,64,0,373,0.3387800306081772
N064_R_seed0,64,0,374,0.19728830456733704
N064_R_seed0,64,0,375,0.22487962990999222
N064_R_seed0,64,0,376,0.28218384832143784
N064_R_seed0,64,0,377,0.3736640512943268
N064_R_seed0,64,0,378,0.2583772540092468
N064_R_seed0,64,0,379,0.2942613214254379
N064_R_seed0,64,0,380,0.41523371636867523
N064_R_seed0,64,0,381,0.6220675110816956
N064_R_seed0,64,0,382,0.4419126510620117
N064_R_seed0,64,0,383,0.40026572346687317
N064_R_seed0,64,0,384,0.48238666355609894
N064_R_seed0,64,0,385,0.1963820457458496
N064_R_seed0,64,0,386,0.31897100806236267
N064_R_seed0,64,0,387,0.4404645711183548
N064_R_seed0,64,0,388,0.228177510201931
N064_R_seed0,64,0,389,0.28340843319892883
N064_R_seed0,64,0,390,0.414948970079422
N064_R_seed0,64,0,391,0.1747705489397049
N064_R_seed0,64,0,392,0.5401504933834076
N064_R_seed0,64,0,393,0.2792342007160187
N064_R_seed0,64,0,394,0.22829154133796692
N064_R_seed0,64,0,395,0.1699192151427269
N064_R_seed0,64,0,396,0.15621230751276016
N064_R_seed0,64,0,397,0.21431037783622742
N064_R_seed0,64,0,398,0.3254757970571518
N064_R_seed0,64,0,399,0.21432793140411377
N064_R_seed0,64,0,400,0.3602732867002487
N064_R_seed0,64,0,401,0.23082001507282257
N064_R_seed0,64,0,402,0.1391335427761078
N064_R_seed0,64,0,403,0.40744637697935104
N064_R_seed0,64,0,404,0.5527670532464981
N064_R_seed0,64,0,405,0.2223893254995346
N064_R_seed0,64,0,406,0.21137771010398865
N064_R_seed0,64,0,407,0.36325332522392273
N064_R_seed0,64,0,408,0.1562723144888878
N064_R_seed0,64,0,409,0.2124122828245163
N064_R_seed0,64,0,410,0.24348075687885284
N064_R_seed0,64,0,411,0.1705327406525612
N064_R_seed0,64,0,412,0.3205798864364624
N064_R_seed0,64,0,413,0.3135377764701843
N064_R_seed0,64,0,414,0.4587988257408142
N064_R_seed0,64,0,415,0.31787917017936707
N064_R_seed0,64,0,416,0.2509894222021103
N064_R_seed0,64,0,417,0.30155301094055176
N064_R_seed0,64,0,418,0.25542156398296356
N064_R_seed0,64,0,419,0.18357235938310623
N064_R_seed0,64,0,420,0.1728774532675743
N064_R_seed0,64,0,421,0.16877630352973938
N064_R_seed0,64,0,422,0.2321384772658348
N064_R_seed0,64,0,423,0.2037162184715271
N064_R_seed0,64,0,424,0.17794985324144363
N064_R_seed0,64,0,425,0.1923830732703209
N064_R_seed0,64,0,426,0.35302192717790604
N064_R_seed0,64,0,427,0.33715490251779556
N064_R_seed0,64,0,428,0.17721018195152283
N064_R_seed0,64,0,429,0.444600909948349
N064_R_seed0,64,0,430,0.16520433872938156
N064_R_seed0,64,0,431,0.17485962808132172
N064_R_seed0,64,0,432,0.20450319349765778
N064_R_seed0,64,0,433,0.4824156314134598
N064_R_seed0,64,0,434,0.18373283743858337
N064_R_seed0,64,0,435,0.5326991975307465
N064_R_seed0,64,0,436,0.18965908885002136
N064_R_seed0,64,0,437,0.3717852085828781
N064_R_seed0,64,0,438,0.21925091743469238
N064_R_seed0,64,0,439,0.3118896186351776
N064_R_seed0,64,0,440,0.8093413412570953
N064_R_seed0,64,0,441,0.14910264313220978
N064_R_seed0,64,0,442,0.46230271458625793
N064_R_seed0,64,0,443,0.4616447985172272
N064_R_seed0,64,0,444,0.25390519201755524
N064_R_seed0,64,0,445,0.22459963709115982
N064_R_seed0,64,0,446,0.5101283192634583
N064_R_seed0,64,0,447,0.17018122971057892
N064_R_seed0,64,0,448,0.2010318636894226
N064_R_seed0,64,0,449,0.2173623889684677
N064_R_seed0,64,0,450,0.2395966649055481
N064_R_seed0,64,0,451,0.24012206494808197
N064_R_seed0,64,0,452,0.22168132662773132
N064_R_seed0,64,0,453,0.19610431790351868
N064_R_seed0,64,0,454,0.27523594349622726
N064_R_seed0,64,0,455,0.5150456577539444
N064_R_seed0,64,0,456,0.32730288803577423
N064_R_seed0,64,0,457,0.31948938965797424
N064_R_seed0,64,0,458,0.24886535108089447
N064_R_seed0,64,0,459,0.3379579931497574
N064_R_seed0,64,0,460,0.28860049694776535
N064_R_seed0,64,0,461,0.39844469726085663
N064_R_seed0,64,0,462,0.24235469102859497
N064_R_seed0,64,0,463,0.46802879124879837
N064_R_seed0,64,0,464,0.1749667376279831
N064_R_seed0,64,0,465,0.20007657259702682
N064_R_seed0,64,0,466,0.20664051175117493
N064_R_seed0,64,0,467,0.2065029740333557
N064_R_seed0,64,0,468,0.5054748356342316
N064_R_seed0,64,0,469,0.21666627377271652
N064_R_seed0,64,0,470,0.37719185650348663
N064_R_seed0,64,0,471,0.21752025932073593
N064_R_seed0,64,0,472,0.33407896757125854
N064_R_seed0,64,0,473,0.2641535773873329
N064_R_seed0,64,0,474,0.2766410782933235
N064_R_seed0,64,0,475,0.6589569449424744
N064_R_seed0,64,0,476,0.14754211157560349
N064_R_seed0,64,0,477,0.26159951090812683
N064_R_seed0,64,0,478,0.23116564750671387
N064_R_seed0,64,0,479,0.15715572237968445
N064_R_seed0,64,0,480,0.20254679769277573
N064_R_seed0,64,0,481,0.33665211498737335
N064_R_seed0,64,0,482,0.21234148740768433
N064_R_seed0,64,0,483,0.2082071378827095
N064_R_seed0,64,0,484,0.42541661858558655
N064_R_seed0,64,0,485,0.3155260682106018
N064_R_seed0,64,0,486,0.14388488978147507
N064_R_seed0,64,0,487,0.24170516431331635
N064_R_seed0,64,0,488,0.3158396780490875
N064_R_seed0,64,0,489,0.28416329622268677
N064_R_seed0,64,0,490,0.5930547416210175
N064_R_seed0,64,0,491,0.3182869106531143
N064_R_seed0,64,0,492,0.16938968002796173
N064_R_seed0,64,0,493,0.2752871513366699
N064_R_seed0,64,0,494,0.29510536789894104
N064_R_seed0,64,0,495,0.1355578489601612
N064_R_seed0,64,0,496,0.26952674984931946
N064_R_seed0,64,0,497,0.27744247764348984
N064_R_seed0,64,0,498,0.371996209025383
N064_R_seed0,64,0,499,0.1744185909628868
N064_R_seed0,64,0,500,0.4851209819316864
N064_R_seed0,64,0,501,0.39736633002758026
N064_R_seed0,64,0,502,0.17980024591088295
N064_R_seed0,64,0,503,0.28714536130428314
N064_R_seed0,64,0,504,0.21791765093803406
N064_R_seed0,64,0,505,0.17876868695020676
N064_R_seed0,64,0,506,0.11453227698802948
N064_R_seed0,64,0,507,0.1510360836982727
N064_R_seed0,64,0,508,0.3633062541484833
N064_R_seed0,64,0,509,0.21665173023939133
N064_R_seed0,64,0,510,0.18029795587062836
N064_R_seed0,64,0,511,0.17726435512304306
N064_R_seed0,64,0,512,0.4012046456336975
N064_R_seed0,64,0,513,0.2001378908753395
N064_R_seed0,64,0,514,0.3689766228199005
N064_R_seed0,64,0,515,0.1424865499138832
N064_R_seed0,64,0,516,0.1453065425157547
N064_R_seed0,64,0,517,0.20729205757379532
N064_R_seed0,64,0,518,0.12902702018618584
N064_R_seed0,64,0,519,0.29291626811027527
N064_R_seed0,64,0,520,0.17711064219474792
N064_R_seed0,64,0,521,0.17738189548254013
N064_R_seed0,64,0,522,0.1657676137983799
N064_R_seed0,64,0,523,0.17064353823661804
N064_R_seed0,64,0,524,0.27498799562454224
N064_R_seed0,64,0,525,0.29629814624786377
N064_R_seed0,64,0,526,0.13306532055139542
N064_R_seed0,64,0,527,0.19958405196666718
N064_R_seed0,64,0,528,0.18507632613182068
N064_R_seed0,64,0,529,0.24233868718147278
N064_R_seed0,64,0,530,0.2570694833993912
N064_R_seed0,64,0,531,0.2718914672732353
N064_R_seed0,64,0,532,0.26691899448633194
N064_R_seed0,64,0,533,0.21083074808120728
N064_R_seed0,64,0,534,0.38590583205223083
N064_R_seed0,64,0,535,0.17327997088432312
N064_R_seed0,64,0,536,0.2331024557352066
N064_R_seed0,64,0,537,0.23655349016189575
N064_R_seed0,64,0,538,0.2543308138847351
N064_R_seed0,64,0,539,0.1560717225074768
N064_R_seed0,64,0,540,0.42970556020736694
N064_R_seed0,64,0,541,0.17490223050117493
N064_R_seed0,64,0,542,0.14500121772289276
N064_R_seed0,64,0,543,0.3727182224392891
N064_R_seed0,64,0,544,0.20593854039907455
N064_R_seed0,64,0,545,0.264776349067688
N064_R_seed0,64,0,546,0.24948801845312119
N064_R_seed0,64,0,547,0.3889504075050354
N064_R_seed0,64,0,548,0.1594960242509842
N064_R_seed0,64,0,549,0.2130950391292572
N064_R_seed0,64,0,550,0.22669818252325058
N064_R_seed0,64,0,551,0.328926756978035
N064_R_seed0,64,0,552,0.13845384865999222
N064_R_seed0,64,0,553,0.14095177501440048
N064_R_seed0,64,0,554,0.1672845259308815
N064_R_seed0,64,0,555,0.29101747274398804
N064_R_seed0,64,0,556,0.2202291116118431
N064_R_seed0,64,0,557,0.21398011595010757
N064_R_seed0,64,0,558,0.4370502680540085
N064_R_seed0,64,0,559,0.21148720011115074
N064_R_seed0,64,0,560,0.25196465849876404
N064_R_seed0,64,0,561,0.24220113456249237
N064_R_seed0,64,0,562,0.26482613384723663
N064_R_seed0,64,0,563,0.16617326438426971
N064_R_seed0,64,0,564,0.10598805174231529
N064_R_seed0,64,0,565,0.24632437527179718
N064_R_seed0,64,0,566,0.2019759640097618
N064_R_seed0,64,0,567,0.17142435908317566
N064_R_seed0,64,0,568,0.2004893571138382
N064_R_seed0,64,0,569,0.15961935371160507
N064_R_seed0,64,0,570,0.3566356599330902
N064_R_seed0,64,0,571,0.2772943377494812
N064_R_seed0,64,0,572,0.17872117459774017
N064_R_seed0,64,0,573,0.1755736991763115
N064_R_seed0,64,0,574,0.17569918185472488
N064_R_seed0,64,0,575,0.23955288529396057
N064_R_seed0,64,0,576,0.2743326723575592
N064_R_seed0,64,0,577,0.17749180644750595
N064_R_seed0,64,0,578,0.14005744084715843
N064_R_seed0,64,0,579,0.21425633132457733
N064_R_seed0,64,0,580,0.2861032485961914
N064_R_seed0,64,0,581,0.1773555502295494
N064_R_seed0,64,0,582,0.30410338938236237
N064_R_seed0,64,0,583,0.21678371727466583
N064_R_seed0,64,0,584,0.20214135199785233
N064_R_seed0,64,0,585,0.2351008579134941
N064_R_seed0,64,0,586,0.1724308431148529
N064_R_seed0,64,0,587,0.45565928518772125
N064_R_seed0,64,0,588,0.2740378975868225
N064_R_seed0,64,0,589,0.3589465618133545
N064_R_seed0,64,0,590,0.358564555644989
N064_R_seed0,64,0,591,0.1323268711566925
N064_R_seed0,64,0,592,0.37809188663959503
N064_R_seed0,64,0,593,0.3117518275976181
N064_R_seed0,64,0,594,0.17369282245635986
N064_R_seed0,64,0,595,0.3606765866279602
N064_R_seed0,64,0,596,0.14740392193198204
N064_R_seed0,64,0,597,0.1591094359755516
N064_R_seed0,64,0,598,0.2011118233203888
N064_R_seed0,64,0,599,0.22984512150287628
N064_R_seed0,64,0,600,0.14150408655405045
N064_R_seed0,64,0,601,0.24890559166669846
N064_R_seed0,64,0,602,0.26332156360149384
N064_R_seed0,64,0,603,0.1900179088115692
N064_R_seed0,64,0,604,0.19853439927101135
N064_R_seed0,64,0,605,0.24028364568948746
N064_R_seed0,64,0,606,0.28960835188627243
N064_R_seed0,64,0,607,0.19801141321659088
N064_R_seed0,64,0,608,0.24719391763210297
N064_R_seed0,64,0,609,0.1306881196796894
N064_R_seed0,64,0,610,0.21004311740398407
N064_R_seed0,64,0,611,0.24634650349617004
N064_R_seed0,64,0,612,0.27556683123111725
N064_R_seed0,64,0,613,0.11370919272303581
N064_R_seed0,64,0,614,0.2725825905799866
N064_R_seed0,64,0,615,0.22788988053798676
N064_R_seed0,64,0,616,0.20727655291557312
N064_R_seed0,64,0,617,0.30320946872234344
N064_R_seed0,64,0,618,0.22589468955993652
N064_R_seed0,64,0,619,0.4911186546087265
N064_R_seed0,64,0,620,0.2441418319940567
N064_R_seed0,64,0,621,0.3055103123188019
N064_R_seed0,64,0,622,0.43000271171331406
N064_R_seed0,64,0,623,0.23238926380872726
N064_R_seed0,64,0,624,0.2540462613105774
N064_R_seed0,64,0,625,0.4938797652721405
N064_R_seed0,64,0,626,0.1580388993024826
N064_R_seed0,64,0,627,0.29475344717502594
N064_R_seed0,64,0,628,0.20943506807088852
N064_R_seed0,64,0,629,0.3505844399333
N064_R_seed0,64,0,630,0.23601706326007843
N064_R_seed0,64,0,631,0.2490621954202652
N064_R_seed0,64,0,632,0.22041219472885132
N064_R_seed0,64,0,633,0.16649367660284042
N064_R_seed0,64,0,634,0.2250925675034523
N064_R_seed0,64,0,635,0.15782615542411804
N064_R_seed0,64,0,636,0.19095932692289352
N064_R_seed0,64,0,637,0.29081980884075165
N064_R_seed0,64,0,638,0.17973653227090836
N064_R_seed0,64,0,639,0.1514124721288681
N064_R_seed0,64,0,640,0.2627640664577484
N064_R_seed0,64,0,641,0.19656944274902344
N064_R_seed0,64,0,642,0.39679617434740067
N064_R_seed0,64,0,643,0.14105789363384247
N064_R_seed0,64,0,644,0.3429797291755676
N064_R_seed0,64,0,645,0.2326987236738205
N064_R_seed0,64,0,646,0.11974707990884781
N064_R_seed0,64,0,647,0.2490394189953804
N064_R_seed0,64,0,648,0.3111671209335327
N064_R_seed0,64,0,649,0.26619572192430496
N064_R_seed0,64,0,650,0.2410234957933426
N064_R_seed0,64,0,651,0.3111300989985466
N064_R_seed0,64,0,652,0.20674405992031097
N064_R_seed0,64,0,653,0.24733885377645493
N064_R_seed0,64,0,654,0.13020408526062965
N064_R_seed0,64,0,655,0.2688395231962204
N064_R_seed0,64,0,656,0.27996090054512024
N064_R_seed0,64,0,657,0.27158883959054947
N064_R_seed0,64,0,658,0.12469256296753883
N064_R_seed0,64,0,659,0.13419387862086296
N064_R_seed0,64,0,660,0.19146957248449326
N064_R_seed0,64,0,661,0.2837989330291748
N064_R_seed0,64,0,662,0.18686947971582413
N064_R_seed0,64,0,663,0.1420627161860466
N064_R_seed0,64,0,664,0.2484920620918274
N064_R_seed0,64,0,665,0.26722289621829987
N064_R_seed0,64,0,666,0.18829362839460373
N064_R_seed0,64,0,667,0.21556828916072845
N064_R_seed0,64,0,668,0.33401956409215927
N064_R_seed0,64,0,669,0.17850559204816818
N064_R_seed0,64,0,670,0.3575376197695732
N064_R_seed0,64,0,671,0.16437339037656784
N064_R_seed0,64,0,672,0.15087489783763885
N064_R_seed0,64,0,673,0.28032874315977097
N064_R_seed0,64,0,674,0.17828796058893204
N064_R_seed0,64,0,675,0.47854894399642944
N064_R_seed0,64,0,676,0.21814297139644623
N064_R_seed0,64,0,677,0.17917471379041672
N064_R_seed0,64,0,678,0.12491386011242867
N064_R_seed0,64,0,679,0.3570573404431343
N064_R_seed0,64,0,680,0.18124039471149445
N064_R_seed0,64,0,681,0.12924671173095703
N064_R_seed0,64,0,682,0.23941747844219208
N064_R_seed0,64,0,683,0.1380476988852024
N064_R_seed0,64,0,684,0.2302897423505783
N064_R_seed0,64,0,685,0.1570405662059784
N064_R_seed0,64,0,686,0.24630188941955566
N064_R_seed0,64,0,687,0.31742817535996437
N064_R_seed0,64,0,688,0.16424156725406647
N064_R_seed0,64,0,689,0.1650030016899109
N064_R_seed0,64,0,690,0.21559486538171768
N064_R_seed0,64,0,691,0.4731484204530716
N064_R_seed0,64,0,692,0.1603315770626068
N064_R_seed0,64,0,693,0.17741918563842773
N064_R_seed0,64,0,694,0.198760025203228
N064_R_seed0,64,0,695,0.21380966901779175
N064_R_seed0,64,0,696,0.28521496802568436
N064_R_seed0,64,0,697,0.1634804978966713
N064_R_seed0,64,0,698,0.12219756096601486
N064_R_seed0,64,0,699,0.28371626138687134
N064_R_seed0,64,0,700,0.19741447269916534
N064_R_seed0,64,0,701,0.11788483709096909
N064_R_seed0,64,0,702,0.25382936745882034
N064_R_seed0,64,0,703,0.1846432238817215
N064_R_seed0,64,0,704,0.2829550802707672
N064_R_seed0,64,0,705,0.15545295178890228
N064_R_seed0,64,0,706,0.18936201930046082
N064_R_seed0,64,0,707,0.08289210870862007
N064_R_seed0,64,0,708,0.14598269015550613
N064_R_seed0,64,0,709,0.14910298958420753
N064_R_seed0,64,0,710,0.18788708001375198
N064_R_seed0,64,0,711,0.1888112723827362
N064_R_seed0,64,0,712,0.2486947774887085
N064_R_seed0,64,0,713,0.20160259306430817
N064_R_seed0,64,0,714,0.172637477517128
N064_R_seed0,64,0,715,0.219655841588974
N064_R_seed0,64,0,716,0.1745653748512268
N064_R_seed0,64,0,717,0.18783996254205704
N064_R_seed0,64,0,718,0.21150068938732147
N064_R_seed0,64,0,719,0.15295159444212914
N064_R_seed0,64,0,720,0.10959720611572266
N064_R_seed0,64,0,721,0.1813177913427353
N064_R_seed0,64,0,722,0.24565011262893677
N064_R_seed0,64,0,723,0.223580002784729
N064_R_seed0,64,0,724,0.1671462059020996
N064_R_seed0,64,0,725,0.11187051981687546
N064_R_seed0,64,0,726,0.17479270696640015
N064_R_seed0,64,0,727,0.2964899092912674
N064_R_seed0,64,0,728,0.17102427780628204
N064_R_seed0,64,0,729,0.2755945473909378
N064_R_seed0,64,0,730,0.12896494194865227
N064_R_seed0,64,0,731,0.154120285063982
N064_R_seed0,64,0,732,0.17261531949043274
N064_R_seed0,64,0,733,0.236312136054039
N064_R_seed0,64,0,734,0.1162656918168068
N064_R_seed0,64,0,735,0.20270298421382904
N064_R_seed0,64,0,736,0.18230408430099487
N064_R_seed0,64,0,737,0.23903455585241318
N064_R_seed0,64,0,738,0.39322158694267273
N064_R_seed0,64,0,739,0.36009257286787033
N064_R_seed0,64,0,740,0.1874929666519165
N064_R_seed0,64,0,741,0.13787591829895973
N064_R_seed0,64,0,742,0.2093181386590004
N064_R_seed0,64,0,743,0.1898619830608368
N064_R_seed0,64,0,744,0.15266947448253632
N064_R_seed0,64,0,745,0.21445687115192413
N064_R_seed0,64,0,746,0.13475535064935684
N064_R_seed0,64,0,747,0.30636413395404816
N064_R_seed0,64,0,748,0.17735019326210022
N064_R_seed0,64,0,749,0.1676746979355812
N064_R_seed0,64,0,750,0.12017755582928658
N064_R_seed0,64,0,751,0.14984500408172607
N064_R_seed0,64,0,752,0.1336599811911583
N064_R_seed0,64,0,753,0.3360145092010498
N064_R_seed0,64,0,754,0.14975299686193466
N064_R_seed0,64,0,755,0.13774417340755463
N064_R_seed0,64,0,756,0.2547832578420639
N064_R_seed0,64,0,757,0.14084546267986298
N064_R_seed0,64,0,758,0.1428259164094925
N064_R_seed0,64,0,759,0.14223425090312958
N064_R_seed0,64,0,760,0.11438220739364624
N064_R_seed0,64,0,761,0.15889520943164825
N064_R_seed0,64,0,762,0.11158094555139542
N064_R_seed0,64,0,763,0.18659359216690063
N064_R_seed0,64,0,764,0.12267954647541046
N064_R_seed0,64,0,765,0.39467890560626984
N064_R_seed0,64,0,766,0.20658572018146515
N064_R_seed0,64,0,767,0.11007893085479736
N064_R_seed0,64,0,768,0.16450149193406105
N064_R_seed0,64,0,769,0.1943942904472351
N064_R_seed0,64,0,770,0.12473525106906891
N064_R_seed0,64,0,771,0.17431456595659256
N064_R_seed0,64,0,772,0.22326549887657166
N064_R_seed0,64,0,773,0.18441913276910782
N064_R_seed0,64,0,774,0.14672627300024033
N064_R_seed0,64,0,775,0.16630766540765762
N064_R_seed0,64,0,776,0.2520165294408798
N064_R_seed0,64,0,777,0.20159351080656052
N064_R_seed0,64,0,778,0.1903344988822937
N064_R_seed0,64,0,779,0.15004943311214447
N064_R_seed0,64,0,780,0.12751967459917068
N064_R_seed0,64,0,781,0.20471276342868805
N064_R_seed0,64,0,782,0.17250613868236542
N064_R_seed0,64,0,783,0.16273339837789536
N064_R_seed0,64,0,784,0.2531907856464386
N064_R_seed0,64,0,785,0.18092655390501022
N064_R_seed0,64,0,786,0.18354350328445435
N064_R_seed0,64,0,787,0.17548376321792603
N064_R_seed0,64,0,788,0.2113848328590393
N064_R_seed0,64,0,789,0.20232149958610535
N064_R_seed0,64,0,790,0.14399702847003937
N064_R_seed0,64,0,791,0.17940983921289444
N064_R_seed0,64,0,792,0.18866807222366333
N064_R_seed0,64,0,793,0.07439659535884857
N064_R_seed0,64,0,794,0.10022695735096931
N064_R_seed0,64,0,795,0.2315126731991768
N064_R_seed0,64,0,796,0.1920870542526245
N064_R_seed0,64,0,797,0.13253573328256607
N064_R_seed0,64,0,798,0.19663825258612633
N064_R_seed0,64,0,799,0.1568339541554451
N064_R_seed0,64,0,800,0.2438357025384903
N064_R_seed0,64,0,801,0.1889447346329689
N064_R_seed0,64,0,802,0.18013691902160645
N064_R_seed0,64,0,803,0.21700923889875412
N064_R_seed0,64,0,804,0.326184019446373
N064_R_seed0,64,0,805,0.12370548397302628
N064_R_seed0,64,0,806,0.13803578168153763
N064_R_seed0,64,0,807,0.3086846172809601
N064_R_seed0,64,0,808,0.24470828473567963
N064_R_seed0,64,0,809,0.28824110329151154
N064_R_seed0,64,0,810,0.14724234491586685
N064_R_seed0,64,0,811,0.16995954886078835
N064_R_seed0,64,0,812,0.15627211332321167
N064_R_seed0,64,0,813,0.12988612055778503
N064_R_seed0,64,0,814,0.16688480228185654
N064_R_seed0,64,0,815,0.09889314696192741
N064_R_seed0,64,0,816,0.1948183923959732
N064_R_seed0,64,0,817,0.2006918117403984
N064_R_seed0,64,0,818,0.17779697477817535
N064_R_seed0,64,0,819,0.17428382486104965
N064_R_seed0,64,0,820,0.13047659024596214
N064_R_seed0,64,0,821,0.15452022105455399
N064_R_seed0,64,0,822,0.16159912943840027
N064_R_seed0,64,0,823,0.17680401727557182
N064_R_seed0,64,0,824,0.13042449578642845
N064_R_seed0,64,0,825,0.11829526349902153
N064_R_seed0,64,0,826,0.1685090959072113
N064_R_seed0,64,0,827,0.23861509561538696
N064_R_seed0,64,0,828,0.09852374345064163
N064_R_seed0,64,0,829,0.2269931435585022
N064_R_seed0,64,0,830,0.19808752089738846
N064_R_seed0,64,0,831,0.09507500380277634
N064_R_seed0,64,0,832,0.1422875002026558
N064_R_seed0,64,0,833,0.1407465636730194
N064_R_seed0,64,0,834,0.12564338743686676
N064_R_seed0,64,0,835,0.14482252299785614
N064_R_seed0,64,0,836,0.12357485294342041
N064_R_seed0,64,0,837,0.10848054848611355
N064_R_seed0,64,0,838,0.18984128534793854
N064_R_seed0,64,0,839,0.11062930524349213
N064_R_seed0,64,0,840,0.1382267028093338
N064_R_seed0,64,0,841,0.19454701989889145
N064_R_seed0,64,0,842,0.11071153730154037
N064_R_seed0,64,0,843,0.25607163459062576
N064_R_seed0,64,0,844,0.09538635984063148
N064_R_seed0,64,0,845,0.1161147989332676
N064_R_seed0,64,0,846,0.18904020637273788
N064_R_seed0,64,0,847,0.1736595183610916
N064_R_seed0,64,0,848,0.20499379187822342
N064_R_seed0,64,0,849,0.09001591429114342
N064_R_seed0,64,0,850,0.1127437949180603
N064_R_seed0,64,0,851,0.1452774852514267
N064_R_seed0,64,0,852,0.20101980865001678
N064_R_seed0,64,0,853,0.19797436892986298
N064_R_seed0,64,0,854,0.28695984184741974
N064_R_seed0,64,0,855,0.17353834956884384
N064_R_seed0,64,0,856,0.19597078114748
N064_R_seed0,64,0,857,0.18838120996952057
N064_R_seed0,64,0,858,0.12101515009999275
N064_R_seed0,64,0,859,0.2768913805484772
N064_R_seed0,64,0,860,0.25987955182790756
N064_R_seed0,64,0,861,0.15020884200930595
N064_R_seed0,64,0,862,0.12643664330244064
N064_R_seed0,64,0,863,0.2875998318195343
N064_R_seed0,64,0,864,0.1723482422530651
N064_R_seed0,64,0,865,0.20664597302675247
N064_R_seed0,64,0,866,0.1283508464694023
N064_R_seed0,64,0,867,0.4651215970516205
N064_R_seed0,64,0,868,0.3597499094903469
N064_R_seed0,64,0,869,0.15106704831123352
N064_R_seed0,64,0,870,0.1356670893728733
N064_R_seed0,64,0,871,0.13316379487514496
N064_R_seed0,64,0,872,0.22490376234054565
N064_R_seed0,64,0,873,0.1781112253665924
N064_R_seed0,64,0,874,0.12682698667049408
N064_R_seed0,64,0,875,0.08876452594995499
N064_R_seed0,64,0,876,0.13513249158859253
N064_R_seed0,64,0,877,0.2332959622144699
N064_R_seed0,64,0,878,0.11172613501548767
N064_R_seed0,64,0,879,0.19061348587274551
N064_R_seed0,64,0,880,0.13533009588718414
N064_R_seed0,64,0,881,0.2003115937113762
N064_R_seed0,64,0,882,0.2232845574617386
N064_R_seed0,64,0,883,0.16217481344938278
N064_R_seed0,64,0,884,0.24971500039100647
N064_R_seed0,64,0,885,0.09805650636553764
N064_R_seed0,64,0,886,0.1338791325688362
N064_R_seed0,64,0,887,0.24017959833145142
N064_R_seed0,64,0,888,0.1677708998322487
N064_R_seed0,64,0,889,0.2248033583164215
N064_R_seed0,64,0,890,0.13654804974794388
N064_R_seed0,64,0,891,0.24067260324954987
N064_R_seed0,64,0,892,0.18696744740009308
N064_R_seed0,64,0,893,0.07937462627887726
N064_R_seed0,64,0,894,0.1447107046842575
N064_R_seed0,64,0,895,0.09849663451313972
N064_R_seed0,64,0,896,0.12913855910301208
N064_R_seed0,64,0,897,0.15083416551351547
N064_R_seed0,64,0,898,0.18880891799926758
N064_R_seed0,64,0,899,0.23798278719186783
N064_R_seed0,64,0,900,0.1064121425151825
N064_R_seed0,64,0,901,0.12836503982543945
N064_R_seed0,64,0,902,0.1322375051677227
N064_R_seed0,64,0,903,0.13974135369062424
N064_R_seed0,64,0,904,0.2899507135152817
N064_R_seed0,64,0,905,0.14984706789255142
N064_R_seed0,64,0,906,0.10080261528491974
N064_R_seed0,64,0,907,0.13326330482959747
N064_R_seed0,64,0,908,0.10386454313993454
N064_R_seed0,64,0,909,0.12822474166750908
N064_R_seed0,64,0,910,0.10731399804353714
N064_R_seed0,64,0,911,0.1297435127198696
N064_R_seed0,64,0,912,0.18435831740498543
N064_R_seed0,64,0,913,0.20725715160369873
N064_R_seed0,64,0,914,0.1409720778465271
N064_R_seed0,64,0,915,0.20091716945171356
N064_R_seed0,64,0,916,0.1219559758901596
N064_R_seed0,64,0,917,0.12003815919160843
N064_R_seed0,64,0,918,0.12895209342241287
N064_R_seed0,64,0,919,0.09307915158569813
N064_R_seed0,64,0,920,0.1137513816356659
N064_R_seed0,64,0,921,0.15019210800528526
N064_R_seed0,64,0,922,0.18853939324617386
N064_R_seed0,64,0,923,0.14399321377277374
N064_R_seed0,64,0,924,0.13053512573242188
N064_R_seed0,64,0,925,0.16800080984830856
N064_R_seed0,64,0,926,0.13454944640398026
N064_R_seed0,64,0,927,0.41601693630218506
N064_R_seed0,64,0,928,0.16675639897584915
N064_R_seed0,64,0,929,0.15710374340415
N064_R_seed0,64,0,930,0.12996617704629898
N064_R_seed0,64,0,931,0.10817576944828033
N064_R_seed0,64,0,932,0.24640948325395584
N064_R_seed0,64,0,933,0.13644356280565262
N064_R_seed0,64,0,934,0.1502087414264679
N064_R_seed0,64,0,935,0.12073923274874687
N064_R_seed0,64,0,936,0.10843546688556671
N064_R_seed0,64,0,937,0.13338762149214745
N064_R_seed0,64,0,938,0.16617535799741745
N064_R_seed0,64,0,939,0.20558185875415802
N064_R_seed0,64,0,940,0.23092412948608398
N064_R_seed0,64,0,941,0.18957525491714478
N064_R_seed0,64,0,942,0.1690395548939705
N064_R_seed0,64,0,943,0.1337650641798973
N064_R_seed0,64,0,944,0.12229692935943604
N064_R_seed0,64,0,945,0.13915791362524033
N064_R_seed0,64,0,946,0.29769644141197205
N064_R_seed0,64,0,947,0.12121348083019257
N064_R_seed0,64,0,948,0.18771425634622574
N064_R_seed0,64,0,949,0.1005556732416153
N064_R_seed0,64,0,950,0.14467493072152138
N064_R_seed0,64,0,951,0.11217470467090607
N064_R_seed0,64,0,952,0.22263410687446594
N064_R_seed0,64,0,953,0.14673364907503128
N064_R_seed0,64,0,954,0.14072756841778755
N064_R_seed0,64,0,955,0.19019878655672073
N064_R_seed0,64,0,956,0.15413806214928627
N064_R_seed0,64,0,957,0.16875768825411797
N064_R_seed0,64,0,958,0.18790806084871292
N064_R_seed0,64,0,959,0.16427627205848694
N064_R_seed0,64,0,960,0.19220390915870667
N064_R_seed0,64,0,961,0.179007388651371
N064_R_seed0,64,0,962,0.22865057736635208
N064_R_seed0,64,0,963,0.14491888135671616
N064_R_seed0,64,0,964,0.19963257014751434
N064_R_seed0,64,0,965,0.163727056235075
N064_R_seed0,64,0,966,0.15092234313488007
N064_R_seed0,64,0,967,0.14788494259119034
N064_R_seed0,64,0,968,0.17238061875104904
N064_R_seed0,64,0,969,0.18704571947455406
N064_R_seed0,64,0,970,0.14946973323822021
N064_R_seed0,64,0,971,0.13381283730268478
N064_R_seed0,64,0,972,0.13174362108111382
N064_R_seed0,64,0,973,0.3499932400882244
N064_R_seed0,64,0,974,0.3172093778848648
N064_R_seed0,64,0,975,0.5414169430732727
N064_R_seed0,64,0,976,0.17250139266252518
N064_R_seed0,64,0,977,0.18958640098571777
N064_R_seed0,64,0,978,0.18232852220535278
N064_R_seed0,64,0,979,0.2084093987941742
N064_R_seed0,64,0,980,0.1738109588623047
N064_R_seed0,64,0,981,0.1608901098370552
N064_R_seed0,64,0,982,0.2109384834766388
N064_R_seed0,64,0,983,0.19439230859279633
N064_R_seed0,64,0,984,0.1579509600996971
N064_R_seed0,64,0,985,0.08230525627732277
N064_R_seed0,64,0,986,0.15725088119506836
N064_R_seed0,64,0,987,0.19630594179034233
N064_R_seed0,64,0,988,0.10775113105773926
N064_R_seed0,64,0,989,0.09163066744804382
N064_R_seed0,64,0,990,0.2437572106719017
N064_R_seed0,64,0,991,0.12094166874885559
N064_R_seed0,64,0,992,0.13823261857032776
N064_R_seed0,64,0,993,0.1561647467315197
N064_R_seed0,64,0,994,0.32846536487340927
N064_R_seed0,64,0,995,0.12078510224819183
N064_R_seed0,64,0,996,0.24241051450371742
N064_R_seed0,64,0,997,0.15129775553941727
N064_R_seed0,64,0,998,0.13029566779732704
N064_R_seed0,64,0,999,0.16082163155078888
N064_R_seed0,64,0,1000,0.09877228364348412
N064_R_seed1,64,1,1,1.0925711393356323
N064_R_seed1,64,1,2,1.3257697224617004
N064_R_seed1,64,1,3,1.186369776725769
N064_R_seed1,64,1,4,1.2981612086296082
N064_R_seed1,64,1,5,1.090999186038971
N064_R_seed1,64,1,6,1.313571572303772
N064_R_seed1,64,1,7,1.0971931219100952
N064_R_seed1,64,1,8,1.218749761581421
N064_R_seed1,64,1,9,1.096323847770691
N064_R_seed1,64,1,10,1.2638909220695496
N064_R_seed1,64,1,11,1.2063714265823364
N064_R_seed1,64,1,12,1.08860582113266
N064_R_seed1,64,1,13,1.1867527961730957
N064_R_seed1,64,1,14,1.1626002192497253
N064_R_seed1,64,1,15,1.2542657256126404
N064_R_seed1,64,1,16,1.2084762454032898
N064_R_seed1,64,1,17,1.1569213271141052
N064_R_seed1,64,1,18,1.2415279150009155
N064_R_seed1,64,1,19,1.1173932552337646
N064_R_seed1,64,1,20,1.180136799812317
N064_R_seed1,64,1,21,1.4438186883926392
N064_R_seed1,64,1,22,1.2105765342712402
N064_R_seed1,64,1,23,1.0550398528575897
N064_R_seed1,64,1,24,1.3069033026695251
N064_R_seed1,64,1,25,1.1491395831108093
N064_R_seed1,64,1,26,1.10465407371521
N064_R_seed1,64,1,27,1.1909385323524475
N064_R_seed1,64,1,28,0.9807116389274597
N064_R_seed1,64,1,29,1.3205409049987793
N064_R_seed1,64,1,30,1.0905398726463318
N064_R_seed1,64,1,31,1.1841655373573303
N064_R_seed1,64,1,32,1.2044973969459534
N064_R_seed1,64,1,33,1.2625033855438232
N064_R_seed1,64,1,34,1.1137256622314453
N064_R_seed1,64,1,35,1.4335249066352844
N064_R_seed1,64,1,36,1.089938461780548
N064_R_seed1,64,1,37,1.0808871388435364
N064_R_seed1,64,1,38,1.2438026666641235
N064_R_seed1,64,1,39,1.2058174014091492
N064_R_seed1,64,1,40,1.0180005729198456
N064_R_seed1,64,1,41,1.1437726616859436
N064_R_seed1,64,1,42,1.2184514999389648
N064_R_seed1,64,1,43,1.0771859288215637
N064_R_seed1,64,1,44,1.3225830793380737
N064_R_seed1,64,1,45,1.2457836866378784
N064_R_seed1,64,1,46,1.04746413230896
N064_R_seed1,64,1,47,1.0835360288619995
N064_R_seed1,64,1,48,1.0681741833686829
N064_R_seed1,64,1,49,1.149765968322754
N064_R_seed1,64,1,50,1.2385029196739197
N064_R_seed1,64,1,51,1.1882405281066895
N064_R_seed1,64,1,52,1.1204750537872314
N064_R_seed1,64,1,53,1.215476930141449
N064_R_seed1,64,1,54,1.2180230021476746
N064_R_seed1,64,1,55,1.1584892868995667
N064_R_seed1,64,1,56,1.2030245661735535
N064_R_seed1,64,1,57,1.165448784828186
N064_R_seed1,64,1,58,1.147954523563385
N064_R_seed1,64,1,59,1.173874020576477
N064_R_seed1,64,1,60,1.1705943644046783
N064_R_seed1,64,1,61,1.1758500933647156
N064_R_seed1,64,1,62,1.0724937319755554
N064_R_seed1,64,1,63,1.0885012745857239
N064_R_seed1,64,1,64,1.1930330991744995
N064_R_seed1,64,1,65,1.12550288438797
N064_R_seed1,64,1,66,1.3463091254234314
N064_R_seed1,64,1,67,1.2240606546401978
N064_R_seed1,64,1,68,1.1195642352104187
N064_R_seed1,64,1,69,1.3062776327133179
N064_R_seed1,64,1,70,1.0633164048194885
N064_R_seed1,64,1,71,1.2724406123161316
N064_R_seed1,64,1,72,1.3918563723564148
N064_R_seed1,64,1,73,1.2116232514381409
N064_R_seed1,64,1,74,1.1145640015602112
N064_R_seed1,64,1,75,1.3427373170852661
N064_R_seed1,64,1,76,0.9883933365345001
N064_R_seed1,64,1,77,1.1294066309928894
N064_R_seed1,64,1,78,1.1715235114097595
N064_R_seed1,64,1,79,1.172475814819336
N064_R_seed1,64,1,80,1.2659925818443298
N064_R_seed1,64,1,81,1.0741893649101257
N064_R_seed1,64,1,82,1.1997432112693787
N064_R_seed1,64,1,83,1.2080985307693481
N064_R_seed1,64,1,84,1.2429438829421997
N064_R_seed1,64,1,85,1.3511891961097717
N064_R_seed1,64,1,86,1.1869036257266998
N064_R_seed1,64,1,87,1.1487579941749573
N064_R_seed1,64,1,88,1.105274736881256
N064_R_seed1,64,1,89,1.146178424358368
N064_R_seed1,64,1,90,1.2561362981796265
N064_R_seed1,64,1,91,1.193810611963272
N064_R_seed1,64,1,92,0.9792380630970001
N064_R_seed1,64,1,93,1.2441769242286682
N064_R_seed1,64,1,94,1.067248821258545
N064_R_seed1,64,1,95,1.0840116143226624
N064_R_seed1,64,1,96,1.1741273403167725
N064_R_seed1,64,1,97,1.0605372190475464
N064_R_seed1,64,1,98,1.0577152371406555
N064_R_seed1,64,1,99,1.0529713034629822
N064_R_seed1,64,1,100,1.2110694646835327
N064_R_seed1,64,1,101,1.1328784823417664
N064_R_seed1,64,1,102,0.9828207492828369
N064_R_seed1,64,1,103,1.0571380257606506
N064_R_seed1,64,1,104,1.0323005318641663
N064_R_seed1,64,1,105,1.1495869755744934
N064_R_seed1,64,1,106,1.3022661805152893
N064_R_seed1,64,1,107,1.1383376121520996
N064_R_seed1,64,1,108,1.0154252648353577
N064_R_seed1,64,1,109,1.0881878733634949
N064_R_seed1,64,1,110,1.1548985838890076
N064_R_seed1,64,1,111,1.039965033531189
N064_R_seed1,64,1,112,1.0010504126548767
N064_R_seed1,64,1,113,0.9635803997516632
N064_R_seed1,64,1,114,1.215055525302887
N064_R_seed1,64,1,115,1.059329092502594
N064_R_seed1,64,1,116,1.1019287109375
N064_R_seed1,64,1,117,1.0070145726203918
N064_R_seed1,64,1,118,1.0049437284469604
N064_R_seed1,64,1,119,1.039448082447052
N064_R_seed1,64,1,120,0.9762902855873108
N064_R_seed1,64,1,121,1.1501194834709167
N064_R_seed1,64,1,122,1.041270136833191
N064_R_seed1,64,1,123,1.1217787265777588
N064_R_seed1,64,1,124,1.0853076577186584
N064_R_seed1,64,1,125,1.0625486969947815
N064_R_seed1,64,1,126,1.0202380418777466
N064_R_seed1,64,1,127,1.1904888153076172
N064_R_seed1,64,1,128,1.1725225448608398
N064_R_seed1,64,1,129,1.0350786447525024
N064_R_seed1,64,1,130,1.1169581413269043
N064_R_seed1,64,1,131,0.9953689575195312
N064_R_seed1,64,1,132,1.0310912132263184
N064_R_seed1,64,1,133,1.0803412795066833
N064_R_seed1,64,1,134,0.9875762760639191
N064_R_seed1,64,1,135,1.078024536371231
N064_R_seed1,64,1,136,0.9983357489109039
N064_R_seed1,64,1,137,0.9510176777839661
N064_R_seed1,64,1,138,1.2051302790641785
N064_R_seed1,64,1,139,1.0729968845844269
N064_R_seed1,64,1,140,0.8892262876033783
N064_R_seed1,64,1,141,1.097031593322754
N064_R_seed1,64,1,142,1.1108755469322205
N064_R_seed1,64,1,143,1.0454877316951752
N064_R_seed1,64,1,144,1.0324977338314056
N064_R_seed1,64,1,145,1.0672470927238464
N064_R_seed1,64,1,146,1.0186394155025482
N064_R_seed1,64,1,147,0.8996736705303192
N064_R_seed1,64,1,148,1.06083083152771
N064_R_seed1,64,1,149,1.0858683586120605
N064_R_seed1,64,1,150,1.1004581451416016
N064_R_seed1,64,1,151,1.0333223044872284
N064_R_seed1,64,1,152,0.9110876321792603
N064_R_seed1,64,1,153,1.0351922512054443
N064_R_seed1,64,1,154,1.1669957637786865
N064_R_seed1,64,1,155,1.0176774561405182
N064_R_seed1,64,1,156,0.9201754331588745
N064_R_seed1,64,1,157,1.0473782420158386
N064_R_seed1,64,1,158,1.084544062614441
N064_R_seed1,64,1,159,0.9517605006694794
N064_R_seed1,64,1,160,1.107229769229889
N064_R_seed1,64,1,161,0.9472774267196655
N064_R_seed1,64,1,162,1.0590857863426208
N064_R_seed1,64,1,163,1.0874126553535461
N064_R_seed1,64,1,164,0.9650925993919373
N064_R_seed1,64,1,165,1.0529038906097412
N064_R_seed1,64,1,166,0.8285034000873566
N064_R_seed1,64,1,167,1.013372778892517
N064_R_seed1,64,1,168,0.9834121465682983
N064_R_seed1,64,1,169,0.9674584865570068
N064_R_seed1,64,1,170,1.1029657423496246
N064_R_seed1,64,1,171,0.9114833176136017
N064_R_seed1,64,1,172,0.9908895492553711
N064_R_seed1,64,1,173,1.0202652215957642
N064_R_seed1,64,1,174,0.9996320605278015
N064_R_seed1,64,1,175,0.9512829184532166
N064_R_seed1,64,1,176,1.1612173914909363
N064_R_seed1,64,1,177,0.8611544370651245
N064_R_seed1,64,1,178,0.92340287566185
N064_R_seed1,64,1,179,0.9884592294692993
N064_R_seed1,64,1,180,1.011889010667801
N064_R_seed1,64,1,181,0.715152770280838
N064_R_seed1,64,1,182,0.8953447639942169
N064_R_seed1,64,1,183,0.9846751689910889
N064_R_seed1,64,1,184,1.0629586577415466
N064_R_seed1,64,1,185,0.9154796600341797
N064_R_seed1,64,1,186,0.9616377353668213
N064_R_seed1,64,1,187,0.911124050617218
N064_R_seed1,64,1,188,1.0486382842063904
N064_R_seed1,64,1,189,0.9864811301231384
N064_R_seed1,64,1,190,1.0099762678146362
N064_R_seed1,64,1,191,1.00838503241539
N064_R_seed1,64,1,192,0.9730609655380249
N064_R_seed1,64,1,193,0.9307443201541901
N064_R_seed1,64,1,194,0.9974332451820374
N064_R_seed1,64,1,195,0.8340621888637543
N064_R_seed1,64,1,196,0.946809321641922
N064_R_seed1,64,1,197,0.875973641872406
N064_R_seed1,64,1,198,0.8910865187644958
N064_R_seed1,64,1,199,0.9177898466587067
N064_R_seed1,64,1,200,0.9076325297355652
N064_R_seed1,64,1,201,0.8626474440097809
N064_R_seed1,64,1,202,0.7241234183311462
N064_R_seed1,64,1,203,0.880471408367157
N064_R_seed1,64,1,204,0.9482011795043945
N064_R_seed1,64,1,205,0.8155555129051208
N064_R_seed1,64,1,206,0.8453108072280884
N064_R_seed1,64,1,207,0.914428323507309
N064_R_seed1,64,1,208,0.7520882487297058
N064_R_seed1,64,1,209,0.991044819355011
N064_R_seed1,64,1,210,0.9654765725135803
N064_R_seed1,64,1,211,0.8061346411705017
N064_R_seed1,64,1,212,0.9135303795337677
N064_R_seed1,64,1,213,0.9232605695724487
N064_R_seed1,64,1,214,0.9504224359989166
N064_R_seed1,64,1,215,0.9223758578300476
N064_R_seed1,64,1,216,0.7042948007583618
N064_R_seed1,64,1,217,0.8677891790866852
N064_R_seed1,64,1,218,0.842658281326294
N064_R_seed1,64,1,219,0.8676640689373016
N064_R_seed1,64,1,220,0.8445038199424744
N064_R_seed1,64,1,221,0.7974859178066254
N064_R_seed1,64,1,222,0.8358549475669861
N064_R_seed1,64,1,223,0.6518645286560059
N064_R_seed1,64,1,224,0.7841401100158691
N064_R_seed1,64,1,225,0.7177206873893738
N064_R_seed1,64,1,226,0.7632155418395996
N064_R_seed1,64,1,227,0.7054917216300964
N064_R_seed1,64,1,228,0.7361677289009094
N064_R_seed1,64,1,229,0.8052939474582672
N064_R_seed1,64,1,230,0.8400741815567017
N064_R_seed1,64,1,231,0.9718739092350006
N064_R_seed1,64,1,232,1.0019094347953796
N064_R_seed1,64,1,233,0.7921077907085419
N064_R_seed1,64,1,234,0.6966933906078339
N064_R_seed1,64,1,235,0.8493346273899078
N064_R_seed1,64,1,236,0.7639962136745453
N064_R_seed1,64,1,237,0.7238989174365997
N064_R_seed1,64,1,238,0.7892651557922363
N064_R_seed1,64,1,239,0.7605489790439606
N064_R_seed1,64,1,240,0.8397778570652008
N064_R_seed1,64,1,241,0.792432963848114
N064_R_seed1,64,1,242,0.8379989862442017
N064_R_seed1,64,1,243,0.8522781133651733
N064_R_seed1,64,1,244,0.8381013870239258
N064_R_seed1,64,1,245,0.7232128977775574
N064_R_seed1,64,1,246,0.6716870963573456
N064_R_seed1,64,1,247,0.8748102486133575
N064_R_seed1,64,1,248,0.7008877098560333
N064_R_seed1,64,1,249,0.7635855674743652
N064_R_seed1,64,1,250,0.6270769238471985
N064_R_seed1,64,1,251,0.8337256014347076
N064_R_seed1,64,1,252,0.6405287683010101
N064_R_seed1,64,1,253,0.677900493144989
N064_R_seed1,64,1,254,0.7337507009506226
N064_R_seed1,64,1,255,0.6672320663928986
N064_R_seed1,64,1,256,0.6543957889080048
N064_R_seed1,64,1,257,0.9667772650718689
N064_R_seed1,64,1,258,0.6315605938434601
N064_R_seed1,64,1,259,0.8139209747314453
N064_R_seed1,64,1,260,0.650901585817337
N064_R_seed1,64,1,261,0.8996207416057587
N064_R_seed1,64,1,262,0.6751003861427307
N064_R_seed1,64,1,263,0.6742060482501984
N064_R_seed1,64,1,264,0.5917151868343353
N064_R_seed1,64,1,265,0.5432135164737701
N064_R_seed1,64,1,266,0.6552243828773499
N064_R_seed1,64,1,267,0.8604526221752167
N064_R_seed1,64,1,268,0.8852063119411469
N064_R_seed1,64,1,269,0.5703751146793365
N064_R_seed1,64,1,270,0.7166616320610046
N064_R_seed1,64,1,271,0.7345091104507446
N064_R_seed1,64,1,272,0.8572536408901215
N064_R_seed1,64,1,273,0.5839352607727051
N064_R_seed1,64,1,274,0.5945373177528381
N064_R_seed1,64,1,275,0.5214682519435883
N064_R_seed1,64,1,276,0.5790986120700836
N064_R_seed1,64,1,277,0.5645056515932083
N064_R_seed1,64,1,278,0.6139892935752869
N064_R_seed1,64,1,279,0.709259420633316
N064_R_seed1,64,1,280,0.5427628755569458
N064_R_seed1,64,1,281,0.7661082148551941
N064_R_seed1,64,1,282,0.5348795652389526
N064_R_seed1,64,1,283,0.5756793022155762
N064_R_seed1,64,1,284,0.5228227376937866
N064_R_seed1,64,1,285,0.647667407989502
N064_R_seed1,64,1,286,0.42624302208423615
N064_R_seed1,64,1,287,0.5791145861148834
N064_R_seed1,64,1,288,0.3703598529100418
N064_R_seed1,64,1,289,0.5944403111934662
N064_R_seed1,64,1,290,0.7344294190406799
N064_R_seed1,64,1,291,0.5237086415290833
N064_R_seed1,64,1,292,0.6018450558185577
N064_R_seed1,64,1,293,0.6581950485706329
N064_R_seed1,64,1,294,0.6607697904109955
N064_R_seed1,64,1,295,0.46239781379699707
N064_R_seed1,64,1,296,0.43367551267147064
N064_R_seed1,64,1,297,0.8033883571624756
N064_R_seed1,64,1,298,0.698791891336441
N064_R_seed1,64,1,299,0.6444116532802582
N064_R_seed1,64,1,300,0.6953702867031097
N064_R_seed1,64,1,301,0.5881336033344269
N064_R_seed1,64,1,302,0.3845579922199249
N064_R_seed1,64,1,303,0.5852112174034119
N064_R_seed1,64,1,304,0.5132822692394257
N064_R_seed1,64,1,305,0.5561938285827637
N064_R_seed1,64,1,306,0.5249684751033783
N064_R_seed1,64,1,307,0.5988782793283463
N064_R_seed1,64,1,308,0.39494818449020386
N064_R_seed1,64,1,309,0.5391188263893127
N064_R_seed1,64,1,310,0.510157898068428
N064_R_seed1,64,1,311,0.5810209065675735
N064_R_seed1,64,1,312,0.4599260538816452
N064_R_seed1,64,1,313,0.5228248536586761
N064_R_seed1,64,1,314,0.5741452872753143
N064_R_seed1,64,1,315,0.5653472244739532
N064_R_seed1,64,1,316,0.36547358334064484
N064_R_seed1,64,1,317,0.42899322509765625
N064_R_seed1,64,1,318,0.5136548727750778
N064_R_seed1,64,1,319,0.36606544256210327
N064_R_seed1,64,1,320,0.3979315012693405
N064_R_seed1,64,1,321,0.5584178119897842
N064_R_seed1,64,1,322,0.522686779499054
N064_R_seed1,64,1,323,0.3275420218706131
N064_R_seed1,64,1,324,0.47580431401729584
N064_R_seed1,64,1,325,0.3433844596147537
N064_R_seed1,64,1,326,0.5609382688999176
N064_R_seed1,64,1,327,0.23977162688970566
N064_R_seed1,64,1,328,0.4726920872926712
N064_R_seed1,64,1,329,0.3680887669324875
N064_R_seed1,64,1,330,0.2820262014865875
N064_R_seed1,64,1,331,0.40153300762176514
N064_R_seed1,64,1,332,0.8153541386127472
N064_R_seed1,64,1,333,0.4984620660543442
N064_R_seed1,64,1,334,0.4690410643815994
N064_R_seed1,64,1,335,0.46485450863838196
N064_R_seed1,64,1,336,0.5229606926441193
N064_R_seed1,64,1,337,0.33443042635917664
N064_R_seed1,64,1,338,0.35668081045150757
N064_R_seed1,64,1,339,0.3381280153989792
N064_R_seed1,64,1,340,0.3426324725151062
N064_R_seed1,64,1,341,0.37818898260593414
N064_R_seed1,64,1,342,0.6053606271743774
N064_R_seed1,64,1,343,0.6327738761901855
N064_R_seed1,64,1,344,0.3693646341562271
N064_R_seed1,64,1,345,0.4914599508047104
N064_R_seed1,64,1,346,0.5109191760420799
N064_R_seed1,64,1,347,0.5645970106124878
N064_R_seed1,64,1,348,0.3707340955734253
N064_R_seed1,64,1,349,0.5015585124492645
N064_R_seed1,64,1,350,0.41285625100135803
N064_R_seed1,64,1,351,0.41374532878398895
N064_R_seed1,64,1,352,0.34167465567588806
N064_R_seed1,64,1,353,0.36478112637996674
N064_R_seed1,64,1,354,0.5236294120550156
N064_R_seed1,64,1,355,0.3647957593202591
N064_R_seed1,64,1,356,0.35338743031024933
N064_R_seed1,64,1,357,0.40516485273838043
N064_R_seed1,64,1,358,0.3247402459383011
N064_R_seed1,64,1,359,0.43987607955932617
N064_R_seed1,64,1,360,0.28709399700164795
N064_R_seed1,64,1,361,0.4364301562309265
N064_R_seed1,64,1,362,0.45721180737018585
N064_R_seed1,64,1,363,0.3133834898471832
N064_R_seed1,64,1,364,0.29957297444343567
N064_R_seed1,64,1,365,0.3472590297460556
N064_R_seed1,64,1,366,0.5484650433063507
N064_R_seed1,64,1,367,0.2842423990368843
N064_R_seed1,64,1,368,0.7219688892364502
N064_R_seed1,64,1,369,0.303361713886261
N064_R_seed1,64,1,370,0.36213818192481995
N064_R_seed1,64,1,371,0.33249399065971375
N064_R_seed1,64,1,372,0.3758772313594818
N064_R_seed1,64,1,373,0.17560799419879913
N064_R_seed1,64,1,374,0.28754790127277374
N064_R_seed1,64,1,375,0.3609315901994705
N064_R_seed1,64,1,376,0.23514661192893982
N064_R_seed1,64,1,377,0.23217972368001938
N064_R_seed1,64,1,378,0.38791072368621826
N064_R_seed1,64,1,379,0.21749384701251984
N064_R_seed1,64,1,380,0.35180334746837616
N064_R_seed1,64,1,381,0.4632588028907776
N064_R_seed1,64,1,382,0.20795956999063492
N064_R_seed1,64,1,383,0.6642759442329407
N064_R_seed1,64,1,384,0.37142398953437805
N064_R_seed1,64,1,385,0.27369435131549835
N064_R_seed1,64,1,386,0.3833179920911789
N064_R_seed1,64,1,387,0.18854683637619019
N064_R_seed1,64,1,388,0.35800476372241974
N064_R_seed1,64,1,389,0.2545681893825531
N064_R_seed1,64,1,390,0.3137988746166229
N064_R_seed1,64,1,391,0.3489089161157608
N064_R_seed1,64,1,392,0.39754386246204376
N064_R_seed1,64,1,393,0.2966472655534744
N064_R_seed1,64,1,394,0.19805238395929337
N064_R_seed1,64,1,395,0.3473361134529114
N064_R_seed1,64,1,396,0.27207328379154205
N064_R_seed1,64,1,397,0.32380224764347076
N064_R_seed1,64,1,398,0.1859915852546692
N064_R_seed1,64,1,399,0.3565192222595215
N064_R_seed1,64,1,400,0.5171852260828018
N064_R_seed1,64,1,401,0.11645548045635223
N064_R_seed1,64,1,402,0.20933213829994202
N064_R_seed1,64,1,403,0.3540653735399246
N064_R_seed1,64,1,404,0.3035338670015335
N064_R_seed1,64,1,405,0.26573996990919113
N064_R_seed1,64,1,406,0.265241339802742
N064_R_seed1,64,1,407,0.22373875230550766
N064_R_seed1,64,1,408,0.31981392204761505
N064_R_seed1,64,1,409,0.2677530497312546
N064_R_seed1,64,1,410,0.4215141758322716
N064_R_seed1,64,1,411,0.24827900528907776
N064_R_seed1,64,1,412,0.395342156291008
N064_R_seed1,64,1,413,0.2136293575167656
N064_R_seed1,64,1,414,0.44930531829595566
N064_R_seed1,64,1,415,0.1948736608028412
N064_R_seed1,64,1,416,0.5282843187451363
N064_R_seed1,64,1,417,0.23680096864700317
N064_R_seed1,64,1,418,0.2173098474740982
N064_R_seed1,64,1,419,0.24827193468809128
N064_R_seed1,64,1,420,0.2540377303957939
N064_R_seed1,64,1,421,0.2069200947880745
N064_R_seed1,64,1,422,0.3360483944416046
N064_R_seed1,64,1,423,0.20518726110458374
N064_R_seed1,64,1,424,0.3771001398563385
N064_R_seed1,64,1,425,0.31018422544002533
N064_R_seed1,64,1,426,0.3333122134208679
N064_R_seed1,64,1,427,0.28274545818567276
N064_R_seed1,64,1,428,0.29648779332637787
N064_R_seed1,64,1,429,0.25642283260822296
N064_R_seed1,64,1,430,0.2336849495768547
N064_R_seed1,64,1,431,0.33045053482055664
N064_R_seed1,64,1,432,0.4224495589733124
N064_R_seed1,64,1,433,0.45749254524707794
N064_R_seed1,64,1,434,0.3633580803871155
N064_R_seed1,64,1,435,0.46872996538877487
N064_R_seed1,64,1,436,0.19256991893053055
N064_R_seed1,64,1,437,0.29043126106262207
N064_R_seed1,64,1,438,0.23595119267702103
N064_R_seed1,64,1,439,0.2715994119644165
N064_R_seed1,64,1,440,0.2055969089269638
N064_R_seed1,64,1,441,0.2499288246035576
N064_R_seed1,64,1,442,0.40111812949180603
N064_R_seed1,64,1,443,0.29389016330242157
N064_R_seed1,64,1,444,0.2832835465669632
N064_R_seed1,64,1,445,0.2567683607339859
N064_R_seed1,64,1,446,0.25574714690446854
N064_R_seed1,64,1,447,0.3388793617486954
N064_R_seed1,64,1,448,0.3097498267889023
N064_R_seed1,64,1,449,0.3261016607284546
N064_R_seed1,64,1,450,0.2987181767821312
N064_R_seed1,64,1,451,0.40248753875494003
N064_R_seed1,64,1,452,0.3717995434999466
N064_R_seed1,64,1,453,0.42361126840114594
N064_R_seed1,64,1,454,0.4964297264814377
N064_R_seed1,64,1,455,0.29640939831733704
N064_R_seed1,64,1,456,0.3756721466779709
N064_R_seed1,64,1,457,0.20929178595542908
N064_R_seed1,64,1,458,0.3007226437330246
N064_R_seed1,64,1,459,0.39403748512268066
N064_R_seed1,64,1,460,0.2464529126882553
N064_R_seed1,64,1,461,0.2105599343776703
N064_R_seed1,64,1,462,0.20295850932598114
N064_R_seed1,64,1,463,0.4490644037723541
N064_R_seed1,64,1,464,0.29563750326633453
N064_R_seed1,64,1,465,0.24149375408887863
N064_R_seed1,64,1,466,0.1785970777273178
N064_R_seed1,64,1,467,0.26138871163129807
N064_R_seed1,64,1,468,0.3045414239168167
N064_R_seed1,64,1,469,0.21900852769613266
N064_R_seed1,64,1,470,0.3445509672164917
N064_R_seed1,64,1,471,0.2662993147969246
N064_R_seed1,64,1,472,0.31165242195129395
N064_R_seed1,64,1,473,0.37196649610996246
N064_R_seed1,64,1,474,0.27072178572416306
N064_R_seed1,64,1,475,0.21091413497924805
N064_R_seed1,64,1,476,0.22472332417964935
N064_R_seed1,64,1,477,0.41222090274095535
N064_R_seed1,64,1,478,0.28717978298664093
N064_R_seed1,64,1,479,0.2347545176744461
N064_R_seed1,64,1,480,0.13209443539381027
N064_R_seed1,64,1,481,0.2866092622280121
N064_R_seed1,64,1,482,0.36329179257154465
N064_R_seed1,64,1,483,0.3150908201932907
N064_R_seed1,64,1,484,0.35673987865448
N064_R_seed1,64,1,485,0.33624687790870667
N064_R_seed1,64,1,486,0.49652495235204697
N064_R_seed1,64,1,487,0.2410520613193512
N064_R_seed1,64,1,488,0.22006161510944366
N064_R_seed1,64,1,489,0.4893282353878021
N064_R_seed1,64,1,490,0.2760547697544098
N064_R_seed1,64,1,491,0.33819781243801117
N064_R_seed1,64,1,492,0.2755066603422165
N064_R_seed1,64,1,493,0.18327732384204865
N064_R_seed1,64,1,494,0.21019276976585388
N064_R_seed1,64,1,495,0.4580232799053192
N064_R_seed1,64,1,496,0.28843768686056137
N064_R_seed1,64,1,497,0.27508870512247086
N064_R_seed1,64,1,498,0.40847235918045044
N064_R_seed1,64,1,499,0.26049791276454926
N064_R_seed1,64,1,500,0.26290029287338257
N064_R_seed1,64,1,501,0.22985701262950897
N064_R_seed1,64,1,502,0.2816724628210068
N064_R_seed1,64,1,503,0.37328632175922394
N064_R_seed1,64,1,504,0.44592656195163727
N064_R_seed1,64,1,505,0.22807583212852478
N064_R_seed1,64,1,506,0.2169232964515686
N064_R_seed1,64,1,507,0.21900620311498642
N064_R_seed1,64,1,508,0.23034008592367172
N064_R_seed1,64,1,509,0.1885472685098648
N064_R_seed1,64,1,510,0.19299820810556412
N064_R_seed1,64,1,511,0.12999993562698364
N064_R_seed1,64,1,512,0.27008017897605896
N064_R_seed1,64,1,513,0.19382761418819427
N064_R_seed1,64,1,514,0.13724389672279358
N064_R_seed1,64,1,515,0.34408576786518097
N064_R_seed1,64,1,516,0.5219518691301346
N064_R_seed1,64,1,517,0.2181519791483879
N064_R_seed1,64,1,518,0.20230244100093842
N064_R_seed1,64,1,519,0.4985455274581909
N064_R_seed1,64,1,520,0.4087109714746475
N064_R_seed1,64,1,521,0.3411630615592003
N064_R_seed1,64,1,522,0.2366374135017395
N064_R_seed1,64,1,523,0.405745767056942
N064_R_seed1,64,1,524,0.1995328962802887
N064_R_seed1,64,1,525,0.1952914223074913
N064_R_seed1,64,1,526,0.1853073537349701
N064_R_seed1,64,1,527,0.14414691552519798
N064_R_seed1,64,1,528,0.2979084402322769
N064_R_seed1,64,1,529,0.24853792041540146
N064_R_seed1,64,1,530,0.23730400204658508
N064_R_seed1,64,1,531,0.27274521440267563
N064_R_seed1,64,1,532,0.15774061903357506
N064_R_seed1,64,1,533,0.19321796298027039
N064_R_seed1,64,1,534,0.3028505817055702
N064_R_seed1,64,1,535,0.3273155987262726
N064_R_seed1,64,1,536,0.36281998455524445
N064_R_seed1,64,1,537,0.26250843703746796
N064_R_seed1,64,1,538,0.26898278295993805
N064_R_seed1,64,1,539,0.1641446352005005
N064_R_seed1,64,1,540,0.41647639870643616
N064_R_seed1,64,1,541,0.3611209988594055
N064_R_seed1,64,1,542,0.16638562083244324
N064_R_seed1,64,1,543,0.17805339395999908
N064_R_seed1,64,1,544,0.4089509844779968
N064_R_seed1,64,1,545,0.276125930249691
N064_R_seed1,64,1,546,0.22446157783269882
N064_R_seed1,64,1,547,0.20209207385778427
N064_R_seed1,64,1,548,0.424960121512413
N064_R_seed1,64,1,549,0.16716645658016205
N064_R_seed1,64,1,550,0.1867089681327343
N064_R_seed1,64,1,551,0.210750512778759
N064_R_seed1,64,1,552,0.34449590742588043
N064_R_seed1,64,1,553,0.2551860511302948
N064_R_seed1,64,1,554,0.1517009735107422
N064_R_seed1,64,1,555,0.19240710139274597
N064_R_seed1,64,1,556,0.2897399067878723
N064_R_seed1,64,1,557,0.1956261694431305
N064_R_seed1,64,1,558,0.28606143593788147
N064_R_seed1,64,1,559,0.23733896017074585
N064_R_seed1,64,1,560,0.24289435148239136
N064_R_seed1,64,1,561,0.2346206083893776
N064_R_seed1,64,1,562,0.3551892712712288
N064_R_seed1,64,1,563,0.44292040914297104
N064_R_seed1,64,1,564,0.18831777572631836
N064_R_seed1,64,1,565,0.17379367351531982
N064_R_seed1,64,1,566,0.17621808499097824
N064_R_seed1,64,1,567,0.1412075087428093
N064_R_seed1,64,1,568,0.21007847785949707
N064_R_seed1,64,1,569,0.31377358734607697
N064_R_seed1,64,1,570,0.21055039763450623
N064_R_seed1,64,1,571,0.19119998440146446
N064_R_seed1,64,1,572,0.1623828038573265
N064_R_seed1,64,1,573,0.19634273648262024
N064_R_seed1,64,1,574,0.24295037984848022
N064_R_seed1,64,1,575,0.09789810329675674
N064_R_seed1,64,1,576,0.22410385310649872
N064_R_seed1,64,1,577,0.21384316682815552
N064_R_seed1,64,1,578,0.28767451643943787
N064_R_seed1,64,1,579,0.2644987851381302
N064_R_seed1,64,1,580,0.3205607533454895
N064_R_seed1,64,1,581,0.49482157826423645
N064_R_seed1,64,1,582,0.26991578936576843
N064_R_seed1,64,1,583,0.15139645338058472
N064_R_seed1,64,1,584,0.24321022629737854
N064_R_seed1,64,1,585,0.2217928022146225
N064_R_seed1,64,1,586,0.32583654671907425
N064_R_seed1,64,1,587,0.1813914254307747
N064_R_seed1,64,1,588,0.2601917088031769
N064_R_seed1,64,1,589,0.20038771629333496
N064_R_seed1,64,1,590,0.43068090081214905
N064_R_seed1,64,1,591,0.3226682245731354
N064_R_seed1,64,1,592,0.2960882931947708
N064_R_seed1,64,1,593,0.25624172389507294
N064_R_seed1,64,1,594,0.19719142466783524
N064_R_seed1,64,1,595,0.1661069169640541
N064_R_seed1,64,1,596,0.17916645109653473
N064_R_seed1,64,1,597,0.24410605430603027
N064_R_seed1,64,1,598,0.2608538419008255
N064_R_seed1,64,1,599,0.23553553223609924
N064_R_seed1,64,1,600,0.3703921288251877
N064_R_seed1,64,1,601,0.33511772751808167
N064_R_seed1,64,1,602,0.13861051201820374
N064_R_seed1,64,1,603,0.14899637177586555
N064_R_seed1,64,1,604,0.20699875801801682
N064_R_seed1,64,1,605,0.1591266691684723
N064_R_seed1,64,1,606,0.19152239710092545
N064_R_seed1,64,1,607,0.2462056651711464
N064_R_seed1,64,1,608,0.40656037628650665
N064_R_seed1,64,1,609,0.17225275188684464
N064_R_seed1,64,1,610,0.23723462969064713
N064_R_seed1,64,1,611,0.15699968487024307
N064_R_seed1,64,1,612,0.2109273374080658
N064_R_seed1,64,1,613,0.30386923253536224
N064_R_seed1,64,1,614,0.3198620304465294
N064_R_seed1,64,1,615,0.19514843821525574
N064_R_seed1,64,1,616,0.2157035768032074
N064_R_seed1,64,1,617,0.14773064851760864
N064_R_seed1,64,1,618,0.3064993694424629
N064_R_seed1,64,1,619,0.2747652232646942
N064_R_seed1,64,1,620,0.2652852348983288
N064_R_seed1,64,1,621,0.2039867863059044
N064_R_seed1,64,1,622,0.14764975756406784
N064_R_seed1,64,1,623,0.27282778173685074
N064_R_seed1,64,1,624,0.11822783946990967
N064_R_seed1,64,1,625,0.2790438160300255
N064_R_seed1,64,1,626,0.20932314544916153
N064_R_seed1,64,1,627,0.18321284651756287
N064_R_seed1,64,1,628,0.19646480679512024
N064_R_seed1,64,1,629,0.19230642169713974
N064_R_seed1,64,1,630,0.208555169403553
N064_R_seed1,64,1,631,0.4848785698413849
N064_R_seed1,64,1,632,0.14223552495241165
N064_R_seed1,64,1,633,0.19538594782352448
N064_R_seed1,64,1,634,0.5719508826732635
N064_R_seed1,64,1,635,0.21324272453784943
N064_R_seed1,64,1,636,0.2332865595817566
N064_R_seed1,64,1,637,0.18676720559597015
N064_R_seed1,64,1,638,0.13786984980106354
N064_R_seed1,64,1,639,0.1907457374036312
N064_R_seed1,64,1,640,0.36732616275548935
N064_R_seed1,64,1,641,0.14802508056163788
N064_R_seed1,64,1,642,0.19821760058403015
N064_R_seed1,64,1,643,0.21212788671255112
N064_R_seed1,64,1,644,0.21505039185285568
N064_R_seed1,64,1,645,0.29790209233760834
N064_R_seed1,64,1,646,0.1695561483502388
N064_R_seed1,64,1,647,0.14350257813930511
N064_R_seed1,64,1,648,0.15920814126729965
N064_R_seed1,64,1,649,0.14396458864212036
N064_R_seed1,64,1,650,0.27656862139701843
N064_R_seed1,64,1,651,0.2065199613571167
N064_R_seed1,64,1,652,0.34471195936203003
N064_R_seed1,64,1,653,0.155669666826725
N064_R_seed1,64,1,654,0.34655242413282394
N064_R_seed1,64,1,655,0.1982605680823326
N064_R_seed1,64,1,656,0.16981428861618042
N064_R_seed1,64,1,657,0.207768052816391
N064_R_seed1,64,1,658,0.27216434478759766
N064_R_seed1,64,1,659,0.22092487663030624
N064_R_seed1,64,1,660,0.08431032672524452
N064_R_seed1,64,1,661,0.15315818041563034
N064_R_seed1,64,1,662,0.22902385145425797
N064_R_seed1,64,1,663,0.16244002431631088
N064_R_seed1,64,1,664,0.1571132093667984
N064_R_seed1,64,1,665,0.2607145830988884
N064_R_seed1,64,1,666,0.18895785883069038
N064_R_seed1,64,1,667,0.2006121277809143
N064_R_seed1,64,1,668,0.19008386135101318
N064_R_seed1,64,1,669,0.24755124747753143
N064_R_seed1,64,1,670,0.30283257365226746
N064_R_seed1,64,1,671,0.26724887639284134
N064_R_seed1,64,1,672,0.1478847786784172
N064_R_seed1,64,1,673,0.21272147446870804
N064_R_seed1,64,1,674,0.20465412735939026
N064_R_seed1,64,1,675,0.13837234675884247
N064_R_seed1,64,1,676,0.16766071319580078
N064_R_seed1,64,1,677,0.12918490916490555
N064_R_seed1,64,1,678,0.26952337846159935
N064_R_seed1,64,1,679,0.2415444552898407
N064_R_seed1,64,1,680,0.11868880689144135
N064_R_seed1,64,1,681,0.16666676104068756
N064_R_seed1,64,1,682,0.13791293650865555
N064_R_seed1,64,1,683,0.18861527740955353
N064_R_seed1,64,1,684,0.17691205814480782
N064_R_seed1,64,1,685,0.18338114768266678
N064_R_seed1,64,1,686,0.18284619599580765
N064_R_seed1,64,1,687,0.16344156861305237
N064_R_seed1,64,1,688,0.23376111686229706
N064_R_seed1,64,1,689,0.5100289881229401
N064_R_seed1,64,1,690,0.3681219518184662
N064_R_seed1,64,1,691,0.31589749455451965
N064_R_seed1,64,1,692,0.2416132688522339
N064_R_seed1,64,1,693,0.17800353094935417
N064_R_seed1,64,1,694,0.12565407529473305
N064_R_seed1,64,1,695,0.20389717817306519
N064_R_seed1,64,1,696,0.23124518990516663
N064_R_seed1,64,1,697,0.15371166169643402
N064_R_seed1,64,1,698,0.32382210344076157
N064_R_seed1,64,1,699,0.1623149961233139
N064_R_seed1,64,1,700,0.138767521828413
N064_R_seed1,64,1,701,0.13010238111019135
N064_R_seed1,64,1,702,0.15128079801797867
N064_R_seed1,64,1,703,0.19211573898792267
N064_R_seed1,64,1,704,0.24912938475608826
N064_R_seed1,64,1,705,0.29916442185640335
N064_R_seed1,64,1,706,0.23528266698122025
N064_R_seed1,64,1,707,0.16657738387584686
N064_R_seed1,64,1,708,0.13676190003752708
N064_R_seed1,64,1,709,0.3173658102750778
N064_R_seed1,64,1,710,0.16490745544433594
N064_R_seed1,64,1,711,0.1714903563261032
N064_R_seed1,64,1,712,0.12199254333972931
N064_R_seed1,64,1,713,0.17788194119930267
N064_R_seed1,64,1,714,0.1409008949995041
N064_R_seed1,64,1,715,0.27021804451942444
N064_R_seed1,64,1,716,0.446039542555809
N064_R_seed1,64,1,717,0.09773815050721169
N064_R_seed1,64,1,718,0.2748366594314575
N064_R_seed1,64,1,719,0.16520307213068008
N064_R_seed1,64,1,720,0.1868850365281105
N064_R_seed1,64,1,721,0.23785387724637985
N064_R_seed1,64,1,722,0.3128184378147125
N064_R_seed1,64,1,723,0.19307557493448257
N064_R_seed1,64,1,724,0.15794317796826363
N064_R_seed1,64,1,725,0.13141899928450584
N064_R_seed1,64,1,726,0.3017470985651016
N064_R_seed1,64,1,727,0.2559835612773895
N064_R_seed1,64,1,728,0.20073463767766953
N064_R_seed1,64,1,729,0.1619015336036682
N064_R_seed1,64,1,730,0.14524544030427933
N064_R_seed1,64,1,731,0.1727742925286293
N064_R_seed1,64,1,732,0.18968089669942856
N064_R_seed1,64,1,733,0.1587374061346054
N064_R_seed1,64,1,734,0.2935999184846878
N064_R_seed1,64,1,735,0.21719525009393692
N064_R_seed1,64,1,736,0.20456808060407639
N064_R_seed1,64,1,737,0.14652571827173233
N064_R_seed1,64,1,738,0.16712864488363266
N064_R_seed1,64,1,739,0.1613846868276596
N064_R_seed1,64,1,740,0.11950542405247688
N064_R_seed1,64,1,741,0.1411377266049385
N064_R_seed1,64,1,742,0.16051660478115082
N064_R_seed1,64,1,743,0.12991288304328918
N064_R_seed1,64,1,744,0.1233159527182579
N064_R_seed1,64,1,745,0.15347715467214584
N064_R_seed1,64,1,746,0.3884274326264858
N064_R_seed1,64,1,747,0.19684169441461563
N064_R_seed1,64,1,748,0.1605318821966648
N064_R_seed1,64,1,749,0.243840754032135
N064_R_seed1,64,1,750,0.2387712597846985
N064_R_seed1,64,1,751,0.1931294947862625
N064_R_seed1,64,1,752,0.3914368338882923
N064_R_seed1,64,1,753,0.27693454921245575
N064_R_seed1,64,1,754,0.27577701210975647
N064_R_seed1,64,1,755,0.2411671057343483
N064_R_seed1,64,1,756,0.21950645744800568
N064_R_seed1,64,1,757,0.17585057765245438
N064_R_seed1,64,1,758,0.10186648368835449
N064_R_seed1,64,1,759,0.10576781630516052
N064_R_seed1,64,1,760,0.23533381521701813
N064_R_seed1,64,1,761,0.137884683907032
N064_R_seed1,64,1,762,0.2708812803030014
N064_R_seed1,64,1,763,0.1276605799794197
N064_R_seed1,64,1,764,0.3437732756137848
N064_R_seed1,64,1,765,0.227047860622406
N064_R_seed1,64,1,766,0.22267291694879532
N064_R_seed1,64,1,767,0.1425885558128357
N064_R_seed1,64,1,768,0.11815869435667992
N064_R_seed1,64,1,769,0.14641015976667404
N064_R_seed1,64,1,770,0.11639250442385674
N064_R_seed1,64,1,771,0.09175791591405869
N064_R_seed1,64,1,772,0.13513242825865746
N064_R_seed1,64,1,773,0.20088839530944824
N064_R_seed1,64,1,774,0.22919461876153946
N064_R_seed1,64,1,775,0.3035620450973511
N064_R_seed1,64,1,776,0.20711952447891235
N064_R_seed1,64,1,777,0.23153652250766754
N064_R_seed1,64,1,778,0.0959867350757122
N064_R_seed1,64,1,779,0.15940646454691887
N064_R_seed1,64,1,780,0.21222760528326035
N064_R_seed1,64,1,781,0.1501033827662468
N064_R_seed1,64,1,782,0.21956228464841843
N064_R_seed1,64,1,783,0.17995556443929672
N064_R_seed1,64,1,784,0.18337906152009964
N064_R_seed1,64,1,785,0.30781979858875275
N064_R_seed1,64,1,786,0.1461765207350254
N064_R_seed1,64,1,787,0.21251778304576874
N064_R_seed1,64,1,788,0.14573150873184204
N064_R_seed1,64,1,789,0.41830840706825256
N064_R_seed1,64,1,790,0.1389421671628952
N064_R_seed1,64,1,791,0.2485715001821518
N064_R_seed1,64,1,792,0.11434100568294525
N064_R_seed1,64,1,793,0.13290906697511673
N064_R_seed1,64,1,794,0.16261477023363113
N064_R_seed1,64,1,795,0.15989839285612106
N064_R_seed1,64,1,796,0.22200676798820496
N064_R_seed1,64,1,797,0.2153077833354473
N064_R_seed1,64,1,798,0.11638037860393524
N064_R_seed1,64,1,799,0.2934028059244156
N064_R_seed1,64,1,800,0.07027744129300117
N064_R_seed1,64,1,801,0.1576274186372757
N064_R_seed1,64,1,802,0.15121915936470032
N064_R_seed1,64,1,803,0.20583192259073257
N064_R_seed1,64,1,804,0.18974708020687103
N064_R_seed1,64,1,805,0.14518844336271286
N064_R_seed1,64,1,806,0.19797701388597488
N064_R_seed1,64,1,807,0.10881633311510086
N064_R_seed1,64,1,808,0.19425491988658905
N064_R_seed1,64,1,809,0.4132927730679512
N064_R_seed1,64,1,810,0.24990607798099518
N064_R_seed1,64,1,811,0.2266903966665268
N064_R_seed1,64,1,812,0.15837770327925682
N064_R_seed1,64,1,813,0.14733025431632996
N064_R_seed1,64,1,814,0.13312245532870293
N064_R_seed1,64,1,815,0.1068429946899414
N064_R_seed1,64,1,816,0.1576467901468277
N064_R_seed1,64,1,817,0.1793154627084732
N064_R_seed1,64,1,818,0.09234600141644478
N064_R_seed1,64,1,819,0.14735811203718185
N064_R_seed1,64,1,820,0.19173502922058105
N064_R_seed1,64,1,821,0.08488482981920242
N064_R_seed1,64,1,822,0.179973267018795
N064_R_seed1,64,1,823,0.1629309207201004
N064_R_seed1,64,1,824,0.16212252527475357
N064_R_seed1,64,1,825,0.17862153053283691
N064_R_seed1,64,1,826,0.1872817873954773
N064_R_seed1,64,1,827,0.12305272370576859
N064_R_seed1,64,1,828,0.1683546081185341
N064_R_seed1,64,1,829,0.19542648643255234
N064_R_seed1,64,1,830,0.15350256487727165
N064_R_seed1,64,1,831,0.1899605095386505
N064_R_seed1,64,1,832,0.14058074355125427
N064_R_seed1,64,1,833,0.18801211565732956
N064_R_seed1,64,1,834,0.1749122440814972
N064_R_seed1,64,1,835,0.19576101005077362
N064_R_seed1,64,1,836,0.1492515504360199
N064_R_seed1,64,1,837,0.14249788597226143
N064_R_seed1,64,1,838,0.15126460045576096
N064_R_seed1,64,1,839,0.16531912237405777
N064_R_seed1,64,1,840,0.2935757339000702
N064_R_seed1,64,1,841,0.21213067322969437
N064_R_seed1,64,1,842,0.16435562819242477
N064_R_seed1,64,1,843,0.16286351531744003
N064_R_seed1,64,1,844,0.20675887167453766
N064_R_seed1,64,1,845,0.2773924022912979
N064_R_seed1,64,1,846,0.1461542770266533
N064_R_seed1,64,1,847,0.17817377299070358
N064_R_seed1,64,1,848,0.3054732531309128
N064_R_seed1,64,1,849,0.11064590513706207
N064_R_seed1,64,1,850,0.17127567529678345
N064_R_seed1,64,1,851,0.1976580023765564
N064_R_seed1,64,1,852,0.09740603342652321
N064_R_seed1,64,1,853,0.17359312623739243
N064_R_seed1,64,1,854,0.1034569963812828
N064_R_seed1,64,1,855,0.33168812096118927
N064_R_seed1,64,1,856,0.31172217428684235
N064_R_seed1,64,1,857,0.09294436126947403
N064_R_seed1,64,1,858,0.1118253618478775
N064_R_seed1,64,1,859,0.16510480269789696
N064_R_seed1,64,1,860,0.21899795904755592
N064_R_seed1,64,1,861,0.2021307870745659
N064_R_seed1,64,1,862,0.16552965342998505
N064_R_seed1,64,1,863,0.19763289391994476
N064_R_seed1,64,1,864,0.11901796981692314
N064_R_seed1,64,1,865,0.2815469428896904
N064_R_seed1,64,1,866,0.1720769852399826
N064_R_seed1,64,1,867,0.1821284182369709
N064_R_seed1,64,1,868,0.10668047145009041
N064_R_seed1,64,1,869,0.1783827841281891
N064_R_seed1,64,1,870,0.18618422001600266
N064_R_seed1,64,1,871,0.18184466660022736
N064_R_seed1,64,1,872,0.13382833451032639
N064_R_seed1,64,1,873,0.1264064833521843
N064_R_seed1,64,1,874,0.10778829082846642
N064_R_seed1,64,1,875,0.1298716589808464
N064_R_seed1,64,1,876,0.14202279224991798
N064_R_seed1,64,1,877,0.27131908386945724
N064_R_seed1,64,1,878,0.14446790888905525
N064_R_seed1,64,1,879,0.18789079040288925
N064_R_seed1,64,1,880,0.17433365806937218
N064_R_seed1,64,1,881,0.119228795170784
N064_R_seed1,64,1,882,0.09386759251356125
N064_R_seed1,64,1,883,0.1212881300598383
N064_R_seed1,64,1,884,0.1431775987148285
N064_R_seed1,64,1,885,0.21324840188026428
N064_R_seed1,64,1,886,0.15328117460012436
N064_R_seed1,64,1,887,0.07633747905492783
N064_R_seed1,64,1,888,0.11270919814705849
N064_R_seed1,64,1,889,0.2464333027601242
N064_R_seed1,64,1,890,0.1557580567896366
N064_R_seed1,64,1,891,0.1695772185921669
N064_R_seed1,64,1,892,0.17777123302221298
N064_R_seed1,64,1,893,0.1197449341416359
N064_R_seed1,64,1,894,0.30660230666399
N064_R_seed1,64,1,895,0.15012329816818237
N064_R_seed1,64,1,896,0.21332810819149017
N064_R_seed1,64,1,897,0.15069277584552765
N064_R_seed1,64,1,898,0.10278618708252907
N064_R_seed1,64,1,899,0.15637825429439545
N064_R_seed1,64,1,900,0.13981584459543228
N064_R_seed1,64,1,901,0.16363310813903809
N064_R_seed1,64,1,902,0.25140686333179474
N064_R_seed1,64,1,903,0.22374848648905754
N064_R_seed1,64,1,904,0.23835095763206482
N064_R_seed1,64,1,905,0.1857565939426422
N064_R_seed1,64,1,906,0.3426474407315254
N064_R_seed1,64,1,907,0.3002254590392113
N064_R_seed1,64,1,908,0.21588987112045288
N064_R_seed1,64,1,909,0.21638760715723038
N064_R_seed1,64,1,910,0.16369108110666275
N064_R_seed1,64,1,911,0.1859884187579155
N064_R_seed1,64,1,912,0.19472412765026093
N064_R_seed1,64,1,913,0.17660227417945862
N064_R_seed1,64,1,914,0.18900160491466522
N064_R_seed1,64,1,915,0.11426272243261337
N064_R_seed1,64,1,916,0.18750745803117752
N064_R_seed1,64,1,917,0.17712225019931793
N064_R_seed1,64,1,918,0.2044336274266243
N064_R_seed1,64,1,919,0.11905815452337265
N064_R_seed1,64,1,920,0.12371735647320747
N064_R_seed1,64,1,921,0.24859298765659332
N064_R_seed1,64,1,922,0.29461685568094254
N064_R_seed1,64,1,923,0.07660764455795288
N064_R_seed1,64,1,924,0.17511697486042976
N064_R_seed1,64,1,925,0.11103705316781998
N064_R_seed1,64,1,926,0.3517977297306061
N064_R_seed1,64,1,927,0.15478010475635529
N064_R_seed1,64,1,928,0.15077393874526024
N064_R_seed1,64,1,929,0.21879617124795914
N064_R_seed1,64,1,930,0.3411138467490673
N064_R_seed1,64,1,931,0.15806696563959122
N064_R_seed1,64,1,932,0.22960948944091797
N064_R_seed1,64,1,933,0.18805783241987228
N064_R_seed1,64,1,934,0.16072919592261314
N064_R_seed1,64,1,935,0.16271834075450897
N064_R_seed1,64,1,936,0.10853372886776924
N064_R_seed1,64,1,937,0.282757468521595
N064_R_seed1,64,1,938,0.14226145669817924
N064_R_seed1,64,1,939,0.18153903633356094
N064_R_seed1,64,1,940,0.16933408379554749
N064_R_seed1,64,1,941,0.12811115011572838
N064_R_seed1,64,1,942,0.19928593188524246
N064_R_seed1,64,1,943,0.17332711070775986
N064_R_seed1,64,1,944,0.2737075686454773
N064_R_seed1,64,1,945,0.14714737236499786
N064_R_seed1,64,1,946,0.1350451409816742
N064_R_seed1,64,1,947,0.09698710963129997
N064_R_seed1,64,1,948,0.18508347868919373
N064_R_seed1,64,1,949,0.11703122407197952
N064_R_seed1,64,1,950,0.1996334195137024
N064_R_seed1,64,1,951,0.1759263128042221
N064_R_seed1,64,1,952,0.1348535716533661
N064_R_seed1,64,1,953,0.2171221524477005
N064_R_seed1,64,1,954,0.16402319818735123
N064_R_seed1,64,1,955,0.2645415812730789
N064_R_seed1,64,1,956,0.3023173362016678
N064_R_seed1,64,1,957,0.09572659432888031
N064_R_seed1,64,1,958,0.20784269273281097
N064_R_seed1,64,1,959,0.14745647460222244
N064_R_seed1,64,1,960,0.18166866153478622
N064_R_seed1,64,1,961,0.14106079936027527
N064_R_seed1,64,1,962,0.13277189433574677
N064_R_seed1,64,1,963,0.3170076385140419
N064_R_seed1,64,1,964,0.2680414319038391
N064_R_seed1,64,1,965,0.10328233614563942
N064_R_seed1,64,1,966,0.24043428897857666
N064_R_seed1,64,1,967,0.13339416682720184
N064_R_seed1,64,1,968,0.18738792836666107
N064_R_seed1,64,1,969,0.08779609575867653
N064_R_seed1,64,1,970,0.08791597932577133
N064_R_seed1,64,1,971,0.27528952062129974
N064_R_seed1,64,1,972,0.16890346258878708
N064_R_seed1,64,1,973,0.21135317534208298
N064_R_seed1,64,1,974,0.1474319025874138
N064_R_seed1,64,1,975,0.16800906136631966
N064_R_seed1,64,1,976,0.08950132131576538
N064_R_seed1,64,1,977,0.12677787989377975
N064_R_seed1,64,1,978,0.1519218385219574
N064_R_seed1,64,1,979,0.13381832093000412
N064_R_seed1,64,1,980,0.2670581787824631
N064_R_seed1,64,1,981,0.13452518358826637
N064_R_seed1,64,1,982,0.2040330395102501
N064_R_seed1,64,1,983,0.16864580288529396
N064_R_seed1,64,1,984,0.1384974680840969
N064_R_seed1,64,1,985,0.3644399046897888
N064_R_seed1,64,1,986,0.4130822718143463
N064_R_seed1,64,1,987,0.33755434304475784
N064_R_seed1,64,1,988,0.12058310583233833
N064_R_seed1,64,1,989,0.1967426836490631
N064_R_seed1,64,1,990,0.08586497977375984
N064_R_seed1,64,1,991,0.18944595009088516
N064_R_seed1,64,1,992,0.15471317246556282
N064_R_seed1,64,1,993,0.09958896040916443
N064_R_seed1,64,1,994,0.2371852546930313
N064_R_seed1,64,1,995,0.2988097257912159
N064_R_seed1,64,1,996,0.2664765268564224
N064_R_seed1,64,1,997,0.14471545070409775
N064_R_seed1,64,1,998,0.2255615070462227
N064_R_seed1,64,1,999,0.15973886102437973
N064_R_seed1,64,1,1000,0.413730651140213
